1 0 181 5450 0 0 0 0 0 0 0 0 0 0 0 0 8 8 0.00 0.00 0.00 0.00 1.00 0.00 0.00 9 9 1.00 0.00 0.11 0.00 0.00 0.00 0.00 0.00
1 0 239 486 0 0 0 0 0 0 0 0 0 0 0 0 8 8 0.00 0.00 0.00 0.00 1.00 0.00 0.00 19 19 1.00 0.00 0.05 0.00 0.00 0.00 0.00 0.00
1 0 235 1337 0 0 0 0 0 0 0 0 0 0 0 0 8 8 0.00 0.00 0.00 0.00 1.00 0.00 0.00 29 29 1.00 0.00 0.03 0.00 0.00 0.00 0.00 0.00
1 0 219 1337 0 0 0 0 0 0 0 0 0 0 0 0 6 6 0.00 0.00 0.00 0.00 1.00 0.00 0.00 39 39 1.00 0.00 0.03 0.00 0.00 0.00 0.00 0.00
1 0 217 2032 0 0 0 0 0 0 0 0 0 0 0 0 6 6 0.00 0.00 0.00 0.00 1.00 0.00 0.00 49 49 1.00 0.00 0.02 0.00 0.00 0.00 0.00 0.00
1 0 217 2032 0 0 0 0 0 0 0 0 0 0 0 0 6 6 0.00 0.00 0.00 0.00 1.00 0.00 0.00 59 59 1.00 0.00 0.02 0.00 0.00 0.00 0.00 0.00
1 0 212 1940 0 0 0 0 0 0 0 0 0 0 0 0 1 2 0.00 0.00 0.00 0.00 1.00 0.00 1.00 1 69 1.00 0.00 1.00 0.04 0.00 0.00 0.00 0.00
1 0 159 4087 0 0 0 0 0 0 0 0 0 0 0 0 5 5 0.00 0.00 0.00 0.00 1.00 0.00 0.00 11 79 1.00 0.00 0.09 0.04 0.00 0.00 0.00 0.00
1 0 210 151 0 0 0 0 0 0 0 0 0 0 0 0 8 8 0.00 0.00 0.00 0.00 1.00 0.00 0.00 8 89 1.00 0.00 0.12 0.04 0.00 0.00 0.00 0.00
1 0 212 786 0 0 1 0 0 0 0 0 0 0 0 0 8 8 0.00 0.00 0.00 0.00 1.00 0.00 0.00 8 99 1.00 0.00 0.12 0.05 0.00 0.00 0.00 0.00
1 0 210 624 0 0 0 0 0 0 0 0 0 0 0 0 18 18 0.00 0.00 0.00 0.00 1.00 0.00 0.00 18 109 1.00 0.00 0.06 0.05 0.00 0.00 0.00 0.00
1 0 177 1985 0 0 0 0 0 0 0 0 0 0 0 0 1 1 0.00 0.00 0.00 0.00 1.00 0.00 0.00 28 119 1.00 0.00 0.04 0.04 0.00 0.00 0.00 0.00
1 0 222 773 0 0 0 0 0 0 0 0 0 0 0 0 11 11 0.00 0.00 0.00 0.00 1.00 0.00 0.00 38 129 1.00 0.00 0.03 0.04 0.00 0.00 0.00 0.00
1 0 256 1169 0 0 0 0 0 0 0 0 0 0 0 0 4 4 0.00 0.00 0.00 0.00 1.00 0.00 0.00 4 139 1.00 0.00 0.25 0.04 0.00 0.00 0.00 0.00
1 0 241 259 0 0 0 0 0 0 0 0 0 0 0 0 1 1 0.00 0.00 0.00 0.00 1.00 0.00 0.00 14 149 1.00 0.00 0.07 0.04 0.00 0.00 0.00 0.00
1 0 260 1837 0 0 0 0 0 0 0 0 0 0 0 0 11 11 0.00 0.00 0.00 0.00 1.00 0.00 0.00 24 159 1.00 0.00 0.04 0.04 0.00 0.00 0.00 0.00
1 0 241 261 0 0 0 0 0 0 0 0 0 0 0 0 2 2 0.00 0.00 0.00 0.00 1.00 0.00 0.00 34 169 1.00 0.00 0.03 0.04 0.00 0.00 0.00 0.00
1 0 257 818 0 0 0 0 0 0 0 0 0 0 0 0 12 12 0.00 0.00 0.00 0.00 1.00 0.00 0.00 44 179 1.00 0.00 0.02 0.03 0.00 0.00 0.00 0.00
1 0 233 255 0 0 0 0 0 0 0 0 0 0 0 0 2 8 0.00 0.00 0.00 0.00 1.00 0.00 0.25 54 189 1.00 0.00 0.02 0.03 0.00 0.00 0.00 0.00
1 0 233 504 0 0 0 0 0 0 0 0 0 0 0 0 7 7 0.00 0.00 0.00 0.00 1.00 0.00 0.00 64 199 1.00 0.00 0.02 0.03 0.00 0.00 0.00 0.00
1 0 256 1273 0 0 0 0 0 0 0 0 0 0 0 0 17 17 0.00 0.00 0.00 0.00 1.00 0.00 0.00 74 209 1.00 0.00 0.01 0.03 0.00 0.00 0.00 0.00
1 0 234 255 0 0 0 0 0 0 0 0 0 0 0 0 5 5 0.00 0.00 0.00 0.00 1.00 0.00 0.00 84 219 1.00 0.00 0.01 0.03 0.00 0.00 0.00 0.00
1 0 241 259 0 0 0 0 0 0 0 0 0 0 0 0 12 12 0.00 0.00 0.00 0.00 1.00 0.00 0.00 94 229 1.00 0.00 0.01 0.03 0.00 0.00 0.00 0.00
1 0 239 968 0 0 0 0 0 0 0 0 0 0 0 0 3 3 0.00 0.00 0.00 0.00 1.00 0.00 0.00 3 239 1.00 0.00 0.33 0.03 0.00 0.00 0.00 0.00
1 0 245 1919 0 0 0 0 0 0 0 0 0 0 0 0 13 13 0.00 0.00 0.00 0.00 1.00 0.00 0.00 13 249 1.00 0.00 0.08 0.03 0.00 0.00 0.00 0.00
1 0 248 2129 0 0 0 0 0 0 0 0 0 0 0 0 23 23 0.00 0.00 0.00 0.00 1.00 0.00 0.00 23 255 1.00 0.00 0.04 0.03 0.00 0.00 0.00 0.00
1 0 354 1752 0 0 0 0 0 0 0 0 0 0 0 0 2 2 0.00 0.00 0.00 0.00 1.00 0.00 0.00 5 255 1.00 0.00 0.20 0.04 0.00 0.00 0.00 0.00
1 0 193 3991 0 0 0 0 0 0 0 0 0 0 0 0 1 1 0.00 0.00 0.00 0.00 1.00 0.00 0.00 1 255 1.00 0.00 1.00 0.05 0.00 0.00 0.00 0.00
1 0 214 14959 0 0 0 0 0 0 0 0 0 0 0 0 6 6 0.00 0.00 0.00 0.00 1.00 0.00 0.00 11 255 1.00 0.00 0.09 0.05 0.00 0.00 0.00 0.00
1 0 212 1309 0 0 0 0 0 0 0 0 0 0 0 0 2 10 0.00 0.00 0.00 0.00 1.00 0.00 0.20 21 255 1.00 0.00 0.05 0.05 0.00 0.00 0.00 0.00
1 0 215 3670 0 0 0 0 0 0 0 0 0 0 0 0 3 3 0.00 0.00 0.00 0.00 1.00 0.00 0.00 31 255 1.00 0.00 0.03 0.05 0.00 0.00 0.00 0.00
1 0 217 18434 0 0 0 0 0 0 0 0 0 0 0 0 2 2 0.00 0.00 0.00 0.00 1.00 0.00 0.00 41 255 1.00 0.00 0.02 0.05 0.00 0.00 0.00 0.00
1 0 205 424 0 0 0 0 0 0 0 0 0 0 0 0 2 25 0.00 0.00 0.00 0.00 1.00 0.00 0.12 2 255 1.00 0.00 0.50 0.05 0.00 0.00 0.00 0.00
1 0 155 424 0 0 0 0 0 0 0 0 0 0 0 0 3 13 0.00 0.00 0.00 0.00 1.00 0.00 0.15 12 255 1.00 0.00 0.08 0.05 0.00 0.00 0.00 0.00
1 0 202 424 0 0 0 0 0 0 0 0 0 0 0 0 3 3 0.00 0.00 0.00 0.00 1.00 0.00 0.00 22 255 1.00 0.00 0.05 0.05 0.00 0.00 0.00 0.00
1 0 235 6627 0 0 0 0 0 0 0 0 0 0 0 0 1 1 0.00 0.00 0.00 0.00 1.00 0.00 0.00 32 255 1.00 0.00 0.03 0.05 0.00 0.00 0.00 0.00
1 0 259 3917 0 0 0 0 0 0 0 0 0 0 0 0 1 1 0.00 0.00 0.00 0.00 1.00 0.00 0.00 42 255 1.00 0.00 0.02 0.05 0.00 0.00 0.00 0.00
1 0 301 2653 0 0 0 0 0 0 0 0 0 0 0 0 2 2 0.00 0.00 0.00 0.00 1.00 0.00 0.00 52 255 1.00 0.00 0.02 0.05 0.00 0.00 0.00 0.00
1 0 322 424 0 0 0 0 0 0 0 0 0 0 0 0 2 2 0.00 0.00 0.00 0.00 1.00 0.00 0.00 62 255 1.00 0.00 0.02 0.05 0.00 0.00 0.00 0.00
1 0 370 520 0 0 0 0 0 0 0 0 0 0 0 0 3 3 0.00 0.00 0.00 0.00 1.00 0.00 0.00 72 255 1.00 0.00 0.01 0.04 0.00 0.00 0.00 0.00
1 0 370 520 0 0 0 0 0 0 0 0 0 0 0 0 3 3 0.00 0.00 0.00 0.00 1.00 0.00 0.00 82 255 1.00 0.00 0.01 0.04 0.00 0.00 0.00 0.00
1 0 172 5884 0 0 0 0 0 0 0 0 0 0 0 0 6 6 0.00 0.00 0.00 0.00 1.00 0.00 0.00 10 255 1.00 0.00 0.10 0.05 0.00 0.00 0.00 0.00
1 0 264 16123 0 0 0 0 0 0 0 0 0 0 0 0 2 13 0.00 0.00 0.00 0.00 1.00 0.00 0.23 20 255 1.00 0.00 0.05 0.05 0.00 0.00 0.00 0.00
1 0 255 1948 0 0 0 0 0 0 0 0 0 0 0 0 4 14 0.00 0.00 0.00 0.00 1.00 0.00 0.14 30 255 1.00 0.00 0.03 0.05 0.00 0.00 0.00 0.00
1 0 274 19790 0 0 0 0 0 0 0 0 0 0 0 0 6 6 0.00 0.00 0.00 0.00 1.00 0.00 0.00 40 255 1.00 0.00 0.03 0.05 0.00 0.00 0.00 0.00
1 0 313 293 0 0 0 0 0 0 0 0 0 0 0 0 3 3 0.00 0.00 0.00 0.00 1.00 0.00 0.00 3 255 1.00 0.00 0.33 0.05 0.00 0.00 0.00 0.00
1 0 145 4466 0 0 0 0 0 0 0 0 0 0 0 0 4 4 0.00 0.00 0.00 0.00 1.00 0.00 0.00 13 255 1.00 0.00 0.08 0.05 0.00 0.00 0.00 0.00
1 0 290 460 0 0 0 0 0 0 0 0 0 0 0 0 1 1 0.00 0.00 0.00 0.00 1.00 0.00 0.00 23 255 1.00 0.00 0.04 0.05 0.00 0.00 0.00 0.00
1 0 309 17798 0 0 0 0 0 0 0 0 0 0 0 0 2 2 0.00 0.00 0.00 0.00 1.00 0.00 0.00 2 255 1.00 0.00 0.50 0.06 0.00 0.00 0.00 0.00
1 0 317 2075 0 0 0 0 0 0 0 0 0 0 0 0 4 4 0.00 0.00 0.00 0.00 1.00 0.00 0.00 8 255 1.00 0.00 0.12 0.06 0.00 0.00 0.00 0.00
1 0 300 42747 0 0 0 0 0 0 0 0 0 0 0 0 4 5 0.00 0.00 0.00 0.00 1.00 0.00 0.40 18 255 1.00 0.00 0.06 0.06 0.00 0.00 0.00 0.00
1 0 307 1377 0 0 0 0 0 0 0 0 0 0 0 0 8 8 0.00 0.00 0.00 0.00 1.00 0.00 0.00 8 255 1.00 0.00 0.12 0.06 0.00 0.00 0.00 0.00
1 0 309 1030 0 0 0 0 0 0 0 0 0 0 0 0 18 18 0.00 0.00 0.00 0.00 1.00 0.00 0.00 18 255 1.00 0.00 0.06 0.05 0.00 0.00 0.00 0.00
1 0 306 1030 0 0 0 0 0 0 0 0 0 0 0 0 28 28 0.00 0.00 0.00 0.00 1.00 0.00 0.00 28 255 1.00 0.00 0.04 0.04 0.00 0.00 0.00 0.00
1 0 237 1691 0 0 0 0 0 0 0 0 0 0 0 0 10 10 0.00 0.00 0.00 0.00 1.00 0.00 0.00 10 255 1.00 0.00 0.10 0.05 0.00 0.00 0.00 0.00
1 0 237 2964 0 0 0 0 0 0 0 0 0 0 0 0 7 7 0.00 0.00 0.00 0.00 1.00 0.00 0.00 20 255 1.00 0.00 0.05 0.05 0.00 0.00 0.00 0.00
1 0 239 1691 0 0 0 0 0 0 0 0 0 0 0 0 4 4 0.00 0.00 0.00 0.00 1.00 0.00 0.00 30 255 1.00 0.00 0.03 0.05 0.00 0.00 0.00 0.00
1 0 160 170 0 0 0 0 0 0 0 0 0 0 0 0 1 1 0.00 0.00 0.00 0.00 1.00 0.00 0.00 1 255 1.00 0.00 1.00 0.05 0.00 0.00 0.00 0.00
1 0 231 2281 0 0 0 0 0 0 0 0 0 0 0 0 9 10 0.00 0.00 0.00 0.00 1.00 0.00 0.20 11 255 1.00 0.00 0.09 0.04 0.00 0.00 0.00 0.00
1 0 227 1247 0 0 0 0 0 0 0 0 0 0 0 0 19 20 0.00 0.00 0.00 0.00 1.00 0.00 0.10 21 255 1.00 0.00 0.05 0.04 0.00 0.00 0.00 0.00
1 0 232 8766 0 0 0 0 0 0 0 0 0 0 0 0 10 10 0.00 0.00 0.00 0.00 1.00 0.00 0.00 31 255 1.00 0.00 0.03 0.04 0.00 0.00 0.00 0.00
1 0 233 3609 0 0 0 0 0 0 0 0 0 0 0 0 6 6 0.00 0.00 0.00 0.00 1.00 0.00 0.00 41 255 1.00 0.00 0.02 0.04 0.00 0.00 0.00 0.00
1 0 236 468 0 0 0 0 0 0 0 0 0 0 0 0 16 17 0.00 0.00 0.00 0.00 1.00 0.00 0.12 51 255 1.00 0.00 0.02 0.04 0.00 0.00 0.00 0.00
1 0 322 8766 0 0 0 0 0 0 0 0 0 0 0 0 7 7 0.00 0.00 0.00 0.00 1.00 0.00 0.00 61 255 1.00 0.00 0.02 0.04 0.00 0.00 0.00 0.00
1 0 327 2112 0 0 0 0 0 0 0 0 0 0 0 0 17 17 0.00 0.00 0.00 0.00 1.00 0.00 0.00 71 255 1.00 0.00 0.01 0.04 0.00 0.00 0.00 0.00
1 0 225 2063 0 0 0 0 0 0 0 0 0 0 0 0 8 8 0.00 0.00 0.00 0.00 1.00 0.00 0.00 81 255 1.00 0.00 0.01 0.04 0.00 0.00 0.00 0.00
1 0 224 1658 0 0 0 0 0 0 0 0 0 0 0 0 18 18 0.00 0.00 0.00 0.00 1.00 0.00 0.00 91 255 1.00 0.00 0.01 0.04 0.00 0.00 0.00 0.00
1 0 224 3609 0 0 0 0 0 0 0 0 0 0 0 0 9 10 0.00 0.00 0.00 0.00 1.00 0.00 0.20 101 255 1.00 0.00 0.02 0.04 0.00 0.00 0.00 0.00
1 0 230 2118 0 0 0 0 0 0 0 0 0 0 0 0 19 20 0.00 0.00 0.00 0.00 1.00 0.00 0.10 111 255 1.00 0.00 0.02 0.04 0.00 0.00 0.00 0.00
1 0 239 304 0 0 0 0 0 0 0 0 0 0 0 0 10 20 0.00 0.00 0.00 0.00 1.00 0.00 0.20 121 255 1.00 0.00 0.01 0.04 0.00 0.00 0.00 0.00
1 0 240 2164 0 0 0 0 0 0 0 0 0 0 0 0 6 34 0.00 0.00 0.00 0.00 1.00 0.00 0.06 131 255 1.00 0.00 0.01 0.03 0.00 0.00 0.00 0.00
1 0 237 2112 0 0 0 0 0 0 0 0 0 0 0 0 16 33 0.00 0.00 0.00 0.00 1.00 0.00 0.06 141 255 1.00 0.00 0.01 0.03 0.00 0.00 0.00 0.00
1 0 229 304 0 0 0 0 0 0 0 0 0 0 0 0 7 7 0.00 0.00 0.00 0.00 1.00 0.00 0.00 151 255 1.00 0.00 0.01 0.03 0.00 0.00 0.00 0.00
1 0 164 4460 0 0 0 0 0 0 0 0 0 0 0 0 17 18 0.00 0.00 0.00 0.00 1.00 0.00 0.11 161 255 1.00 0.00 0.01 0.02 0.00 0.00 0.00 0.00
1 0 242 2118 0 0 0 0 0 0 0 0 0 0 0 0 27 28 0.00 0.00 0.00 0.00 1.00 0.00 0.07 171 255 1.00 0.00 0.01 0.02 0.00 0.00 0.00 0.00
1 0 238 296 0 0 0 0 0 0 0 0 0 0 0 0 4 10 0.00 0.00 0.00 0.00 1.00 0.00 0.20 181 255 1.00 0.00 0.01 0.02 0.00 0.00 0.00 0.00
1 0 238 2112 0 0 0 0 0 0 0 0 0 0 0 0 14 20 0.00 0.00 0.00 0.00 1.00 0.00 0.10 191 255 1.00 0.00 0.01 0.01 0.00 0.00 0.00 0.00
1 0 208 2000 0 0 0 0 0 0 0 0 0 0 0 0 5 19 0.00 0.00 0.00 0.00 1.00 0.00 0.16 201 255 1.00 0.00 0.00 0.01 0.00 0.00 0.00 0.00
1 0 213 2164 0 0 0 0 0 0 0 0 0 0 0 0 15 34 0.00 0.00 0.00 0.00 1.00 0.00 0.12 211 255 1.00 0.00 0.00 0.01 0.00 0.00 0.00 0.00
1 0 297 2000 0 0 0 0 0 0 0 0 0 0 0 0 6 6 0.00 0.00 0.00 0.00 1.00 0.00 0.00 221 255 1.00 0.00 0.00 0.01 0.00 0.00 0.00 0.00
1 0 302 2164 0 0 0 0 0 0 0 0 0 0 0 0 16 16 0.00 0.00 0.00 0.00 1.00 0.00 0.00 231 255 1.00 0.00 0.00 0.01 0.00 0.00 0.00 0.00
1 0 310 2195 0 0 0 0 0 0 0 0 0 0 0 0 7 7 0.00 0.00 0.00 0.00 1.00 0.00 0.00 241 255 1.00 0.00 0.00 0.01 0.00 0.00 0.00 0.00
1 0 314 2298 0 0 0 0 0 0 0 0 0 0 0 0 3 9 0.00 0.00 0.00 0.00 1.00 0.00 0.22 251 255 1.00 0.00 0.00 0.01 0.00 0.00 0.00 0.00
1 0 309 296 0 0 0 0 0 0 0 0 0 0 0 0 13 19 0.00 0.00 0.00 0.00 1.00 0.00 0.11 255 255 1.00 0.00 0.00 0.00 0.00 0.00 0.00 0.00
1 0 307 468 0 0 0 0 0 0 0 0 0 0 0 0 9 14 0.00 0.00 0.00 0.00 1.00 0.00 0.14 255 255 1.00 0.00 0.00 0.00 0.00 0.00 0.00 0.00
1 0 310 304 0 0 0 0 0 0 0 0 0 0 0 0 5 5 0.00 0.00 0.00 0.00 1.00 0.00 0.00 255 255 1.00 0.00 0.00 0.00 0.00 0.00 0.00 0.00
1 0 187 4460 0 0 0 0 0 0 0 0 0 0 0 0 1 1 0.00 0.00 0.00 0.00 1.00 0.00 0.00 255 255 1.00 0.00 0.00 0.00 0.00 0.00 0.00 0.00
1 0 201 3421 0 0 0 0 0 0 0 0 0 0 0 0 11 11 0.00 0.00 0.00 0.00 1.00 0.00 0.00 255 255 1.00 0.00 0.00 0.00 0.00 0.00 0.00 0.00
1 0 155 2026 0 0 0 0 0 0 0 0 0 0 0 0 2 2 0.00 0.00 0.00 0.00 1.00 0.00 0.00 255 255 1.00 0.00 0.00 0.00 0.00 0.00 0.00 0.00
1 0 222 1981 0 0 0 0 0 0 0 0 0 0 0 0 12 12 0.00 0.00 0.00 0.00 1.00 0.00 0.00 255 255 1.00 0.00 0.00 0.00 0.00 0.00 0.00 0.00
1 0 219 2000 0 0 0 0 0 0 0 0 0 0 0 0 8 8 0.00 0.00 0.00 0.00 1.00 0.00 0.00 255 255 1.00 0.00 0.00 0.00 0.00 0.00 0.00 0.00
1 0 220 304 0 0 0 0 0 0 0 0 0 0 0 0 4 7 0.00 0.00 0.00 0.00 1.00 0.00 0.29 255 255 1.00 0.00 0.00 0.00 0.00 0.00 0.00 0.00
1 0 230 2395 0 0 0 0 0 0 0 0 0 0 0 0 14 18 0.00 0.00 0.00 0.00 1.00 0.00 0.11 255 255 1.00 0.00 0.00 0.00 0.00 0.00 0.00 0.00
1 0 221 2112 0 0 0 0 0 0 0 0 0 0 0 0 10 10 0.00 0.00 0.00 0.00 1.00 0.00 0.00 255 255 1.00 0.00 0.00 0.00 0.00 0.00 0.00 0.00
1 0 329 1735 0 0 0 0 0 0 0 0 0 0 0 0 2 11 0.00 0.00 0.00 0.00 1.00 0.00 0.18 2 255 1.00 0.00 0.50 0.01 0.00 0.00 0.00 0.00
1 0 337 330 0 0 0 0 0 0 0 0 0 0 0 0 12 12 0.00 0.00 0.00 0.00 1.00 0.00 0.00 12 255 1.00 0.00 0.08 0.01 0.00 0.00 0.00 0.00
1 0 293 38125 0 0 0 0 0 0 0 0 0 0 0 0 22 22 0.00 0.00 0.00 0.00 1.00 0.00 0.00 22 255 1.00 0.00 0.05 0.01 0.00 0.00 0.00 0.00
1 0 171 280 0 0 0 0 0 0 0 0 0 0 0 0 1 26 0.00 0.00 0.00 0.00 1.00 0.00 0.08 6 255 1.00 0.00 0.17 0.02 0.00 0.00 0.00 0.00
1 0 178 1973 0 0 0 0 0 0 0 0 0 0 0 0 2 2 0.00 0.00 0.00 0.00 1.00 0.00 0.00 16 255 1.00 0.00 0.06 0.02 0.00 0.00 0.00 0.00
1 0 331 8415 0 0 0 0 0 0 0 0 0 0 0 0 2 2 0.00 0.00 0.00 0.00 1.00 0.00 0.00 26 255 1.00 0.00 0.04 0.02 0.00 0.00 0.00 0.00
1 0 314 308 0 0 0 0 0 0 0 0 0 0 0 0 4 23 0.00 0.00 0.00 0.00 1.00 0.00 0.09 4 255 1.00 0.00 0.25 0.03 0.00 0.00 0.00 0.00
1 0 330 13179 0 0 0 0 0 0 0 0 0 0 0 0 1 1 0.00 0.00 0.00 0.00 1.00 0.00 0.00 14 255 1.00 0.00 0.07 0.03 0.00 0.00 0.00 0.00
1 0 341 1473 0 0 0 0 0 0 0 0 0 0 0 0 7 7 0.00 0.00 0.00 0.00 1.00 0.00 0.00 24 255 1.00 0.00 0.04 0.03 0.00 0.00 0.00 0.00
1 0 302 3966 0 0 0 0 0 0 0 0 0 0 0 0 4 4 0.00 0.00 0.00 0.00 1.00 0.00 0.00 34 255 1.00 0.00 0.03 0.03 0.00 0.00 0.00 0.00
1 0 172 524 0 0 0 0 0 0 0 0 0 0 0 0 2 34 0.00 0.00 0.00 0.00 1.00 0.00 0.06 10 255 1.00 0.00 0.10 0.03 0.00 0.00 0.00 0.00
1 0 218 13340 0 0 0 0 0 0 0 0 0 0 0 0 2 2 0.00 0.00 0.00 0.00 1.00 0.00 0.00 2 255 1.00 0.00 0.50 0.04 0.00 0.00 0.00 0.00
1 0 223 384 0 0 0 0 0 0 0 0 0 0 0 0 5 5 0.00 0.00 0.00 0.00 1.00 0.00 0.00 5 255 1.00 0.00 0.20 0.04 0.00 0.00 0.00 0.00
1 0 232 1302 0 0 0 0 0 0 0 0 0 0 0 0 4 4 0.00 0.00 0.00 0.00 1.00 0.00 0.00 4 255 1.00 0.00 0.25 0.05 0.00 0.00 0.00 0.00
1 0 220 8970 0 0 0 0 0 0 0 0 0 0 0 0 14 14 0.00 0.00 0.00 0.00 1.00 0.00 0.00 14 255 1.00 0.00 0.07 0.05 0.00 0.00 0.00 0.00
1 0 228 2917 0 0 0 0 0 0 0 0 0 0 0 0 10 29 0.00 0.00 0.00 0.00 1.00 0.00 0.07 24 255 1.00 0.00 0.04 0.05 0.00 0.00 0.00 0.00
1 0 232 1302 0 0 0 0 0 0 0 0 0 0 0 0 4 4 0.00 0.00 0.00 0.00 1.00 0.00 0.00 34 255 1.00 0.00 0.03 0.05 0.00 0.00 0.00 0.00
1 0 229 4966 0 0 0 0 0 0 0 0 0 0 0 0 14 14 0.00 0.00 0.00 0.00 1.00 0.00 0.00 44 255 1.00 0.00 0.02 0.05 0.00 0.00 0.00 0.00
1 0 204 8970 0 0 0 0 0 0 0 0 0 0 0 0 10 10 0.00 0.00 0.00 0.00 1.00 0.00 0.00 54 255 1.00 0.00 0.02 0.05 0.00 0.00 0.00 0.00
1 0 212 4433 0 0 0 0 0 0 0 0 0 0 0 0 6 6 0.00 0.00 0.00 0.00 1.00 0.00 0.00 64 255 1.00 0.00 0.02 0.05 0.00 0.00 0.00 0.00
1 0 224 1302 0 0 0 0 0 0 0 0 0 0 0 0 2 2 0.00 0.00 0.00 0.00 1.00 0.00 0.00 74 255 1.00 0.00 0.01 0.05 0.00 0.00 0.00 0.00
1 0 215 1869 0 0 0 0 0 0 0 0 0 0 0 0 10 14 0.00 0.00 0.00 0.00 1.00 0.00 0.14 84 255 1.00 0.00 0.01 0.05 0.00 0.00 0.00 0.00
1 0 267 14496 0 0 0 0 0 0 0 0 0 0 0 0 3 8 0.00 0.00 0.00 0.00 1.00 0.00 0.25 3 255 1.00 0.00 0.33 0.06 0.00 0.00 0.00 0.00
1 0 284 43129 0 0 0 0 0 0 0 0 0 0 0 0 3 3 0.00 0.00 0.00 0.00 1.00 0.00 0.00 13 255 1.00 0.00 0.08 0.06 0.00 0.00 0.00 0.00
1 0 307 3727 0 0 0 0 0 0 0 0 0 0 0 0 6 6 0.00 0.00 0.00 0.00 1.00 0.00 0.00 23 255 1.00 0.00 0.04 0.06 0.00 0.00 0.00 0.00
1 0 212 43129 0 0 0 0 0 0 0 0 0 0 0 0 2 2 0.00 0.00 0.00 0.00 1.00 0.00 0.00 33 255 1.00 0.00 0.03 0.05 0.00 0.00 0.00 0.00
1 0 267 9317 0 0 0 0 0 0 0 0 0 0 0 0 2 2 0.00 0.00 0.00 0.00 1.00 0.00 0.00 43 255 1.00 0.00 0.02 0.05 0.00 0.00 0.00 0.00
1 0 156 4027 0 0 0 0 0 0 0 0 0 0 0 0 3 17 0.00 0.00 0.00 0.00 1.00 0.00 0.12 53 255 1.00 0.00 0.02 0.05 0.00 0.00 0.00 0.00
1 0 218 437 0 0 0 0 0 0 0 0 0 0 0 0 6 6 0.00 0.00 0.00 0.00 1.00 0.00 0.00 63 255 1.00 0.00 0.02 0.04 0.00 0.00 0.00 0.00
1 0 298 9442 0 0 0 0 0 0 0 0 0 0 0 0 4 4 0.00 0.00 0.00 0.00 1.00 0.00 0.00 73 255 1.00 0.00 0.01 0.04 0.00 0.00 0.00 0.00
1 0 257 4027 0 0 0 0 0 0 0 0 0 0 0 0 7 7 0.00 0.00 0.00 0.00 1.00 0.00 0.00 83 255 1.00 0.00 0.01 0.04 0.00 0.00 0.00 0.00
1 0 141 4027 0 0 0 0 0 0 0 0 0 0 0 0 1 1 0.00 0.00 0.00 0.00 1.00 0.00 0.00 93 255 1.00 0.00 0.01 0.04 0.00 0.00 0.00 0.00
1 0 213 261 0 0 0 0 0 0 0 0 0 0 0 0 1 1 0.00 0.00 0.00 0.00 1.00 0.00 0.00 103 255 1.00 0.00 0.01 0.04 0.00 0.00 0.00 0.00
1 0 284 43129 0 0 0 0 0 0 0 0 0 0 0 0 4 4 0.00 0.00 0.00 0.00 1.00 0.00 0.00 113 255 1.00 0.00 0.01 0.04 0.00 0.00 0.00 0.00
1 0 183 8654 0 0 0 0 0 0 0 0 0 0 0 0 4 4 0.25 0.25 0.00 0.00 1.00 0.00 0.00 123 255 1.00 0.00 0.01 0.04 0.01 0.00 0.00 0.00
1 0 191 3727 0 0 0 0 0 0 0 0 0 0 0 0 1 1 0.00 0.00 0.00 0.00 1.00 0.00 0.00 133 255 1.00 0.00 0.01 0.03 0.01 0.00 0.00 0.00
1 0 183 8654 0 0 0 0 0 0 0 0 0 0 0 0 4 4 0.00 0.00 0.00 0.00 1.00 0.00 0.00 143 255 1.00 0.00 0.01 0.03 0.01 0.00 0.00 0.00
1 0 207 6192 0 0 0 0 0 0 0 0 0 0 0 0 7 7 0.00 0.00 0.00 0.00 1.00 0.00 0.00 7 255 1.00 0.00 0.14 0.02 0.00 0.00 0.00 0.00
1 0 234 18000 0 0 0 0 0 0 0 0 0 0 0 0 3 3 0.00 0.00 0.00 0.00 1.00 0.00 0.00 17 255 1.00 0.00 0.06 0.02 0.00 0.00 0.00 0.00
1 0 297 5246 0 0 0 0 0 0 0 0 0 0 0 0 2 2 0.00 0.00 0.00 0.00 1.00 0.00 0.00 27 255 1.00 0.00 0.04 0.02 0.00 0.00 0.00 0.00
1 0 230 3512 0 0 0 0 0 0 0 0 0 0 0 0 3 3 0.00 0.00 0.00 0.00 1.00 0.00 0.00 3 255 1.00 0.00 0.33 0.02 0.00 0.00 0.00 0.00
1 0 288 1105 0 0 0 0 0 0 0 0 0 0 0 0 1 1 0.00 0.00 0.00 0.00 1.00 0.00 0.00 13 255 1.00 0.00 0.08 0.02 0.00 0.00 0.00 0.00
1 0 317 6333 0 0 0 0 0 0 0 0 0 0 0 0 8 8 0.00 0.00 0.00 0.00 1.00 0.00 0.00 23 255 1.00 0.00 0.04 0.02 0.00 0.00 0.00 0.00
1 0 342 11368 0 0 0 0 0 0 0 0 0 0 0 0 3 3 0.00 0.00 0.00 0.00 1.00 0.00 0.00 3 255 1.00 0.00 0.33 0.02 0.00 0.00 0.00 0.00
1 0 342 5401 0 0 0 0 0 0 0 0 0 0 0 0 13 13 0.00 0.00 0.00 0.00 1.00 0.00 0.00 13 255 1.00 0.00 0.08 0.02 0.00 0.00 0.00 0.00
1 0 339 10250 0 0 0 0 0 0 0 0 0 0 0 0 23 23 0.00 0.00 0.00 0.00 1.00 0.00 0.00 23 255 1.00 0.00 0.04 0.02 0.00 0.00 0.00 0.00
1 0 284 2810 0 0 0 0 0 0 0 0 0 0 0 0 1 1 0.00 0.00 0.00 0.00 1.00 0.00 0.00 1 255 1.00 0.00 1.00 0.04 0.00 0.00 0.00 0.00
1 0 208 471 0 0 0 0 0 0 0 0 0 0 0 0 8 8 0.00 0.00 0.00 0.00 1.00 0.00 0.00 8 255 1.00 0.00 0.12 0.04 0.00 0.00 0.00 0.00
1 0 198 471 0 0 0 0 0 0 0 0 0 0 0 0 3 6 0.00 0.00 0.00 0.00 1.00 0.00 0.33 18 255 1.00 0.00 0.06 0.03 0.00 0.00 0.00 0.00
1 0 208 15642 0 0 0 0 0 0 0 0 0 0 0 0 5 5 0.00 0.00 0.00 0.00 1.00 0.00 0.00 5 255 1.00 0.00 0.20 0.04 0.00 0.00 0.00 0.00
1 0 226 74301 0 0 0 0 0 0 0 0 0 0 0 0 4 4 0.00 0.00 0.00 0.00 1.00 0.00 0.00 15 255 1.00 0.00 0.07 0.04 0.00 0.00 0.00 0.00
1 0 284 2081 0 0 0 0 0 0 0 0 0 0 0 0 5 5 0.00 0.00 0.00 0.00 1.00 0.00 0.00 25 255 1.00 0.00 0.04 0.04 0.00 0.00 0.00 0.00
1 0 212 6107 0 0 0 0 0 0 0 0 0 0 0 0 7 7 0.00 0.00 0.00 0.00 1.00 0.00 0.00 35 255 1.00 0.00 0.03 0.04 0.00 0.00 0.00 0.00
1 0 198 2081 0 0 0 0 0 0 0 0 0 0 0 0 7 7 0.00 0.00 0.00 0.00 1.00 0.00 0.00 45 255 1.00 0.00 0.02 0.04 0.00 0.00 0.00 0.00
1 0 319 5036 0 0 0 0 0 0 0 0 0 0 0 0 1 1 0.00 0.00 0.00 0.00 1.00 0.00 0.00 1 255 1.00 0.00 1.00 0.04 0.00 0.01 0.00 0.00
1 0 285 25519 0 0 0 0 0 0 0 0 0 0 0 0 4 4 0.00 0.00 0.00 0.00 1.00 0.00 0.00 4 255 1.00 0.00 0.25 0.04 0.00 0.01 0.00 0.00
1 0 324 1875 0 0 0 0 0 0 0 0 0 0 0 0 2 2 0.00 0.00 0.00 0.00 1.00 0.00 0.00 14 255 1.00 0.00 0.07 0.04 0.00 0.01 0.00 0.00
1 0 322 1721 0 0 0 0 0 0 0 0 0 0 0 0 12 12 0.00 0.00 0.00 0.00 1.00 0.00 0.00 24 255 1.00 0.00 0.04 0.04 0.00 0.01 0.00 0.00
1 0 162 3253 0 0 0 0 0 0 0 0 0 0 0 0 1 1 0.00 0.00 0.00 0.00 1.00 0.00 0.00 34 255 1.00 0.00 0.03 0.04 0.00 0.01 0.00 0.00
1 0 233 1645 0 0 0 0 0 0 0 0 0 0 0 0 7 7 0.00 0.00 0.00 0.00 1.00 0.00 0.00 44 255 1.00 0.00 0.02 0.04 0.00 0.01 0.00 0.00
1 0 228 3798 0 0 0 0 0 0 0 0 0 0 0 0 2 2 0.00 0.00 0.00 0.00 1.00 0.00 0.00 54 255 1.00 0.00 0.02 0.04 0.00 0.00 0.00 0.00
1 0 233 1694 0 0 0 0 0 0 0 0 0 0 0 0 12 12 0.00 0.00 0.00 0.00 1.00 0.00 0.00 64 255 1.00 0.00 0.02 0.04 0.00 0.00 0.00 0.00
1 0 306 1721 0 0 0 0 0 0 0 0 0 0 0 0 5 5 0.00 0.00 0.00 0.00 1.00 0.00 0.00 74 255 1.00 0.00 0.01 0.04 0.00 0.00 0.00 0.00
1 0 285 25519 0 0 0 0 0 0 0 0 0 0 0 0 2 2 0.00 0.00 0.00 0.00 1.00 0.00 0.00 84 255 1.00 0.00 0.01 0.04 0.00 0.00 0.00 0.00
1 0 309 909 0 0 0 0 0 0 0 0 0 0 0 0 8 8 0.00 0.00 0.00 0.00 1.00 0.00 0.00 94 255 1.00 0.00 0.01 0.04 0.00 0.00 0.00 0.00
1 0 297 1645 0 0 0 0 0 0 0 0 0 0 0 0 3 3 0.00 0.00 0.00 0.00 1.00 0.00 0.00 104 255 1.00 0.00 0.01 0.04 0.00 0.00 0.00 0.00
1 0 295 1680 0 0 0 0 0 0 0 0 0 0 0 0 13 13 0.00 0.00 0.00 0.00 1.00 0.00 0.00 114 255 1.00 0.00 0.01 0.04 0.00 0.00 0.00 0.00
1 0 253 1680 0 0 0 0 0 0 0 0 0 0 0 0 2 5 0.00 0.00 0.00 0.00 1.00 0.00 0.40 124 255 1.00 0.00 0.01 0.04 0.00 0.00 0.00 0.00
1 0 257 1695 0 0 0 0 0 0 0 0 0 0 0 0 12 15 0.00 0.00 0.00 0.00 1.00 0.00 0.13 134 255 1.00 0.00 0.01 0.04 0.00 0.00 0.00 0.00
1 0 229 1484 0 0 0 0 0 0 0 0 0 0 0 0 1 1 0.00 0.00 0.00 0.00 1.00 0.00 0.00 144 255 1.00 0.00 0.01 0.03 0.00 0.00 0.00 0.00
1 0 234 1713 0 0 0 0 0 0 0 0 0 0 0 0 11 11 0.00 0.00 0.00 0.00 1.00 0.00 0.00 154 255 1.00 0.00 0.01 0.03 0.00 0.00 0.00 0.00
1 0 219 1651 0 0 0 0 0 0 0 0 0 0 0 0 4 6 0.00 0.00 0.00 0.00 1.00 0.00 0.33 164 255 1.00 0.00 0.01 0.03 0.00 0.00 0.00 0.00
1 0 212 24572 0 0 0 0 0 0 0 0 0 0 0 0 1 1 0.00 0.00 0.00 0.00 1.00 0.00 0.00 174 255 1.00 0.00 0.01 0.02 0.00 0.00 0.00 0.00
1 0 236 1680 0 0 0 0 0 0 0 0 0 0 0 0 3 3 0.00 0.00 0.00 0.00 1.00 0.00 0.00 184 255 1.00 0.00 0.01 0.02 0.00 0.00 0.00 0.00
1 0 234 1651 0 0 0 0 0 0 0 0 0 0 0 0 13 13 0.00 0.00 0.00 0.00 1.00 0.00 0.00 194 255 1.00 0.00 0.01 0.01 0.00 0.00 0.00 0.00
1 0 223 1719 0 0 0 0 0 0 0 0 0 0 0 0 10 10 0.00 0.00 0.00 0.00 1.00 0.00 0.00 204 255 1.00 0.00 0.00 0.01 0.00 0.00 0.00 0.00
1 0 232 1721 0 0 0 0 0 0 0 0 0 0 0 0 7 7 0.00 0.00 0.00 0.00 1.00 0.00 0.00 214 255 1.00 0.00 0.00 0.01 0.00 0.00 0.00 0.00
1 0 247 1680 0 0 0 0 0 0 0 0 0 0 0 0 2 2 0.00 0.00 0.00 0.00 1.00 0.00 0.00 224 255 1.00 0.00 0.00 0.01 0.00 0.00 0.00 0.00
1 0 246 1694 0 0 0 0 0 0 0 0 0 0 0 0 12 12 0.00 0.00 0.00 0.00 1.00 0.00 0.00 234 255 1.00 0.00 0.00 0.01 0.00 0.00 0.00 0.00
1 0 259 1108 0 0 0 0 0 0 0 0 0 0 0 0 9 9 0.00 0.00 0.00 0.00 1.00 0.00 0.00 244 255 1.00 0.00 0.00 0.01 0.00 0.00 0.00 0.00
1 0 163 3253 0 0 0 0 0 0 0 0 0 0 0 0 1 1 0.00 0.00 0.00 0.00 1.00 0.00 0.00 254 255 1.00 0.00 0.00 0.01 0.00 0.00 0.00 0.00
1 0 231 1718 0 0 0 0 0 0 0 0 0 0 0 0 7 7 0.00 0.00 0.00 0.00 1.00 0.00 0.00 255 255 1.00 0.00 0.00 0.00 0.00 0.00 0.00 0.00
1 0 212 24572 0 0 0 0 0 0 0 0 0 0 0 0 2 2 0.00 0.00 0.00 0.00 1.00 0.00 0.00 255 255 1.00 0.00 0.00 0.00 0.00 0.00 0.00 0.00
1 0 247 1719 0 0 0 0 0 0 0 0 0 0 0 0 8 8 0.00 0.00 0.00 0.00 1.00 0.00 0.00 255 255 1.00 0.00 0.00 0.00 0.00 0.00 0.00 0.00
1 0 334 1718 0 0 0 0 0 0 0 0 0 0 0 0 1 1 0.00 0.00 0.00 0.00 1.00 0.00 0.00 255 255 1.00 0.00 0.00 0.00 0.00 0.00 0.00 0.00
1 0 335 1680 0 0 0 0 0 0 0 0 0 0 0 0 11 11 0.00 0.00 0.00 0.00 1.00 0.00 0.00 255 255 1.00 0.00 0.00 0.00 0.00 0.00 0.00 0.00
1 0 277 4183 0 0 0 0 0 0 0 0 0 0 0 0 4 4 0.00 0.00 0.00 0.00 1.00 0.00 0.00 255 255 1.00 0.00 0.00 0.00 0.00 0.00 0.00 0.00
1 0 331 1694 0 0 0 0 0 0 0 0 0 0 0 0 14 14 0.00 0.00 0.00 0.00 1.00 0.00 0.00 255 255 1.00 0.00 0.00 0.00 0.00 0.00 0.00 0.00
1 0 323 1680 0 0 0 0 0 0 0 0 0 0 0 0 9 9 0.00 0.00 0.00 0.00 1.00 0.00 0.00 255 255 1.00 0.00 0.00 0.00 0.00 0.00 0.00 0.00
1 0 212 25519 0 0 0 0 0 0 0 0 0 0 0 0 2 2 0.00 0.00 0.00 0.00 1.00 0.00 0.00 255 255 1.00 0.00 0.00 0.00 0.00 0.00 0.00 0.00
1 0 297 1695 0 0 0 0 0 0 0 0 0 0 0 0 8 8 0.00 0.00 0.00 0.00 1.00 0.00 0.00 255 255 1.00 0.00 0.00 0.00 0.00 0.00 0.00 0.00
1 0 287 4479 0 0 0 0 0 0 0 0 0 0 0 0 1 1 0.00 0.00 0.00 0.00 1.00 0.00 0.00 255 255 1.00 0.00 0.00 0.00 0.00 0.00 0.00 0.00
1 0 300 1651 0 0 0 0 0 0 0 0 0 0 0 0 11 11 0.00 0.00 0.00 0.00 1.00 0.00 0.00 255 255 1.00 0.00 0.00 0.00 0.00 0.00 0.00 0.00
1 0 292 1719 0 0 0 0 0 0 0 0 0 0 0 0 8 8 0.00 0.00 0.00 0.00 1.00 0.00 0.00 255 255 1.00 0.00 0.00 0.00 0.00 0.00 0.00 0.00
1 0 318 1680 0 0 0 0 0 0 0 0 0 0 0 0 5 18 0.00 0.00 0.00 0.00 1.00 0.00 0.11 255 255 1.00 0.00 0.00 0.00 0.00 0.00 0.00 0.00
1 0 211 24572 0 0 0 0 0 0 0 0 0 0 0 0 2 2 0.00 0.00 0.00 0.00 1.00 0.00 0.00 255 255 1.00 0.00 0.00 0.00 0.00 0.00 0.00 0.00
1 0 233 1719 0 0 0 0 0 0 0 0 0 0 0 0 8 8 0.00 0.00 0.00 0.00 1.00 0.00 0.00 255 255 1.00 0.00 0.00 0.00 0.00 0.00 0.00 0.00
1 0 222 1651 0 0 0 0 0 0 0 0 0 0 0 0 1 1 0.00 0.00 0.00 0.00 1.00 0.00 0.00 255 255 1.00 0.00 0.00 0.00 0.00 0.00 0.00 0.00
1 0 218 1484 0 0 0 0 0 0 0 0 0 0 0 0 11 11 0.00 0.00 0.00 0.00 1.00 0.00 0.00 255 255 1.00 0.00 0.00 0.00 0.00 0.00 0.00 0.00
1 0 235 1718 0 0 0 0 0 0 0 0 0 0 0 0 8 27 0.00 0.00 0.00 0.00 1.00 0.00 0.07 255 255 1.00 0.00 0.00 0.00 0.00 0.00 0.00 0.00
1 0 232 1719 0 0 0 0 0 0 0 0 0 0 0 0 5 5 0.00 0.00 0.00 0.00 1.00 0.00 0.00 255 255 1.00 0.00 0.00 0.00 0.00 0.00 0.00 0.00
1 0 232 1721 0 0 0 0 0 0 0 0 0 0 0 0 15 15 0.00 0.00 0.00 0.00 1.00 0.00 0.00 255 255 1.00 0.00 0.00 0.00 0.00 0.00 0.00 0.00
1 0 246 1718 0 0 0 0 0 0 0 0 0 0 0 0 10 12 0.00 0.00 0.00 0.00 1.00 0.00 0.25 255 255 1.00 0.00 0.00 0.00 0.00 0.00 0.00 0.00
1 0 218 1484 0 0 0 0 0 0 0 0 0 0 0 0 7 7 0.00 0.00 0.00 0.00 1.00 0.00 0.00 255 255 1.00 0.00 0.00 0.00 0.00 0.00 0.00 0.00
1 0 222 1651 0 0 0 0 0 0 0 0 0 0 0 0 4 4 0.00 0.00 0.00 0.00 1.00 0.00 0.00 255 255 1.00 0.00 0.00 0.00 0.00 0.00 0.00 0.00
1 0 215 1108 0 0 0 0 0 0 0 0 0 0 0 0 1 1 0.00 0.00 0.00 0.00 1.00 0.00 0.00 255 255 1.00 0.00 0.00 0.00 0.00 0.00 0.00 0.00
1 0 216 1645 0 0 0 0 0 0 0 0 0 0 0 0 3 8 0.00 0.00 0.00 0.00 1.00 0.00 0.50 255 255 1.00 0.00 0.00 0.00 0.00 0.00 0.00 0.00
1 0 213 1694 0 0 0 0 0 0 0 0 0 0 0 0 13 18 0.00 0.00 0.00 0.00 1.00 0.00 0.22 255 255 1.00 0.00 0.00 0.00 0.00 0.00 0.00 0.00
1 0 243 1719 0 0 0 0 0 0 0 0 0 0 0 0 6 24 0.00 0.00 0.00 0.00 1.00 0.00 0.08 255 255 1.00 0.00 0.00 0.00 0.00 0.00 0.00 0.00
1 0 147 3253 0 0 0 0 0 0 0 0 0 0 0 0 3 3 0.00 0.00 0.00 0.00 1.00 0.00 0.00 255 255 1.00 0.00 0.00 0.00 0.00 0.00 0.00 0.00
1 0 182 4023 0 0 0 0 0 0 0 0 0 0 0 0 9 9 0.00 0.00 0.00 0.00 1.00 0.00 0.00 255 255 1.00 0.00 0.00 0.00 0.00 0.00 0.00 0.00
1 0 195 24572 0 0 0 0 0 0 0 0 0 0 0 0 2 2 0.00 0.00 0.00 0.00 1.00 0.00 0.00 255 255 1.00 0.00 0.00 0.00 0.00 0.00 0.00 0.00
1 0 3366 329 0 0 0 0 0 0 0 0 0 0 0 0 1 1 0.00 0.00 0.00 0.00 1.00 0.00 0.00 8 7 0.88 0.25 0.12 0.00 0.00 0.00 0.00 0.00
1 0 1666 328 0 0 0 0 0 0 0 0 0 0 0 0 1 1 0.00 0.00 0.00 0.00 1.00 0.00 0.00 18 12 0.67 0.17 0.06 0.00 0.00 0.00 0.00 0.00
1 0 751 279 0 0 0 0 0 0 0 0 0 0 0 0 1 1 0.00 0.00 0.00 0.00 1.00 0.00 0.00 28 19 0.68 0.14 0.04 0.00 0.00 0.00 0.00 0.00
1 0 9 140 0 0 0 0 0 0 0 0 0 0 0 0 1 1 0.00 0.00 0.00 0.00 1.00 0.00 0.00 38 5 0.13 0.11 0.03 0.00 0.00 0.00 0.00 0.00
1 0 620 329 0 0 0 0 0 0 0 0 0 0 0 0 1 2 0.00 0.00 0.00 0.00 1.00 0.00 1.00 48 26 0.54 0.10 0.02 0.00 0.00 0.00 0.00 0.00
1 0 805 327 0 0 0 0 0 0 0 0 0 0 0 0 2 2 0.00 0.00 0.00 0.00 1.00 0.00 0.00 58 35 0.60 0.09 0.02 0.00 0.00 0.00 0.00 0.00
1 0 842 279 0 0 0 0 0 0 0 0 0 0 0 0 2 1 0.00 0.00 0.00 0.00 0.50 1.00 0.00 68 41 0.60 0.07 0.01 0.00 0.00 0.00 0.00 0.00
1 0 33 0 0 0 0 0 0 0 0 0 0 0 0 0 1 2 0.00 0.00 0.00 0.00 1.00 0.00 1.00 78 14 0.18 0.06 0.18 0.00 0.00 0.00 0.00 0.00
1 0 30 0 0 0 0 0 0 0 0 0 0 0 0 0 1 1 0.00 0.00 0.00 0.00 1.00 0.00 0.00 88 15 0.17 0.06 0.17 0.00 0.00 0.00 0.00 0.00
1 0 1375 328 0 0 0 0 0 0 0 0 0 0 0 0 1 1 0.00 0.00 0.00 0.00 1.00 0.00 0.00 98 64 0.65 0.05 0.01 0.00 0.00 0.00 0.00 0.00
1 1 1550 326 0 0 0 0 0 0 0 0 0 0 0 0 1 3 0.00 0.00 0.00 0.00 1.00 0.00 1.00 108 72 0.67 0.05 0.01 0.00 0.00 0.00 0.00 0.00
1 0 30 0 0 0 0 0 0 0 0 0 0 0 0 0 1 4 0.00 0.00 0.00 0.00 1.00 0.00 0.75 118 21 0.18 0.04 0.18 0.00 0.00 0.00 0.00 0.00
1 0 1254 323 0 0 0 0 0 0 0 0 0 0 0 0 1 1 0.00 0.00 0.00 0.00 1.00 0.00 0.00 5 82 0.80 0.40 0.20 0.02 0.00 0.00 0.00 0.00
1 0 31 0 0 0 0 0 0 0 0 0 0 0 0 0 1 2 0.00 0.00 0.00 0.00 1.00 0.00 1.00 15 26 0.27 0.20 0.27 0.08 0.00 0.00 0.00 0.00
1 0 2753 280 0 0 0 0 0 0 0 0 0 0 0 0 1 1 0.00 0.00 0.00 0.00 1.00 0.00 0.00 25 95 0.68 0.16 0.04 0.02 0.00 0.00 0.00 0.00
1 0 9 35 0 0 0 0 0 0 0 0 0 0 0 0 3 1 0.00 0.00 0.00 0.00 0.33 0.67 0.00 35 12 0.11 0.11 0.03 0.17 0.00 0.00 0.00 0.00
1 0 1504 328 0 0 0 0 0 0 0 0 0 0 0 0 1 1 0.00 0.00 0.00 0.00 1.00 0.00 0.00 45 104 0.58 0.11 0.02 0.02 0.00 0.00 0.00 0.00
1 0 523 277 0 0 0 0 0 0 0 0 0 0 0 0 1 1 0.00 0.00 0.00 0.00 1.00 0.00 0.00 55 108 0.55 0.09 0.02 0.02 0.00 0.00 0.00 0.00
1 0 33 0 0 0 0 0 0 0 0 0 0 0 0 0 1 2 0.00 0.00 0.00 0.00 1.00 0.00 1.00 65 35 0.20 0.08 0.20 0.06 0.00 0.00 0.00 0.00
1 0 683 330 0 0 0 0 0 0 0 0 0 0 0 0 1 1 0.00 0.00 0.00 0.00 1.00 0.00 0.00 75 118 0.53 0.07 0.01 0.02 0.00 0.00 0.00 0.00
1 0 31 0 0 0 0 0 0 0 0 0 0 0 0 0 1 4 0.00 0.00 0.00 0.00 1.00 0.00 0.75 85 41 0.22 0.06 0.22 0.05 0.00 0.00 0.00 0.00
1 0 9 37 0 0 0 0 0 0 0 0 0 0 0 0 2 1 0.00 0.00 0.00 0.00 0.50 1.00 0.00 95 17 0.09 0.05 0.01 0.12 0.00 0.00 0.00 0.00
1 0 223 1415 0 0 0 0 0 0 0 0 0 0 0 0 6 6 0.00 0.00 0.00 0.00 1.00 0.00 0.00 6 33 1.00 0.00 0.17 0.06 0.00 0.00 0.00 0.00
1 0 287 12884 0 0 0 0 0 0 0 0 0 0 0 0 5 9 0.00 0.00 0.00 0.00 1.00 0.00 0.33 16 33 1.00 0.00 0.06 0.06 0.00 0.00 0.00 0.00
1 0 161 13187 0 0 0 0 0 0 0 0 0 0 0 0 1 13 0.00 0.00 0.00 0.00 1.00 0.00 0.15 26 33 1.00 0.00 0.04 0.06 0.00 0.00 0.00 0.00
1 0 224 12884 0 0 0 0 0 0 0 0 0 0 0 0 11 23 0.00 0.00 0.00 0.00 1.00 0.00 0.09 36 36 1.00 0.00 0.03 0.00 0.00 0.00 0.00 0.00
1 0 296 1415 0 0 0 0 0 0 0 0 0 0 0 0 2 2 0.00 0.00 0.00 0.00 1.00 0.00 0.00 46 46 1.00 0.00 0.02 0.00 0.00 0.00 0.00 0.00
1 0 284 1227 0 0 0 0 0 0 0 0 0 0 0 0 5 5 0.00 0.00 0.00 0.00 1.00 0.00 0.00 56 56 1.00 0.00 0.02 0.00 0.00 0.00 0.00 0.00
1 0 296 1227 0 0 0 0 0 0 0 0 0 0 0 0 8 8 0.00 0.00 0.00 0.00 1.00 0.00 0.00 66 66 1.00 0.00 0.02 0.00 0.00 0.00 0.00 0.00
1 0 246 11889 0 0 0 0 0 0 0 0 0 0 0 0 7 7 0.00 0.00 0.00 0.00 1.00 0.00 0.00 76 76 1.00 0.00 0.01 0.00 0.00 0.00 0.00 0.00
1 0 216 2531 0 0 0 0 0 0 0 0 0 0 0 0 2 2 0.00 0.00 0.00 0.00 1.00 0.00 0.00 86 86 1.00 0.00 0.01 0.00 0.00 0.00 0.00 0.00
1 0 216 12884 0 0 0 0 0 0 0 0 0 0 0 0 11 11 0.00 0.00 0.00 0.00 1.00 0.00 0.00 96 96 1.00 0.00 0.01 0.00 0.00 0.00 0.00 0.00
1 0 325 2531 0 0 0 0 0 0 0 0 0 0 0 0 10 14 0.00 0.00 0.00 0.00 1.00 0.00 0.14 106 106 1.00 0.00 0.01 0.00 0.00 0.00 0.00 0.00
1 0 274 11889 0 0 0 0 0 0 0 0 0 0 0 0 8 10 0.00 0.00 0.00 0.00 1.00 0.00 0.20 116 116 1.00 0.00 0.01 0.00 0.00 0.00 0.00 0.00
1 0 155 4145 0 0 0 0 0 0 0 0 0 0 0 0 7 42 0.00 0.00 0.00 0.00 1.00 0.00 0.07 126 126 1.00 0.00 0.01 0.00 0.00 0.00 0.00 0.00
1 0 173 11889 0 0 0 0 0 0 0 0 0 0 0 0 6 6 0.00 0.00 0.00 0.00 1.00 0.00 0.00 136 136 1.00 0.00 0.01 0.00 0.00 0.00 0.00 0.00
1 0 244 11889 0 0 0 0 0 0 0 0 0 0 0 0 5 14 0.00 0.00 0.00 0.00 1.00 0.00 0.21 146 146 1.00 0.00 0.01 0.00 0.00 0.00 0.00 0.00
1 0 214 12884 0 0 0 0 0 0 0 0 0 0 0 0 2 2 0.00 0.00 0.00 0.00 1.00 0.00 0.00 156 156 1.00 0.00 0.01 0.00 0.00 0.00 0.00 0.00
1 0 224 2531 0 0 0 0 0 0 0 0 0 0 0 0 2 3 0.00 0.00 0.00 0.00 1.00 0.00 0.67 166 166 1.00 0.00 0.01 0.00 0.00 0.00 0.00 0.00
1 0 325 12884 0 0 0 0 0 0 0 0 0 0 0 0 9 9 0.00 0.00 0.00 0.00 1.00 0.00 0.00 176 176 1.00 0.00 0.01 0.00 0.00 0.00 0.00 0.00
1 0 272 4145 0 0 0 0 0 0 0 0 0 0 0 0 6 6 0.00 0.00 0.00 0.00 1.00 0.00 0.00 186 186 1.00 0.00 0.01 0.00 0.00 0.00 0.00 0.00
1 0 286 1415 0 0 0 0 0 0 0 0 0 0 0 0 5 5 0.00 0.00 0.00 0.00 1.00 0.00 0.00 196 196 1.00 0.00 0.01 0.00 0.00 0.00 0.00 0.00
1 0 273 3711 0 0 0 0 0 0 0 0 0 0 0 0 1 1 0.00 0.00 0.00 0.00 1.00 0.00 0.00 206 206 1.00 0.00 0.00 0.00 0.00 0.00 0.00 0.00
1 0 212 2531 0 0 0 0 0 0 0 0 0 0 0 0 10 10 0.00 0.00 0.00 0.00 1.00 0.00 0.00 216 216 1.00 0.00 0.00 0.00 0.00 0.00 0.00 0.00
1 0 246 11889 0 0 0 0 0 0 0 0 0 0 0 0 6 6 0.00 0.00 0.00 0.00 1.00 0.00 0.00 226 226 1.00 0.00 0.00 0.00 0.00 0.00 0.00 0.00
1 0 224 12884 0 0 0 0 0 0 0 0 0 0 0 0 5 22 0.00 0.00 0.00 0.00 1.00 0.00 0.09 236 236 1.00 0.00 0.00 0.00 0.00 0.00 0.00 0.00
1 0 198 12884 0 0 0 0 0 0 0 0 0 0 0 0 4 4 0.00 0.00 0.00 0.00 1.00 0.00 0.00 246 246 1.00 0.00 0.00 0.00 0.00 0.00 0.00 0.00
1 0 145 13187 0 0 0 0 0 0 0 0 0 0 0 0 1 1 0.00 0.00 0.00 0.00 1.00 0.00 0.00 255 255 1.00 0.00 0.00 0.00 0.00 0.00 0.00 0.00
1 0 207 1415 0 0 0 0 0 0 0 0 0 0 0 0 11 11 0.00 0.00 0.00 0.00 1.00 0.00 0.00 255 255 1.00 0.00 0.00 0.00 0.00 0.00 0.00 0.00
1 0 296 1415 0 0 0 0 0 0 0 0 0 0 0 0 10 10 0.00 0.00 0.00 0.00 1.00 0.00 0.00 255 255 1.00 0.00 0.00 0.00 0.00 0.00 0.00 0.00
1 0 212 1227 0 0 0 0 0 0 0 0 0 0 0 0 9 9 0.00 0.00 0.00 0.00 1.00 0.00 0.00 255 255 1.00 0.00 0.00 0.00 0.00 0.00 0.00 0.00
1 0 277 2295 0 0 0 0 0 0 0 0 0 0 0 0 1 1 0.00 0.00 0.00 0.00 1.00 0.00 0.00 255 255 1.00 0.00 0.00 0.00 0.00 0.00 0.00 0.00
1 0 285 2531 0 0 0 0 0 0 0 0 0 0 0 0 3 3 0.00 0.00 0.00 0.00 1.00 0.00 0.00 255 255 1.00 0.00 0.00 0.00 0.00 0.00 0.00 0.00
1 0 286 1415 0 0 0 0 0 0 0 0 0 0 0 0 4 4 0.00 0.00 0.00 0.00 1.00 0.00 0.00 255 255 1.00 0.00 0.00 0.00 0.00 0.00 0.00 0.00
1 0 205 2295 0 0 0 0 0 0 0 0 0 0 0 0 1 1 0.00 0.00 0.00 0.00 1.00 0.00 0.00 255 255 1.00 0.00 0.00 0.00 0.00 0.00 0.00 0.00
1 0 156 4145 0 0 0 0 0 0 0 0 0 0 0 0 10 10 0.00 0.00 0.00 0.00 1.00 0.00 0.00 255 255 1.00 0.00 0.00 0.00 0.00 0.00 0.00 0.00
1 0 197 2531 0 0 0 0 0 0 0 0 0 0 0 0 5 5 0.00 0.00 0.00 0.00 1.00 0.00 0.00 255 255 1.00 0.00 0.00 0.00 0.00 0.00 0.00 0.00
1 0 294 1227 0 0 0 0 0 0 0 0 0 0 0 0 4 4 0.00 0.00 0.00 0.00 1.00 0.00 0.00 255 255 1.00 0.00 0.00 0.00 0.00 0.00 0.00 0.00
1 0 285 2345 0 0 0 0 0 0 0 0 0 0 0 0 3 3 0.00 0.00 0.00 0.00 1.00 0.00 0.00 3 255 1.00 0.00 0.33 0.01 0.00 0.00 0.00 0.00
1 0 313 5545 0 0 0 0 0 0 0 0 0 0 0 0 2 2 0.00 0.00 0.00 0.00 1.00 0.00 0.00 13 255 1.00 0.00 0.08 0.01 0.00 0.00 0.00 0.00
1 0 260 1984 0 0 0 0 0 0 0 0 0 0 0 0 1 1 0.00 0.00 0.00 0.00 1.00 0.00 0.00 10 255 1.00 0.00 0.10 0.01 0.00 0.00 0.00 0.00
1 0 315 601 0 0 0 0 0 0 0 0 0 0 0 0 2 2 0.00 0.00 0.00 0.00 1.00 0.00 0.00 2 255 1.00 0.00 0.50 0.02 0.00 0.00 0.00 0.00
1 0 321 1487 0 0 0 0 0 0 0 0 0 0 0 0 12 12 0.00 0.00 0.00 0.00 1.00 0.00 0.00 12 255 1.00 0.00 0.08 0.02 0.00 0.00 0.00 0.00
1 0 319 556 0 0 0 0 0 0 0 0 0 0 0 0 7 7 0.00 0.00 0.00 0.00 1.00 0.00 0.00 22 255 1.00 0.00 0.05 0.02 0.00 0.00 0.00 0.00
1 0 240 8159 0 0 0 0 0 0 0 0 0 0 0 0 2 2 0.00 0.00 0.00 0.00 1.00 0.00 0.00 2 255 1.00 0.00 0.50 0.02 0.00 0.00 0.00 0.00
1 0 305 280 0 0 0 0 0 0 0 0 0 0 0 0 12 12 0.00 0.00 0.00 0.00 1.00 0.00 0.00 12 255 1.00 0.00 0.08 0.02 0.00 0.00 0.00 0.00
1 0 338 1408 0 0 0 0 0 0 0 0 0 0 0 0 6 6 0.00 0.00 0.00 0.00 1.00 0.00 0.00 22 255 1.00 0.00 0.05 0.02 0.00 0.00 0.00 0.00
1 0 349 1425 0 0 0 0 0 0 0 0 0 0 0 0 3 3 0.00 0.00 0.00 0.00 1.00 0.00 0.00 32 255 1.00 0.00 0.03 0.02 0.00 0.00 0.00 0.00
1 0 305 280 0 0 0 0 0 0 0 0 0 0 0 0 1 1 0.00 0.00 0.00 0.00 1.00 0.00 0.00 42 255 1.00 0.00 0.02 0.02 0.00 0.00 0.00 0.00
1 0 309 1425 0 0 0 0 0 0 0 0 0 0 0 0 11 11 0.00 0.00 0.00 0.00 1.00 0.00 0.00 52 255 1.00 0.00 0.04 0.02 0.00 0.00 0.00 0.00
1 0 306 3211 0 0 0 0 0 0 0 0 0 0 0 0 7 7 0.00 0.00 0.00 0.00 1.00 0.00 0.00 62 255 1.00 0.00 0.02 0.02 0.00 0.00 0.00 0.00
1 0 237 1461 0 0 0 0 0 0 0 0 0 0 0 0 8 8 0.00 0.00 0.00 0.00 1.00 0.00 0.00 72 255 1.00 0.00 0.01 0.02 0.00 0.00 0.00 0.00
1 0 307 1109 0 0 0 0 0 0 0 0 0 0 0 0 13 13 0.00 0.00 0.00 0.00 1.00 0.00 0.00 82 255 1.00 0.00 0.01 0.02 0.00 0.00 0.00 0.00
1 0 235 3211 0 0 0 0 0 0 0 0 0 0 0 0 9 11 0.00 0.00 0.00 0.00 1.00 0.00 0.18 92 255 1.00 0.00 0.01 0.02 0.00 0.00 0.00 0.00
1 0 221 1408 0 0 0 0 0 0 0 0 0 0 0 0 5 7 0.00 0.00 0.00 0.00 1.00 0.00 0.29 102 255 1.00 0.00 0.01 0.02 0.00 0.00 0.00 0.00
1 0 221 1461 0 0 0 0 0 0 0 0 0 0 0 0 1 1 0.00 0.00 0.00 0.00 1.00 0.00 0.00 112 255 1.00 0.00 0.01 0.02 0.00 0.00 0.00 0.00
1 0 223 1423 0 0 0 0 0 0 0 0 0 0 0 0 11 11 0.00 0.00 0.00 0.00 1.00 0.00 0.00 122 255 1.00 0.00 0.01 0.02 0.00 0.00 0.00 0.00
1 0 218 5280 0 0 0 0 0 0 0 0 0 0 0 0 7 7 0.00 0.00 0.00 0.00 1.00 0.00 0.00 132 255 1.00 0.00 0.01 0.02 0.00 0.00 0.00 0.00
1 0 221 1461 0 0 0 0 0 0 0 0 0 0 0 0 3 3 0.00 0.00 0.00 0.00 1.00 0.00 0.00 142 255 1.00 0.00 0.01 0.02 0.00 0.00 0.00 0.00
1 0 208 324 0 0 0 0 0 0 0 0 0 0 0 0 13 13 0.00 0.00 0.00 0.00 1.00 0.00 0.00 152 255 1.00 0.00 0.01 0.02 0.00 0.00 0.00 0.00
1 0 228 5280 0 0 0 0 0 0 0 0 0 0 0 0 9 9 0.00 0.00 0.00 0.00 1.00 0.00 0.00 162 255 1.00 0.00 0.01 0.02 0.00 0.00 0.00 0.00
1 0 310 1408 0 0 0 0 0 0 0 0 0 0 0 0 5 5 0.00 0.00 0.00 0.00 1.00 0.00 0.00 172 255 1.00 0.00 0.01 0.02 0.00 0.00 0.00 0.00
1 0 307 1425 0 0 0 0 0 0 0 0 0 0 0 0 1 1 0.00 0.00 0.00 0.00 1.00 0.00 0.00 182 255 1.00 0.00 0.01 0.02 0.00 0.00 0.00 0.00
1 0 308 1481 0 0 0 0 0 0 0 0 0 0 0 0 11 11 0.00 0.00 0.00 0.00 1.00 0.00 0.00 192 255 1.00 0.00 0.01 0.02 0.00 0.00 0.00 0.00
1 0 322 1423 0 0 0 0 0 0 0 0 0 0 0 0 7 7 0.00 0.00 0.00 0.00 1.00 0.00 0.00 202 255 1.00 0.00 0.00 0.02 0.00 0.00 0.00 0.00
1 0 308 1483 0 0 0 0 0 0 0 0 0 0 0 0 5 5 0.00 0.00 0.00 0.00 1.00 0.00 0.00 212 255 1.00 0.00 0.00 0.01 0.00 0.00 0.00 0.00
1 0 255 8224 0 0 0 0 0 0 0 0 0 0 0 0 1 1 0.00 0.00 0.00 0.00 1.00 0.00 0.00 222 255 1.00 0.00 0.00 0.01 0.00 0.00 0.00 0.00
1 0 324 1112 0 0 0 0 0 0 0 0 0 0 0 0 11 11 0.00 0.00 0.00 0.00 1.00 0.00 0.00 232 255 1.00 0.00 0.00 0.01 0.00 0.00 0.00 0.00
1 0 303 280 0 0 0 0 0 0 0 0 0 0 0 0 10 10 0.00 0.00 0.00 0.00 1.00 0.00 0.00 242 255 1.00 0.00 0.00 0.01 0.00 0.00 0.00 0.00
1 0 305 1705 0 0 0 0 0 0 0 0 0 0 0 0 6 6 0.00 0.00 0.00 0.00 1.00 0.00 0.00 252 255 1.00 0.00 0.00 0.01 0.00 0.00 0.00 0.00
1 0 304 1449 0 0 0 0 0 0 0 0 0 0 0 0 4 4 0.00 0.00 0.00 0.00 1.00 0.00 0.00 255 255 1.00 0.00 0.00 0.00 0.00 0.00 0.00 0.00
1 0 305 1580 0 0 0 0 0 0 0 0 0 0 0 0 14 14 0.00 0.00 0.00 0.00 1.00 0.00 0.00 255 255 1.00 0.00 0.00 0.00 0.00 0.00 0.00 0.00
1 0 315 3730 0 0 0 0 0 0 0 0 0 0 0 0 5 5 0.00 0.00 0.00 0.00 1.00 0.00 0.00 255 255 1.00 0.00 0.00 0.00 0.00 0.00 0.00 0.00
1 0 330 1481 0 0 0 0 0 0 0 0 0 0 0 0 6 6 0.00 0.00 0.00 0.00 1.00 0.00 0.00 255 255 1.00 0.00 0.00 0.00 0.00 0.00 0.00 0.00
1 0 240 8159 0 0 0 0 0 0 0 0 0 0 0 0 2 2 0.00 0.00 0.00 0.00 1.00 0.00 0.00 255 255 1.00 0.00 0.00 0.00 0.00 0.00 0.00 0.00
1 0 309 1109 0 0 0 0 0 0 0 0 0 0 0 0 12 12 0.00 0.00 0.00 0.00 1.00 0.00 0.00 255 255 1.00 0.00 0.00 0.00 0.00 0.00 0.00 0.00
1 0 310 1481 0 0 0 0 0 0 0 0 0 0 0 0 8 8 0.00 0.00 0.00 0.00 1.00 0.00 0.00 255 255 1.00 0.00 0.00 0.00 0.00 0.00 0.00 0.00
1 0 152 8159 0 0 0 0 0 0 0 0 0 0 0 0 1 1 0.00 0.00 0.00 0.00 1.00 0.00 0.00 255 255 1.00 0.00 0.00 0.00 0.00 0.00 0.00 0.00
1 0 217 280 0 0 0 0 0 0 0 0 0 0 0 0 10 10 0.00 0.00 0.00 0.00 1.00 0.00 0.00 255 255 1.00 0.00 0.00 0.00 0.00 0.00 0.00 0.00
1 0 307 5280 0 0 0 0 0 0 0 0 0 0 0 0 10 10 0.00 0.00 0.00 0.00 1.00 0.00 0.00 255 255 1.00 0.00 0.00 0.00 0.00 0.00 0.00 0.00
1 0 302 1461 0 0 0 0 0 0 0 0 0 0 0 0 6 6 0.00 0.00 0.00 0.00 1.00 0.00 0.00 255 255 1.00 0.00 0.00 0.00 0.00 0.00 0.00 0.00
1 0 152 8159 0 0 0 0 0 0 0 0 0 0 0 0 2 2 0.00 0.00 0.00 0.00 1.00 0.00 0.00 255 255 1.00 0.00 0.00 0.00 0.00 0.00 0.00 0.00
1 0 222 1408 0 0 0 0 0 0 0 0 0 0 0 0 12 12 0.00 0.00 0.00 0.00 1.00 0.00 0.00 255 255 1.00 0.00 0.00 0.00 0.00 0.00 0.00 0.00
1 0 216 13655 0 0 0 0 0 0 0 0 0 0 0 0 2 2 0.00 0.00 0.00 0.00 1.00 0.00 0.00 7 255 1.00 0.00 0.14 0.01 0.00 0.00 0.00 0.00
1 0 206 14358 0 0 0 0 0 0 0 0 0 0 0 0 9 9 0.00 0.00 0.00 0.00 1.00 0.00 0.00 9 255 1.00 0.00 0.11 0.01 0.00 0.00 0.00 0.00
1 0 206 1970 0 0 0 0 0 0 0 0 0 0 0 0 19 19 0.00 0.00 0.00 0.00 1.00 0.00 0.00 19 255 1.00 0.00 0.05 0.01 0.00 0.00 0.00 0.00
1 0 170 5295 0 0 0 0 0 0 0 0 0 0 0 0 3 3 0.00 0.00 0.00 0.00 1.00 0.00 0.00 29 255 1.00 0.00 0.03 0.01 0.00 0.00 0.00 0.00
1 0 188 74810 0 0 0 0 0 0 0 0 0 0 0 0 5 5 0.00 0.00 0.00 0.00 1.00 0.00 0.00 39 255 1.00 0.00 0.03 0.01 0.00 0.00 0.00 0.00
1 0 185 4946 0 0 0 0 0 0 0 0 0 0 0 0 15 15 0.00 0.00 0.00 0.00 1.00 0.00 0.00 49 255 1.00 0.00 0.02 0.01 0.00 0.00 0.00 0.00
1 0 198 74810 0 0 0 0 0 0 0 0 0 0 0 0 4 4 0.00 0.00 0.00 0.00 1.00 0.00 0.00 59 255 1.00 0.00 0.02 0.01 0.00 0.00 0.00 0.00
1 0 309 1008 0 0 0 0 0 0 0 0 0 0 0 0 1 6 0.00 0.00 0.00 0.00 1.00 0.00 0.50 1 255 1.00 0.00 1.00 0.02 0.00 0.00 0.00 0.00
1 0 317 2361 0 0 0 0 0 0 0 0 0 0 0 0 11 16 0.00 0.00 0.00 0.00 1.00 0.00 0.19 11 255 1.00 0.00 0.09 0.02 0.00 0.00 0.00 0.00
1 0 267 6407 0 0 0 0 0 0 0 0 0 0 0 0 10 10 0.00 0.00 0.00 0.00 1.00 0.00 0.00 21 255 1.00 0.00 0.05 0.02 0.00 0.00 0.00 0.00
1 0 327 6827 0 0 0 0 0 0 0 0 0 0 0 0 3 3 0.00 0.00 0.00 0.00 1.00 0.00 0.00 31 255 1.00 0.00 0.03 0.02 0.00 0.00 0.00 0.00
1 0 271 831 0 0 0 0 0 0 0 0 0 0 0 0 3 3 0.00 0.00 0.00 0.00 1.00 0.00 0.00 3 255 1.00 0.00 0.33 0.02 0.00 0.00 0.00 0.00
1 0 272 913 0 0 0 0 0 0 0 0 0 0 0 0 13 13 0.00 0.00 0.00 0.00 1.00 0.00 0.00 13 255 1.00 0.00 0.08 0.02 0.00 0.00 0.00 0.00
1 0 207 3443 0 0 0 0 0 0 0 0 0 0 0 0 4 4 0.00 0.00 0.00 0.00 1.00 0.00 0.00 4 255 1.00 0.00 0.25 0.02 0.00 0.00 0.00 0.00
1 0 204 222 0 0 0 0 0 0 0 0 0 0 0 0 1 1 0.00 0.00 0.00 0.00 1.00 0.00 0.00 1 255 1.00 0.00 1.00 0.03 0.00 0.00 0.00 0.00
1 0 223 269 0 0 0 0 0 0 0 0 0 0 0 0 8 8 0.00 0.00 0.00 0.00 1.00 0.00 0.00 11 255 1.00 0.00 0.09 0.03 0.00 0.00 0.00 0.00
1 0 219 1571 0 0 0 0 0 0 0 0 0 0 0 0 8 8 0.00 0.00 0.00 0.00 1.00 0.00 0.00 21 255 1.00 0.00 0.05 0.03 0.00 0.00 0.00 0.00
1 0 228 1764 0 0 0 0 0 0 0 0 0 0 0 0 18 18 0.00 0.00 0.00 0.00 1.00 0.00 0.00 31 255 1.00 0.00 0.03 0.03 0.00 0.00 0.00 0.00
1 0 230 222 0 0 0 0 0 0 0 0 0 0 0 0 6 6 0.00 0.00 0.00 0.00 1.00 0.00 0.00 41 255 1.00 0.00 0.02 0.03 0.00 0.00 0.00 0.00
1 0 235 222 0 0 0 0 0 0 0 0 0 0 0 0 16 16 0.00 0.00 0.00 0.00 1.00 0.00 0.00 51 255 1.00 0.00 0.02 0.03 0.00 0.00 0.00 0.00
1 0 151 511 0 0 0 0 0 0 0 0 0 0 0 0 1 17 0.00 0.00 0.00 0.00 1.00 0.00 0.12 5 255 1.00 0.00 0.20 0.04 0.00 0.00 0.00 0.00
1 0 256 125015 0 0 0 0 0 0 0 0 0 0 0 0 10 15 0.00 0.00 0.00 0.00 1.00 0.00 0.27 10 255 1.00 0.00 0.10 0.04 0.00 0.00 0.00 0.00
1 0 247 19361 0 0 0 0 0 0 0 0 0 0 0 0 20 25 0.00 0.00 0.00 0.00 1.00 0.00 0.16 20 255 1.00 0.00 0.05 0.04 0.00 0.00 0.00 0.00
1 0 327 7892 0 0 0 0 0 0 0 0 0 0 0 0 10 11 0.00 0.00 0.00 0.00 1.00 0.00 0.18 30 255 1.00 0.00 0.03 0.04 0.00 0.00 0.00 0.00
1 0 333 1718 0 0 0 0 0 0 0 0 0 0 0 0 1 1 0.00 0.00 0.00 0.00 1.00 0.00 0.00 40 255 1.00 0.00 0.03 0.04 0.03 0.00 0.00 0.00
1 0 177 3525 0 0 0 0 0 0 0 0 0 0 0 0 8 8 0.00 0.00 0.00 0.00 1.00 0.00 0.00 50 255 1.00 0.00 0.02 0.04 0.02 0.00 0.00 0.00
1 0 174 4895 0 0 0 0 0 0 0 0 0 0 0 0 18 18 0.00 0.00 0.00 0.00 1.00 0.00 0.00 60 255 1.00 0.00 0.02 0.04 0.02 0.00 0.00 0.00
1 0 242 2109 0 0 0 0 0 0 0 0 0 0 0 0 8 8 0.00 0.00 0.00 0.00 1.00 0.00 0.00 70 255 1.00 0.00 0.01 0.04 0.01 0.00 0.00 0.00
1 0 240 1469 0 0 0 0 0 0 0 0 0 0 0 0 18 18 0.00 0.00 0.00 0.00 1.00 0.00 0.00 80 255 1.00 0.00 0.01 0.04 0.01 0.00 0.00 0.00
1 0 241 7892 0 0 0 0 0 0 0 0 0 0 0 0 7 7 0.00 0.00 0.00 0.00 1.00 0.00 0.00 90 255 1.00 0.00 0.01 0.04 0.01 0.00 0.00 0.00
1 0 218 423 0 0 0 0 0 0 0 0 0 0 0 0 17 18 0.00 0.00 0.00 0.00 1.00 0.00 0.11 100 255 1.00 0.00 0.01 0.04 0.01 0.00 0.00 0.00
1 0 212 360 0 0 0 0 0 0 0 0 0 0 0 0 6 6 0.00 0.00 0.00 0.00 1.00 0.00 0.00 6 255 1.00 0.00 0.17 0.04 0.00 0.00 0.00 0.00
1 0 203 768 0 0 0 0 0 0 0 0 0 0 0 0 16 16 0.00 0.00 0.00 0.00 1.00 0.00 0.00 16 255 1.00 0.00 0.06 0.04 0.00 0.00 0.00 0.00
1 0 285 1106 0 0 0 0 0 0 0 0 0 0 0 0 8 8 0.00 0.00 0.00 0.00 1.00 0.00 0.00 8 255 1.00 0.00 0.12 0.04 0.00 0.00 0.00 0.00
1 0 288 644 0 0 0 0 0 0 0 0 0 0 0 0 19 19 0.11 0.11 0.00 0.00 1.00 0.00 0.00 18 255 1.00 0.00 0.06 0.04 0.06 0.01 0.00 0.00
1 0 340 681 0 0 0 0 0 0 0 0 0 0 0 0 5 11 0.00 0.00 0.00 0.00 1.00 0.00 0.18 28 255 1.00 0.00 0.04 0.04 0.04 0.01 0.00 0.00
1 0 344 1180 0 0 0 0 0 0 0 0 0 0 0 0 15 25 0.00 0.00 0.00 0.00 1.00 0.00 0.08 38 255 1.00 0.00 0.03 0.04 0.03 0.01 0.00 0.00
1 0 233 128 0 0 0 0 0 0 0 0 0 0 0 0 1 5 0.00 0.00 0.00 0.00 1.00 0.00 0.40 6 255 1.00 0.00 0.17 0.04 0.00 0.01 0.00 0.00
1 0 334 4450 0 0 0 0 0 0 0 0 0 0 0 0 7 7 0.00 0.00 0.00 0.00 1.00 0.00 0.00 7 255 1.00 0.00 0.14 0.04 0.00 0.01 0.00 0.00
1 0 312 13647 0 0 0 0 0 0 0 0 0 0 0 0 2 30 0.00 0.03 0.00 0.00 1.00 0.00 0.07 2 255 1.00 0.00 0.50 0.04 0.00 0.01 0.00 0.00
1 0 238 6078 0 0 0 0 0 0 0 0 0 0 0 0 1 1 0.00 0.00 0.00 0.00 1.00 0.00 0.00 12 255 1.00 0.00 0.08 0.04 0.00 0.01 0.00 0.00
1 0 308 2345 0 0 0 0 0 0 0 0 0 0 0 0 4 5 0.00 0.00 0.00 0.00 1.00 0.00 0.40 22 255 1.00 0.00 0.05 0.04 0.00 0.01 0.00 0.00
1 0 362 1653 0 0 0 0 0 0 0 0 0 0 0 0 1 1 0.00 0.00 0.00 0.00 1.00 0.00 0.00 32 255 1.00 0.00 0.03 0.04 0.00 0.01 0.00 0.00
1 0 332 61480 0 0 0 0 0 0 0 0 0 0 0 0 11 11 0.00 0.00 0.00 0.00 1.00 0.00 0.00 42 255 1.00 0.00 0.02 0.04 0.00 0.01 0.00 0.00
1 0 247 3105 0 0 0 0 0 0 0 0 0 0 0 0 8 8 0.00 0.00 0.00 0.00 1.00 0.00 0.00 52 255 1.00 0.00 0.02 0.04 0.00 0.01 0.00 0.00
1 0 168 2876 0 0 0 0 0 0 0 0 0 0 0 0 7 7 0.00 0.00 0.00 0.00 1.00 0.00 0.00 62 255 1.00 0.00 0.02 0.03 0.00 0.01 0.00 0.00
1 0 211 373 0 0 0 0 0 0 0 0 0 0 0 0 6 6 0.00 0.00 0.00 0.00 1.00 0.00 0.00 72 255 1.00 0.00 0.01 0.02 0.00 0.01 0.00 0.00
1 0 226 61480 0 0 0 0 0 0 0 0 0 0 0 0 9 9 0.00 0.00 0.00 0.00 1.00 0.00 0.00 82 255 1.00 0.00 0.01 0.02 0.00 0.01 0.00 0.00
1 0 252 1629 0 0 0 0 0 0 0 0 0 0 0 0 6 25 0.00 0.00 0.00 0.00 1.00 0.00 0.08 92 255 1.00 0.00 0.01 0.02 0.00 0.01 0.00 0.00
1 0 297 533 0 0 0 0 0 0 0 0 0 0 0 0 3 3 0.00 0.00 0.00 0.00 1.00 0.00 0.00 102 255 1.00 0.00 0.01 0.02 0.00 0.01 0.00 0.00
1 0 329 612 0 0 0 0 0 0 0 0 0 0 0 0 6 6 0.00 0.00 0.00 0.00 1.00 0.00 0.00 112 255 1.00 0.00 0.01 0.02 0.00 0.00 0.00 0.00
1 0 344 3796 0 0 0 0 0 0 0 0 0 0 0 0 16 16 0.00 0.00 0.00 0.00 1.00 0.00 0.00 122 255 1.00 0.00 0.01 0.02 0.00 0.00 0.00 0.00
1 0 343 1988 0 0 0 0 0 0 0 0 0 0 0 0 26 26 0.00 0.00 0.00 0.00 1.00 0.00 0.00 132 255 1.00 0.00 0.01 0.02 0.00 0.00 0.00 0.00
1 0 343 1544 0 0 0 0 0 0 0 0 0 0 0 0 36 36 0.00 0.00 0.00 0.00 1.00 0.00 0.00 142 255 1.00 0.00 0.01 0.02 0.00 0.00 0.00 0.00
1 0 232 2105 0 0 0 0 0 0 0 0 0 0 0 0 10 14 0.00 0.00 0.00 0.00 1.00 0.00 0.14 152 255 1.00 0.00 0.01 0.02 0.00 0.00 0.00 0.00
1 0 160 3102 0 0 0 0 0 0 0 0 0 0 0 0 2 2 0.00 0.00 0.00 0.00 1.00 0.00 0.00 162 255 1.00 0.00 0.01 0.02 0.00 0.00 0.00 0.00
1 0 218 2002 0 0 0 0 0 0 0 0 0 0 0 0 12 12 0.00 0.00 0.00 0.00 1.00 0.00 0.00 172 255 1.00 0.00 0.01 0.02 0.00 0.00 0.00 0.00
1 0 276 1653 0 0 0 0 0 0 0 0 0 0 0 0 9 9 0.00 0.00 0.00 0.00 1.00 0.00 0.00 182 255 1.00 0.00 0.01 0.02 0.00 0.00 0.00 0.00
1 0 298 3214 0 0 0 0 0 0 0 0 0 0 0 0 6 6 0.00 0.00 0.00 0.00 1.00 0.00 0.00 6 255 1.00 0.00 0.17 0.02 0.00 0.00 0.00 0.00
1 0 309 417 0 0 0 0 0 0 0 0 0 0 0 0 16 16 0.00 0.00 0.00 0.00 1.00 0.00 0.00 16 255 1.00 0.00 0.06 0.02 0.00 0.00 0.00 0.00
1 0 306 1308 0 0 0 0 0 0 0 0 0 0 0 0 26 26 0.00 0.00 0.00 0.00 1.00 0.00 0.00 26 255 1.00 0.00 0.04 0.02 0.00 0.00 0.00 0.00
1 0 236 1190 0 0 0 0 0 0 0 0 0 0 0 0 6 16 0.00 0.00 0.00 0.00 1.00 0.00 0.12 36 255 1.00 0.00 0.03 0.02 0.00 0.00 0.00 0.00
1 0 234 254 0 0 0 0 0 0 0 0 0 0 0 0 16 26 0.00 0.00 0.00 0.00 1.00 0.00 0.08 46 255 1.00 0.00 0.02 0.02 0.00 0.00 0.00 0.00
1 0 231 761 0 0 0 0 0 0 0 0 0 0 0 0 26 36 0.00 0.00 0.00 0.00 1.00 0.00 0.06 56 255 1.00 0.00 0.02 0.01 0.00 0.00 0.00 0.00
1 0 292 12439 0 0 0 0 0 0 0 0 0 0 0 0 1 1 0.00 0.00 0.00 0.00 1.00 0.00 0.00 1 255 1.00 0.00 1.00 0.02 0.00 0.00 0.00 0.00
1 0 320 540 0 0 0 0 0 0 0 0 0 0 0 0 11 11 0.00 0.00 0.00 0.00 1.00 0.00 0.00 11 255 1.00 0.00 0.09 0.02 0.00 0.00 0.00 0.00
1 0 317 1496 0 0 0 0 0 0 0 0 0 0 0 0 4 4 0.00 0.00 0.00 0.00 1.00 0.00 0.00 21 255 1.00 0.00 0.05 0.02 0.00 0.00 0.00 0.00
1 0 309 352 0 0 0 0 0 0 0 0 0 0 0 0 14 14 0.00 0.00 0.00 0.00 1.00 0.00 0.00 31 255 1.00 0.00 0.03 0.02 0.00 0.00 0.00 0.00
1 0 307 343 0 0 0 0 0 0 0 0 0 0 0 0 7 7 0.00 0.00 0.00 0.00 1.00 0.00 0.00 41 255 1.00 0.00 0.02 0.02 0.00 0.00 0.00 0.00
1 0 305 352 0 0 0 0 0 0 0 0 0 0 0 0 17 17 0.00 0.00 0.00 0.00 1.00 0.00 0.00 51 255 1.00 0.00 0.02 0.02 0.00 0.00 0.00 0.00
1 0 213 1108 0 0 0 0 0 0 0 0 0 0 0 0 3 3 0.00 0.00 0.00 0.00 1.00 0.00 0.00 3 255 1.00 0.00 0.33 0.02 0.00 0.00 0.00 0.00
1 0 210 1663 0 0 0 0 0 0 0 0 0 0 0 0 13 13 0.00 0.00 0.00 0.00 1.00 0.00 0.00 13 255 1.00 0.00 0.08 0.02 0.00 0.00 0.00 0.00
1 0 234 1578 0 0 0 0 0 0 0 0 0 0 0 0 5 5 0.00 0.00 0.00 0.00 1.00 0.00 0.00 23 255 1.00 0.00 0.04 0.02 0.00 0.00 0.00 0.00
1 0 174 6345 0 0 0 0 0 0 0 0 0 0 0 0 1 1 0.00 0.00 0.00 0.00 1.00 0.00 0.00 3 255 1.00 0.00 0.33 0.02 0.00 0.00 0.00 0.00
1 79 231 328 0 0 0 0 0 0 0 0 0 0 0 0 3 3 0.00 0.00 0.00 0.00 1.00 0.00 0.00 13 255 1.00 0.00 0.08 0.02 0.00 0.00 0.00 0.00
1 0 216 4973 0 0 0 0 0 0 0 0 0 0 0 0 2 2 0.00 0.00 0.00 0.00 1.00 0.00 0.00 9 255 1.00 0.00 0.11 0.03 0.00 0.00 0.00 0.00
1 0 317 4973 0 0 0 0 0 0 0 0 0 0 0 0 1 1 0.00 0.00 0.00 0.00 1.00 0.00 0.00 19 255 1.00 0.00 0.05 0.03 0.00 0.00 0.00 0.00
1 0 283 1920 0 0 0 0 0 0 0 0 0 0 0 0 7 7 0.00 0.00 0.00 0.00 1.00 0.00 0.00 7 255 1.00 0.00 0.14 0.03 0.00 0.00 0.00 0.00
1 0 283 1980 0 0 0 0 0 0 0 0 0 0 0 0 17 17 0.00 0.00 0.00 0.00 1.00 0.00 0.00 17 255 1.00 0.00 0.06 0.03 0.00 0.00 0.00 0.00
1 0 300 1563 0 0 0 0 0 0 0 0 0 0 0 0 9 9 0.00 0.00 0.00 0.00 1.00 0.00 0.00 27 255 1.00 0.00 0.04 0.03 0.00 0.00 0.00 0.00
1 0 324 1357 0 0 0 0 0 0 0 0 0 0 0 0 7 8 0.00 0.00 0.00 0.00 1.00 0.00 0.25 7 255 1.00 0.00 0.14 0.04 0.00 0.00 0.00 0.00
1 0 320 238 0 0 0 0 0 0 0 0 0 0 0 0 17 18 0.00 0.00 0.00 0.00 1.00 0.00 0.11 17 255 1.00 0.00 0.06 0.04 0.00 0.00 0.00 0.00
1 0 346 1270 0 0 0 0 0 0 0 0 0 0 0 0 27 28 0.00 0.00 0.00 0.00 1.00 0.00 0.07 27 255 1.00 0.00 0.04 0.04 0.00 0.00 0.00 0.00
1 0 236 39873 0 0 0 0 0 0 0 0 0 0 0 0 1 1 0.00 0.00 0.00 0.00 1.00 0.00 0.00 37 255 1.00 0.00 0.03 0.04 0.00 0.00 0.00 0.00
1 0 295 1087 0 0 0 0 0 0 0 0 0 0 0 0 11 11 0.00 0.00 0.00 0.00 1.00 0.00 0.00 47 255 1.00 0.00 0.02 0.04 0.00 0.00 0.00 0.00
1 0 319 1467 0 0 0 0 0 0 0 0 0 0 0 0 21 23 0.00 0.00 0.00 0.00 1.00 0.00 0.09 57 255 1.00 0.00 0.02 0.04 0.00 0.00 0.00 0.00
1 0 301 1349 0 0 0 0 0 0 0 0 0 0 0 0 31 33 0.00 0.00 0.00 0.00 1.00 0.00 0.06 67 255 1.00 0.00 0.01 0.04 0.00 0.00 0.00 0.00
1 0 281 757 0 0 0 0 0 0 0 0 0 0 0 0 1 2 0.00 0.00 0.00 0.00 1.00 0.00 1.00 1 255 1.00 0.00 1.00 0.05 0.00 0.00 0.00 0.00
1 0 281 757 0 0 0 0 0 0 0 0 0 0 0 0 2 9 0.00 0.00 0.00 0.00 1.00 0.00 0.22 11 255 1.00 0.00 0.09 0.05 0.00 0.00 0.00 0.00
1 0 239 760 0 0 0 0 0 0 0 0 0 0 0 0 2 33 0.00 0.00 0.00 0.00 1.00 0.00 0.18 21 255 1.00 0.00 0.05 0.05 0.00 0.00 0.00 0.00
1 0 309 757 0 0 0 0 0 0 0 0 0 0 0 0 3 10 0.00 0.00 0.00 0.00 1.00 0.00 0.20 31 255 1.00 0.00 0.03 0.04 0.00 0.00 0.00 0.00
1 0 281 757 0 0 0 0 0 0 0 0 0 0 0 0 3 4 0.00 0.00 0.00 0.00 1.00 0.00 0.50 41 255 1.00 0.00 0.02 0.04 0.00 0.00 0.00 0.00
1 0 222 763 0 0 0 0 0 0 0 0 0 0 0 0 1 2 0.00 0.00 0.00 0.00 1.00 0.00 1.00 51 255 1.00 0.00 0.02 0.04 0.00 0.00 0.00 0.00
1 0 279 757 0 0 0 0 0 0 0 0 0 0 0 0 2 6 0.00 0.00 0.00 0.00 1.00 0.00 0.33 61 255 1.00 0.00 0.02 0.04 0.00 0.00 0.00 0.00
1 0 309 757 0 0 0 0 0 0 0 0 0 0 0 0 2 2 0.00 0.00 0.00 0.00 1.00 0.00 0.00 71 255 1.00 0.00 0.01 0.04 0.00 0.00 0.00 0.00
1 0 208 757 0 0 0 0 0 0 0 0 0 0 0 0 3 10 0.00 0.00 0.00 0.00 1.00 0.00 0.20 81 255 1.00 0.00 0.01 0.04 0.00 0.00 0.00 0.00
1 0 309 755 0 0 0 0 0 0 0 0 0 0 0 0 1 1 0.00 0.00 0.00 0.00 1.00 0.00 0.00 91 255 1.00 0.00 0.01 0.04 0.00 0.00 0.00 0.00
1 0 209 751 0 0 0 0 0 0 0 0 0 0 0 0 3 11 0.00 0.00 0.00 0.00 1.00 0.00 0.18 101 255 1.00 0.00 0.01 0.04 0.00 0.00 0.00 0.00
1 0 209 751 0 0 0 0 0 0 0 0 0 0 0 0 1 6 0.00 0.00 0.00 0.00 1.00 0.00 0.33 111 255 1.00 0.00 0.01 0.04 0.00 0.00 0.00 0.00
1 0 281 755 0 0 0 0 0 0 0 0 0 0 0 0 2 9 0.00 0.00 0.00 0.00 1.00 0.00 0.22 121 255 1.00 0.00 0.01 0.04 0.00 0.00 0.00 0.00
1 0 281 757 0 0 0 0 0 0 0 0 0 0 0 0 4 11 0.00 0.00 0.00 0.00 1.00 0.00 0.18 131 255 1.00 0.00 0.01 0.03 0.00 0.00 0.00 0.00
1 0 208 751 0 0 0 0 0 0 0 0 0 0 0 0 4 11 0.00 0.00 0.00 0.00 1.00 0.00 0.18 141 255 1.00 0.00 0.01 0.03 0.00 0.00 0.00 0.00
1 0 309 757 0 0 0 0 0 0 0 0 0 0 0 0 2 8 0.00 0.00 0.00 0.00 1.00 0.00 0.25 151 255 1.00 0.00 0.01 0.03 0.00 0.00 0.00 0.00
1 0 192 755 0 0 0 0 0 0 0 0 0 0 0 0 3 7 0.00 0.00 0.00 0.00 1.00 0.00 0.29 161 255 1.00 0.00 0.01 0.03 0.00 0.00 0.00 0.00
1 0 281 755 0 0 0 0 0 0 0 0 0 0 0 0 4 10 0.00 0.00 0.00 0.00 1.00 0.00 0.20 171 255 1.00 0.00 0.01 0.03 0.00 0.00 0.00 0.00
1 0 279 757 0 0 0 0 0 0 0 0 0 0 0 0 3 12 0.00 0.00 0.00 0.00 1.00 0.00 0.17 181 255 1.00 0.00 0.01 0.02 0.00 0.00 0.00 0.00
1 0 283 5286 0 0 0 0 0 0 0 0 0 0 0 0 7 7 0.00 0.00 0.00 0.00 1.00 0.00 0.00 7 255 1.00 0.00 0.14 0.02 0.00 0.00 0.00 0.00
1 0 289 8841 0 0 0 0 0 0 0 0 0 0 0 0 17 17 0.00 0.00 0.00 0.00 1.00 0.00 0.00 17 255 1.00 0.00 0.06 0.02 0.00 0.00 0.00 0.00
1 0 186 316 0 0 0 0 0 0 0 0 0 0 0 0 5 8 0.00 0.00 0.00 0.00 1.00 0.00 0.25 6 255 1.00 0.00 0.17 0.03 0.00 0.00 0.00 0.00
1 0 215 1263 0 0 0 0 0 0 0 0 0 0 0 0 3 3 0.00 0.00 0.00 0.00 1.00 0.00 0.00 16 255 1.00 0.00 0.06 0.03 0.00 0.00 0.00 0.00
1 0 226 944 0 0 0 0 0 0 0 0 0 0 0 0 2 2 0.00 0.00 0.00 0.00 1.00 0.00 0.00 26 255 1.00 0.00 0.04 0.03 0.00 0.00 0.00 0.00
1 0 219 308 0 0 0 0 0 0 0 0 0 0 0 0 2 2 0.00 0.00 0.00 0.00 1.00 0.00 0.00 36 255 1.00 0.00 0.03 0.03 0.00 0.00 0.00 0.00
1 0 213 2325 0 0 0 0 0 0 0 0 0 0 0 0 12 13 0.00 0.00 0.00 0.00 1.00 0.00 0.15 46 255 1.00 0.00 0.02 0.02 0.00 0.00 0.00 0.00
1 0 275 316 0 0 0 0 0 0 0 0 0 0 0 0 9 12 0.00 0.00 0.00 0.00 1.00 0.00 0.17 56 255 1.00 0.00 0.02 0.02 0.00 0.00 0.00 0.00
1 0 296 1319 0 0 0 0 0 0 0 0 0 0 0 0 8 8 0.00 0.00 0.00 0.00 1.00 0.00 0.00 66 255 1.00 0.00 0.02 0.02 0.00 0.00 0.00 0.00
1 0 205 308 0 0 0 0 0 0 0 0 0 0 0 0 7 39 0.00 0.00 0.00 0.00 1.00 0.00 0.18 76 255 1.00 0.00 0.01 0.02 0.00 0.00 0.00 0.00
1 0 228 316 0 0 0 0 0 0 0 0 0 0 0 0 6 6 0.00 0.00 0.00 0.00 1.00 0.00 0.00 86 255 1.00 0.00 0.01 0.02 0.00 0.00 0.00 0.00
1 0 241 944 0 0 0 0 0 0 0 0 0 0 0 0 3 24 0.00 0.00 0.00 0.00 1.00 0.00 0.21 96 255 1.00 0.00 0.01 0.02 0.00 0.00 0.00 0.00
1 0 214 1367 0 0 0 0 0 0 0 0 0 0 0 0 4 4 0.00 0.00 0.00 0.00 1.00 0.00 0.00 106 255 1.00 0.00 0.01 0.02 0.00 0.00 0.00 0.00
1 0 238 7339 0 0 0 0 0 0 0 0 0 0 0 0 4 4 0.00 0.00 0.00 0.00 1.00 0.00 0.00 116 255 1.00 0.00 0.01 0.02 0.00 0.00 0.00 0.00
1 0 251 1319 0 0 0 0 0 0 0 0 0 0 0 0 5 6 0.00 0.00 0.00 0.00 1.00 0.00 0.33 126 255 1.00 0.00 0.01 0.02 0.00 0.00 0.00 0.00
1 0 302 1263 0 0 0 0 0 0 0 0 0 0 0 0 4 5 0.00 0.00 0.00 0.00 1.00 0.00 0.40 136 255 1.00 0.00 0.01 0.02 0.00 0.00 0.00 0.00
1 0 191 2071 0 0 0 0 0 0 0 0 0 0 0 0 4 7 0.00 0.00 0.00 0.00 1.00 0.00 0.43 146 255 1.00 0.00 0.01 0.02 0.00 0.00 0.00 0.00
1 0 230 16617 0 0 0 0 0 0 0 0 0 0 0 0 1 2 0.00 0.00 0.00 0.00 1.00 0.00 1.00 156 255 1.00 0.00 0.01 0.02 0.00 0.00 0.00 0.00
1 0 280 934 0 0 0 0 0 0 0 0 0 0 0 0 11 15 0.00 0.00 0.00 0.00 1.00 0.00 0.13 166 255 1.00 0.00 0.01 0.02 0.00 0.00 0.00 0.00
1 0 192 7355 0 0 0 0 0 0 0 0 0 0 0 0 10 23 0.00 0.00 0.00 0.00 1.00 0.00 0.13 176 255 1.00 0.00 0.01 0.02 0.00 0.00 0.00 0.00
1 0 187 1046 0 0 0 0 0 0 0 0 0 0 0 0 9 34 0.00 0.00 0.00 0.00 1.00 0.00 0.12 186 255 1.00 0.00 0.01 0.02 0.00 0.00 0.00 0.00
1 0 214 1319 0 0 0 0 0 0 0 0 0 0 0 0 8 9 0.00 0.00 0.00 0.00 1.00 0.00 0.22 196 255 1.00 0.00 0.01 0.02 0.00 0.00 0.00 0.00
1 0 231 1046 0 0 0 0 0 0 0 0 0 0 0 0 6 11 0.00 0.00 0.00 0.00 1.00 0.00 0.36 206 255 1.00 0.00 0.00 0.02 0.00 0.00 0.00 0.00
1 0 279 7355 0 0 0 0 0 0 0 0 0 0 0 0 6 9 0.00 0.00 0.00 0.00 1.00 0.00 0.22 216 255 1.00 0.00 0.00 0.02 0.00 0.00 0.00 0.00
1 0 296 316 0 0 0 0 0 0 0 0 0 0 0 0 5 6 0.00 0.00 0.00 0.00 1.00 0.00 0.33 226 255 1.00 0.00 0.00 0.02 0.00 0.00 0.00 0.00
1 0 228 16617 0 0 0 0 0 0 0 0 0 0 0 0 3 3 0.00 0.00 0.00 0.00 1.00 0.00 0.00 236 255 1.00 0.00 0.00 0.01 0.00 0.00 0.00 0.00
1 0 305 944 0 0 0 0 0 0 0 0 0 0 0 0 2 5 0.00 0.00 0.00 0.00 1.00 0.00 0.40 246 255 1.00 0.00 0.00 0.01 0.00 0.00 0.00 0.00
1 0 305 934 0 0 0 0 0 0 0 0 0 0 0 0 12 12 0.00 0.00 0.00 0.00 1.00 0.00 0.00 255 255 1.00 0.00 0.00 0.00 0.00 0.00 0.00 0.00
1 0 303 316 0 0 0 0 0 0 0 0 0 0 0 0 10 14 0.00 0.00 0.00 0.00 1.00 0.00 0.14 255 255 1.00 0.00 0.00 0.00 0.00 0.00 0.00 0.00
1 0 307 891 0 0 0 0 0 0 0 0 0 0 0 0 8 11 0.00 0.00 0.00 0.00 1.00 0.00 0.18 255 255 1.00 0.00 0.00 0.00 0.00 0.00 0.00 0.00
1 0 277 891 0 0 0 0 0 0 0 0 0 0 0 0 6 13 0.00 0.00 0.00 0.00 1.00 0.00 0.31 255 255 1.00 0.00 0.00 0.00 0.00 0.00 0.00 0.00
1 0 308 944 0 0 0 0 0 0 0 0 0 0 0 0 5 17 0.00 0.00 0.00 0.00 1.00 0.00 0.18 255 255 1.00 0.00 0.01 0.00 0.00 0.00 0.00 0.00
1 0 203 1046 0 0 0 0 0 0 0 0 0 0 0 0 3 3 0.00 0.00 0.00 0.00 1.00 0.00 0.00 255 255 1.00 0.00 0.00 0.00 0.00 0.00 0.00 0.00
1 0 304 783 0 0 0 0 0 0 0 0 0 0 0 0 2 7 0.00 0.00 0.00 0.00 1.00 0.00 0.57 255 255 1.00 0.00 0.00 0.00 0.00 0.00 0.00 0.00
1 0 302 1263 0 0 0 0 0 0 0 0 0 0 0 0 2 4 0.00 0.00 0.00 0.00 1.00 0.00 0.75 255 255 1.00 0.00 0.00 0.00 0.00 0.00 0.00 0.00
1 0 307 891 0 0 0 0 0 0 0 0 0 0 0 0 12 14 0.00 0.00 0.00 0.00 1.00 0.00 0.21 255 255 1.00 0.00 0.00 0.00 0.00 0.00 0.00 0.00
1 0 207 891 0 0 0 0 0 0 0 0 0 0 0 0 9 13 0.00 0.00 0.00 0.00 1.00 0.00 0.15 255 255 1.00 0.00 0.00 0.00 0.00 0.00 0.00 0.00
1 0 231 903 0 0 0 0 0 0 0 0 0 0 0 0 8 8 0.00 0.00 0.00 0.00 1.00 0.00 0.00 255 255 1.00 0.00 0.00 0.00 0.00 0.00 0.00 0.00
1 0 304 1046 0 0 0 0 0 0 0 0 0 0 0 0 3 6 0.00 0.00 0.00 0.00 1.00 0.00 0.33 255 255 1.00 0.00 0.00 0.00 0.00 0.00 0.00 0.00
1 0 280 2071 0 0 0 0 0 0 0 0 0 0 0 0 6 7 0.00 0.00 0.00 0.00 1.00 0.00 0.29 255 255 1.00 0.00 0.00 0.00 0.00 0.00 0.00 0.00
1 0 208 934 0 0 0 0 0 0 0 0 0 0 0 0 9 13 0.00 0.00 0.00 0.00 1.00 0.00 0.15 255 255 1.00 0.00 0.00 0.00 0.00 0.00 0.00 0.00
1 0 217 1255 0 0 0 0 0 0 0 0 0 0 0 0 9 10 0.00 0.00 0.00 0.00 1.00 0.00 0.20 255 255 1.00 0.00 0.00 0.00 0.00 0.00 0.00 0.00
1 0 220 850 0 0 0 0 0 0 0 0 0 0 0 0 19 20 0.00 0.00 0.00 0.00 1.00 0.00 0.10 255 255 1.00 0.00 0.00 0.00 0.00 0.00 0.00 0.00
1 0 202 1263 0 0 0 0 0 0 0 0 0 0 0 0 3 5 0.00 0.00 0.00 0.00 1.00 0.00 0.40 255 255 1.00 0.00 0.00 0.00 0.00 0.00 0.00 0.00
1 0 226 944 0 0 0 0 0 0 0 0 0 0 0 0 2 3 0.00 0.00 0.00 0.00 1.00 0.00 0.67 255 255 1.00 0.00 0.00 0.00 0.00 0.00 0.00 0.00
1 0 204 1046 0 0 0 0 0 0 0 0 0 0 0 0 3 6 0.00 0.00 0.00 0.00 1.00 0.00 0.33 255 255 1.00 0.00 0.00 0.00 0.00 0.00 0.00 0.00
1 0 234 944 0 0 0 0 0 0 0 0 0 0 0 0 1 1 0.00 0.00 0.00 0.00 1.00 0.00 0.00 255 255 1.00 0.00 0.00 0.00 0.00 0.00 0.00 0.00
1 0 227 1319 0 0 0 0 0 0 0 0 0 0 0 0 10 11 0.00 0.00 0.00 0.00 1.00 0.00 0.18 255 255 1.00 0.00 0.00 0.00 0.00 0.00 0.00 0.00
1 0 333 891 0 0 0 0 0 0 0 0 0 0 0 0 11 12 0.00 0.00 0.00 0.00 1.00 0.00 0.17 255 255 1.00 0.00 0.00 0.00 0.00 0.00 0.00 0.00
1 0 340 2325 0 0 0 0 0 0 0 0 0 0 0 0 9 11 0.00 0.00 0.00 0.00 1.00 0.00 0.18 255 255 1.00 0.00 0.00 0.00 0.00 0.00 0.00 0.00
1 0 203 316 0 0 0 0 0 0 0 0 0 0 0 0 10 14 0.00 0.00 0.00 0.00 1.00 0.00 0.14 255 255 1.00 0.00 0.00 0.00 0.00 0.00 0.00 0.00
1 0 207 308 0 0 0 0 0 0 0 0 0 0 0 0 8 12 0.00 0.00 0.00 0.00 1.00 0.00 0.17 255 255 1.00 0.00 0.00 0.00 0.00 0.00 0.00 0.00
1 0 227 2325 0 0 0 0 0 0 0 0 0 0 0 0 7 8 0.00 0.00 0.00 0.00 1.00 0.00 0.25 255 255 1.00 0.00 0.00 0.00 0.00 0.00 0.00 0.00
1 0 303 316 0 0 0 0 0 0 0 0 0 0 0 0 4 7 0.00 0.00 0.00 0.00 1.00 0.00 0.29 255 255 1.00 0.00 0.00 0.00 0.00 0.00 0.00 0.00
1 0 206 891 0 0 0 0 0 0 0 0 0 0 0 0 4 7 0.00 0.00 0.00 0.00 1.00 0.00 0.29 255 255 1.00 0.00 0.00 0.00 0.00 0.00 0.00 0.00
1 0 315 1263 0 0 0 0 0 0 0 0 0 0 0 0 2 3 0.00 0.00 0.00 0.00 1.00 0.00 0.67 255 255 1.00 0.00 0.01 0.00 0.00 0.00 0.00 0.00
1 0 342 944 0 0 0 0 0 0 0 0 0 0 0 0 2 2 0.00 0.00 0.00 0.00 1.00 0.00 0.00 255 255 1.00 0.00 0.00 0.00 0.00 0.00 0.00 0.00
1 0 356 7339 0 0 0 0 0 0 0 0 0 0 0 0 3 5 0.00 0.00 0.00 0.00 1.00 0.00 0.60 255 255 1.00 0.00 0.00 0.00 0.00 0.00 0.00 0.00
1 0 279 891 0 0 0 0 0 0 0 0 0 0 0 0 10 14 0.00 0.00 0.00 0.00 1.00 0.00 0.14 255 255 1.00 0.00 0.00 0.00 0.00 0.00 0.00 0.00
1 0 208 7355 0 0 0 0 0 0 0 0 0 0 0 0 9 13 0.00 0.00 0.00 0.00 1.00 0.00 0.15 255 255 1.00 0.00 0.00 0.00 0.00 0.00 0.00 0.00
1 0 230 903 0 0 0 0 0 0 0 0 0 0 0 0 9 10 0.00 0.00 0.00 0.00 1.00 0.00 0.20 255 255 1.00 0.00 0.00 0.00 0.00 0.00 0.00 0.00
1 0 308 944 0 0 0 0 0 0 0 0 0 0 0 0 5 7 0.00 0.00 0.00 0.00 1.00 0.00 0.29 255 255 1.00 0.00 0.00 0.00 0.00 0.00 0.00 0.00
1 0 338 944 0 0 0 0 0 0 0 0 0 0 0 0 4 5 0.00 0.00 0.00 0.00 1.00 0.00 0.40 255 255 1.00 0.00 0.00 0.00 0.00 0.00 0.00 0.00
1 0 343 783 0 0 0 0 0 0 0 0 0 0 0 0 2 6 0.00 0.00 0.00 0.00 1.00 0.00 0.50 255 255 1.00 0.00 0.00 0.00 0.00 0.00 0.00 0.00
1 0 297 553 0 0 0 0 0 0 0 0 0 0 0 0 1 1 0.00 0.00 0.00 0.00 1.00 0.00 0.00 255 255 1.00 0.00 0.00 0.00 0.00 0.00 0.00 0.00
1 0 308 2071 0 0 0 0 0 0 0 0 0 0 0 0 2 3 0.00 0.00 0.00 0.00 1.00 0.00 0.67 255 255 1.00 0.00 0.00 0.00 0.00 0.00 0.00 0.00
1 0 308 934 0 0 0 0 0 0 0 0 0 0 0 0 11 15 0.00 0.00 0.00 0.00 1.00 0.00 0.13 255 255 1.00 0.00 0.00 0.00 0.00 0.00 0.00 0.00
1 0 296 934 0 0 0 0 0 0 0 0 0 0 0 0 5 5 0.00 0.00 0.00 0.00 1.00 0.00 0.00 255 255 1.00 0.00 0.00 0.00 0.00 0.00 0.00 0.00
1 0 228 16617 0 0 0 0 0 0 0 0 0 0 0 0 5 8 0.00 0.00 0.00 0.00 1.00 0.00 0.25 255 255 1.00 0.00 0.00 0.00 0.00 0.00 0.00 0.00
1 0 301 934 0 0 0 0 0 0 0 0 0 0 0 0 4 4 0.00 0.00 0.00 0.00 1.00 0.00 0.00 255 255 1.00 0.00 0.00 0.00 0.00 0.00 0.00 0.00
1 0 293 472 0 0 0 0 0 0 0 0 0 0 0 0 1 1 0.00 0.00 0.00 0.00 1.00 0.00 0.00 255 255 1.00 0.00 0.00 0.00 0.00 0.00 0.00 0.00
1 0 186 784 0 0 0 0 0 0 0 0 0 0 0 0 6 9 0.00 0.00 0.00 0.00 1.00 0.00 0.22 255 255 1.00 0.00 0.00 0.00 0.00 0.00 0.00 0.00
1 0 216 316 0 0 0 0 0 0 0 0 0 0 0 0 5 5 0.00 0.00 0.00 0.00 1.00 0.00 0.00 255 255 1.00 0.00 0.00 0.00 0.00 0.00 0.00 0.00
1 0 221 316 0 0 0 0 0 0 0 0 0 0 0 0 3 8 0.00 0.00 0.00 0.00 1.00 0.00 0.62 255 255 1.00 0.00 0.00 0.00 0.00 0.00 0.00 0.00
1 0 216 316 0 0 0 0 0 0 0 0 0 0 0 0 3 3 0.00 0.00 0.00 0.00 1.00 0.00 0.00 255 255 1.00 0.00 0.00 0.00 0.00 0.00 0.00 0.00
1 0 216 784 0 0 0 0 0 0 0 0 0 0 0 0 11 11 0.00 0.00 0.00 0.00 1.00 0.00 0.00 255 255 1.00 0.00 0.00 0.00 0.00 0.00 0.00 0.00
1 0 280 2071 0 0 0 0 0 0 0 0 0 0 0 0 10 13 0.00 0.00 0.00 0.00 1.00 0.00 0.15 255 255 1.00 0.00 0.00 0.00 0.00 0.00 0.00 0.00
1 0 290 1046 0 0 0 0 0 0 0 0 0 0 0 0 4 4 0.00 0.00 0.00 0.00 1.00 0.00 0.00 255 255 1.00 0.00 0.00 0.00 0.00 0.00 0.00 0.00
1 0 279 891 0 0 0 0 0 0 0 0 0 0 0 0 6 8 0.00 0.00 0.00 0.00 1.00 0.00 0.25 255 255 1.00 0.00 0.00 0.00 0.00 0.00 0.00 0.00
1 0 294 934 0 0 0 0 0 0 0 0 0 0 0 0 3 5 0.00 0.00 0.00 0.00 1.00 0.00 0.60 255 255 1.00 0.00 0.00 0.00 0.00 0.00 0.00 0.00
1 0 277 891 0 0 0 0 0 0 0 0 0 0 0 0 5 5 0.00 0.00 0.00 0.00 1.00 0.00 0.00 255 255 1.00 0.00 0.01 0.00 0.00 0.00 0.00 0.00
1 0 295 2325 0 0 0 0 0 0 0 0 0 0 0 0 3 6 0.00 0.00 0.00 0.00 1.00 0.00 0.67 255 255 1.00 0.00 0.00 0.00 0.00 0.00 0.00 0.00
1 0 303 1263 0 0 0 0 0 0 0 0 0 0 0 0 6 7 0.00 0.00 0.00 0.00 1.00 0.00 0.29 255 255 1.00 0.00 0.00 0.00 0.00 0.00 0.00 0.00
1 0 274 1046 0 0 0 0 0 0 0 0 0 0 0 0 10 14 0.00 0.00 0.00 0.00 1.00 0.00 0.14 255 255 1.00 0.00 0.00 0.00 0.00 0.00 0.00 0.00
1 0 296 2325 0 0 0 0 0 0 0 0 0 0 0 0 9 10 0.00 0.00 0.00 0.00 1.00 0.00 0.20 255 255 1.00 0.00 0.00 0.00 0.00 0.00 0.00 0.00
1 0 314 569 0 0 0 0 0 0 0 0 0 0 0 0 1 1 0.00 0.00 0.00 0.00 1.00 0.00 0.00 4 255 1.00 0.00 0.25 0.01 0.00 0.00 0.00 0.00
1 0 268 602 0 0 0 0 0 0 0 0 0 0 0 0 1 11 0.00 0.00 0.00 0.00 1.00 0.00 0.55 14 255 1.00 0.00 0.07 0.01 0.00 0.00 0.00 0.00
1 0 173 4522 0 0 0 0 0 0 0 0 0 0 0 0 2 2 0.00 0.00 0.00 0.00 1.00 0.00 0.00 2 255 1.00 0.00 0.50 0.02 0.00 0.00 0.00 0.00
1 0 228 1192 0 0 0 0 0 0 0 0 0 0 0 0 12 12 0.00 0.00 0.00 0.00 1.00 0.00 0.00 12 255 1.00 0.00 0.08 0.02 0.00 0.00 0.00 0.00
1 0 231 36340 0 0 0 0 0 0 0 0 0 0 0 0 22 22 0.00 0.00 0.00 0.00 1.00 0.00 0.00 22 255 1.00 0.00 0.05 0.02 0.00 0.00 0.00 0.00
1 0 241 1884 0 0 0 0 0 0 0 0 0 0 0 0 6 6 0.00 0.00 0.00 0.00 1.00 0.00 0.00 32 255 1.00 0.00 0.03 0.02 0.00 0.00 0.00 0.00
1 0 260 193 0 0 0 0 0 0 0 0 0 0 0 0 1 1 0.00 0.00 0.00 0.00 1.00 0.00 0.00 2 255 1.00 0.00 0.50 0.03 0.00 0.00 0.00 0.00
1 0 288 9477 0 0 0 0 0 0 0 0 0 0 0 0 3 3 0.00 0.00 0.00 0.00 1.00 0.00 0.00 6 255 1.00 0.00 0.17 0.04 0.00 0.00 0.00 0.00
1 0 195 1666 0 0 0 0 0 0 0 0 0 0 0 0 2 2 0.00 0.00 0.00 0.00 1.00 0.00 0.00 10 255 1.00 0.00 0.10 0.04 0.00 0.00 0.00 0.00
1 0 340 10629 0 0 0 0 0 0 0 0 0 0 0 0 4 6 0.00 0.00 0.00 0.00 1.00 0.00 0.50 4 255 1.00 0.00 0.25 0.04 0.00 0.00 0.00 0.00
1 0 338 4900 0 0 0 0 0 0 0 0 0 0 0 0 14 16 0.00 0.00 0.00 0.00 1.00 0.00 0.19 14 255 1.00 0.00 0.07 0.04 0.00 0.00 0.00 0.00
1 0 223 5668 0 0 0 0 0 0 0 0 0 0 0 0 10 10 0.00 0.00 0.00 0.00 1.00 0.00 0.00 10 255 1.00 0.00 0.10 0.05 0.00 0.00 0.00 0.00
1 0 223 1715 0 0 0 0 0 0 0 0 0 0 0 0 20 21 0.00 0.00 0.00 0.00 1.00 0.00 0.10 20 255 1.00 0.00 0.05 0.05 0.00 0.00 0.00 0.00
1 0 239 638 0 0 0 0 0 0 0 0 0 0 0 0 1 1 0.00 0.00 0.00 0.00 1.00 0.00 0.00 30 255 1.00 0.00 0.03 0.05 0.00 0.00 0.00 0.00
1 0 239 279 0 0 0 0 0 0 0 0 0 0 0 0 11 11 0.00 0.00 0.00 0.00 1.00 0.00 0.00 40 255 1.00 0.00 0.03 0.05 0.00 0.00 0.00 0.00
1 0 245 1194 0 0 0 0 0 0 0 0 0 0 0 0 21 21 0.00 0.00 0.00 0.00 1.00 0.00 0.00 50 255 1.00 0.00 0.02 0.05 0.00 0.00 0.00 0.00
1 0 190 27142 0 0 0 0 0 0 0 0 0 0 0 0 1 1 0.00 0.00 0.00 0.00 1.00 0.00 0.00 60 255 1.00 0.00 0.02 0.05 0.00 0.00 0.00 0.00
1 0 239 638 0 0 0 0 0 0 0 0 0 0 0 0 3 3 0.00 0.00 0.00 0.00 1.00 0.00 0.00 70 255 1.00 0.00 0.01 0.05 0.00 0.00 0.00 0.00
1 0 162 2429 0 0 0 0 0 0 0 0 0 0 0 0 13 13 0.00 0.00 0.00 0.00 1.00 0.00 0.00 80 255 1.00 0.00 0.01 0.05 0.00 0.00 0.00 0.00
1 0 268 338 0 0 1 0 0 0 0 0 0 0 0 0 4 17 0.00 0.00 0.00 0.00 1.00 0.00 0.12 90 255 1.00 0.00 0.01 0.05 0.00 0.00 0.00 0.00
1 0 240 294 0 0 0 0 0 0 0 0 0 0 0 0 4 4 0.00 0.00 0.00 0.00 1.00 0.00 0.00 100 255 1.00 0.00 0.01 0.05 0.00 0.00 0.00 0.00
1 0 244 1256 0 0 0 0 0 0 0 0 0 0 0 0 14 14 0.00 0.00 0.00 0.00 1.00 0.00 0.00 110 255 1.00 0.00 0.01 0.05 0.00 0.00 0.00 0.00
1 0 255 261 0 0 0 0 0 0 0 0 0 0 0 0 2 2 0.00 0.00 0.00 0.00 1.00 0.00 0.00 120 255 1.00 0.00 0.01 0.05 0.00 0.00 0.00 0.00
1 0 198 1111 0 0 0 0 0 0 0 0 0 0 0 0 1 1 0.00 0.00 0.00 0.00 1.00 0.00 0.00 130 255 1.00 0.00 0.01 0.05 0.00 0.00 0.00 0.00
1 0 162 1569 0 0 0 0 0 0 0 0 0 0 0 0 6 8 0.00 0.00 0.00 0.00 1.00 0.00 0.25 140 255 1.00 0.00 0.01 0.05 0.00 0.00 0.00 0.00
1 0 248 1681 0 0 0 0 0 0 0 0 0 0 0 0 16 21 0.00 0.00 0.00 0.00 1.00 0.00 0.10 150 255 1.00 0.00 0.01 0.05 0.00 0.00 0.00 0.00
1 0 241 253 0 0 0 0 0 0 0 0 0 0 0 0 3 3 0.00 0.00 0.00 0.00 1.00 0.00 0.00 160 255 1.00 0.00 0.01 0.04 0.00 0.00 0.00 0.00
1 0 205 1335 0 0 0 0 0 0 0 0 0 0 0 0 7 7 0.00 0.00 0.00 0.00 1.00 0.00 0.00 170 255 1.00 0.00 0.01 0.03 0.00 0.00 0.00 0.00
1 0 215 2075 0 0 0 0 0 0 0 0 0 0 0 0 17 17 0.00 0.00 0.00 0.00 1.00 0.00 0.00 180 255 1.00 0.00 0.01 0.03 0.00 0.00 0.00 0.00
1 0 297 2762 0 0 0 0 0 0 0 0 0 0 0 0 8 8 0.00 0.00 0.00 0.00 1.00 0.00 0.00 8 255 1.00 0.00 0.12 0.03 0.00 0.00 0.00 0.00
1 0 319 4967 0 0 0 0 0 0 0 0 0 0 0 0 6 6 0.00 0.00 0.00 0.00 1.00 0.00 0.00 18 255 1.00 0.00 0.06 0.03 0.00 0.00 0.00 0.00
1 0 186 2970 0 0 0 0 0 0 0 0 0 0 0 0 7 25 0.00 0.00 0.00 0.00 1.00 0.00 0.12 28 255 1.00 0.00 0.04 0.03 0.00 0.00 0.00 0.00
1 0 278 448 0 0 0 0 0 0 0 0 0 0 0 0 5 7 0.00 0.00 0.00 0.00 1.00 0.00 0.43 38 255 1.00 0.00 0.03 0.02 0.00 0.00 0.00 0.00
1 0 299 2717 0 0 0 0 0 0 0 0 0 0 0 0 6 6 0.00 0.00 0.00 0.00 1.00 0.00 0.00 48 255 1.00 0.00 0.02 0.02 0.00 0.00 0.00 0.00
1 0 395 448 0 0 0 0 0 0 0 0 0 0 0 0 4 4 0.00 0.00 0.00 0.00 1.00 0.00 0.00 58 255 1.00 0.00 0.02 0.02 0.00 0.00 0.00 0.00
1 0 213 12446 0 0 0 0 0 0 0 0 0 0 0 0 1 1 0.00 0.00 0.00 0.00 1.00 0.00 0.00 5 255 1.00 0.00 0.20 0.02 0.00 0.00 0.00 0.00
1 0 213 12446 0 0 0 0 0 0 0 0 0 0 0 0 1 1 0.00 0.00 0.00 0.00 1.00 0.00 0.00 15 255 1.00 0.00 0.07 0.01 0.00 0.00 0.00 0.00
1 0 223 13364 0 0 0 0 0 0 0 0 0 0 0 0 1 1 0.00 0.00 0.00 0.00 1.00 0.00 0.00 25 255 1.00 0.00 0.04 0.01 0.00 0.00 0.00 0.00
1 0 218 3160 0 0 0 0 0 0 0 0 0 0 0 0 11 11 0.00 0.00 0.00 0.00 1.00 0.00 0.00 35 255 1.00 0.00 0.03 0.01 0.00 0.00 0.00 0.00
1 102 201 2613 0 0 0 0 0 0 0 0 0 0 0 0 4 7 0.00 0.00 0.00 0.00 1.00 0.00 0.29 9 255 1.00 0.00 0.11 0.02 0.00 0.00 0.00 0.00
1 0 219 1354 0 0 0 0 0 0 0 0 0 0 0 0 2 2 0.00 0.00 0.00 0.00 1.00 0.00 0.00 2 255 1.00 0.00 0.50 0.02 0.00 0.00 0.00 0.00
1 0 224 3694 0 0 0 0 0 0 0 0 0 0 0 0 12 12 0.00 0.00 0.00 0.00 1.00 0.00 0.00 12 255 1.00 0.00 0.08 0.02 0.00 0.00 0.00 0.00
1 0 223 2133 0 0 0 0 0 0 0 0 0 0 0 0 22 22 0.00 0.00 0.00 0.00 1.00 0.00 0.00 22 255 1.00 0.00 0.05 0.02 0.00 0.00 0.00 0.00
1 0 220 313 0 0 0 0 0 0 0 0 0 0 0 0 4 4 0.00 0.00 0.00 0.00 1.00 0.00 0.00 32 255 1.00 0.00 0.03 0.02 0.00 0.00 0.00 0.00
1 0 222 321 0 0 0 0 0 0 0 0 0 0 0 0 4 4 0.00 0.00 0.00 0.00 1.00 0.00 0.00 42 255 1.00 0.00 0.02 0.02 0.00 0.00 0.00 0.00
1 0 289 658 0 0 0 0 0 0 0 0 0 0 0 0 4 4 0.00 0.00 0.00 0.00 1.00 0.00 0.00 52 255 1.00 0.00 0.02 0.02 0.00 0.00 0.00 0.00
1 0 308 11283 0 0 0 0 0 0 0 0 0 0 0 0 14 14 0.00 0.00 0.00 0.00 1.00 0.00 0.00 62 255 1.00 0.00 0.02 0.02 0.00 0.00 0.00 0.00
1 0 300 3218 0 0 0 0 0 0 0 0 0 0 0 0 24 24 0.00 0.00 0.00 0.00 1.00 0.00 0.00 72 255 1.00 0.00 0.01 0.02 0.00 0.00 0.00 0.00
1 0 214 609 0 0 0 0 0 0 0 0 0 0 0 0 10 11 0.00 0.00 0.00 0.00 1.00 0.00 0.18 82 255 1.00 0.00 0.01 0.02 0.00 0.00 0.00 0.00
1 0 212 259 0 0 0 0 0 0 0 0 0 0 0 0 19 20 0.00 0.00 0.00 0.00 1.00 0.00 0.10 92 255 1.00 0.00 0.01 0.02 0.00 0.00 0.00 0.00
1 0 211 313 0 0 0 0 0 0 0 0 0 0 0 0 28 29 0.00 0.00 0.00 0.00 1.00 0.00 0.07 102 255 1.00 0.00 0.01 0.02 0.00 0.00 0.00 0.00
1 0 219 4624 0 0 0 0 0 0 0 0 0 0 0 0 37 38 0.00 0.00 0.00 0.00 1.00 0.00 0.05 112 255 1.00 0.00 0.01 0.02 0.00 0.00 0.00 0.00
1 0 216 767 0 0 0 0 0 0 0 0 0 0 0 0 4 4 0.00 0.00 0.00 0.00 1.00 0.00 0.00 122 255 1.00 0.00 0.01 0.02 0.00 0.00 0.00 0.00
1 0 231 1722 0 0 0 0 0 0 0 0 0 0 0 0 13 13 0.00 0.00 0.00 0.00 1.00 0.00 0.00 132 255 1.00 0.00 0.01 0.02 0.00 0.00 0.00 0.00
1 0 227 3218 0 0 0 0 0 0 0 0 0 0 0 0 22 22 0.00 0.00 0.00 0.00 1.00 0.00 0.00 142 255 1.00 0.00 0.01 0.02 0.00 0.00 0.00 0.00
1 0 216 17733 0 0 0 0 0 0 0 0 0 0 0 0 31 31 0.00 0.00 0.00 0.00 1.00 0.00 0.00 152 255 1.00 0.00 0.01 0.02 0.00 0.00 0.00 0.00
1 0 305 1819 0 0 0 0 0 0 0 0 0 0 0 0 34 34 0.00 0.00 0.00 0.00 1.00 0.00 0.00 162 255 1.00 0.00 0.01 0.02 0.00 0.00 0.00 0.00
1 0 193 7936 0 0 0 0 0 0 0 0 0 0 0 0 2 2 0.00 0.00 0.00 0.00 1.00 0.00 0.00 172 255 1.00 0.00 0.01 0.02 0.00 0.00 0.00 0.00
1 0 191 12161 0 0 0 0 0 0 0 0 0 0 0 0 12 12 0.00 0.00 0.00 0.00 1.00 0.00 0.00 182 255 1.00 0.00 0.01 0.02 0.00 0.00 0.00 0.00
1 0 189 313 0 0 0 0 0 0 0 0 0 0 0 0 22 22 0.00 0.00 0.00 0.00 1.00 0.00 0.00 192 255 1.00 0.00 0.01 0.02 0.00 0.00 0.00 0.00
1 0 193 17733 0 0 0 0 0 0 0 0 0 0 0 0 32 32 0.00 0.00 0.00 0.00 1.00 0.00 0.00 202 255 1.00 0.00 0.00 0.02 0.00 0.00 0.00 0.00
1 0 225 1632 0 0 0 0 0 0 0 0 0 0 0 0 2 2 0.00 0.00 0.00 0.00 1.00 0.00 0.00 212 255 1.00 0.00 0.00 0.02 0.00 0.00 0.00 0.00
1 0 289 4894 0 0 0 0 0 0 0 0 0 0 0 0 4 4 0.00 0.00 0.00 0.00 1.00 0.00 0.00 222 255 1.00 0.00 0.00 0.02 0.00 0.00 0.00 0.00
1 0 303 7208 0 0 0 0 0 0 0 0 0 0 0 0 14 14 0.00 0.00 0.00 0.00 1.00 0.00 0.00 232 255 1.00 0.00 0.00 0.02 0.00 0.00 0.00 0.00
1 0 289 6329 0 0 0 0 0 0 0 0 0 0 0 0 24 24 0.00 0.00 0.00 0.00 1.00 0.00 0.00 242 255 1.00 0.00 0.00 0.01 0.00 0.00 0.00 0.00
1 0 305 1035 0 0 0 0 0 0 0 0 0 0 0 0 34 34 0.00 0.00 0.00 0.00 1.00 0.00 0.00 252 255 1.00 0.00 0.00 0.01 0.00 0.00 0.00 0.00
1 0 315 1344 0 0 0 0 0 0 0 0 0 0 0 0 2 2 0.00 0.00 0.00 0.00 1.00 0.00 0.00 255 255 1.00 0.00 0.00 0.00 0.00 0.00 0.00 0.00
1 0 321 1707 0 0 0 0 0 0 0 0 0 0 0 0 12 12 0.00 0.00 0.00 0.00 1.00 0.00 0.00 255 255 1.00 0.00 0.00 0.00 0.00 0.00 0.00 0.00
1 0 317 2083 0 0 0 0 0 0 0 0 0 0 0 0 7 7 0.00 0.00 0.00 0.00 1.00 0.00 0.00 255 255 1.00 0.00 0.00 0.00 0.00 0.00 0.00 0.00
1 0 321 1214 0 0 0 0 0 0 0 0 0 0 0 0 17 17 0.00 0.00 0.00 0.00 1.00 0.00 0.00 255 255 1.00 0.00 0.00 0.00 0.00 0.00 0.00 0.00
1 0 210 1707 0 0 0 0 0 0 0 0 0 0 0 0 9 9 0.00 0.00 0.00 0.00 1.00 0.00 0.00 255 255 1.00 0.00 0.00 0.00 0.00 0.00 0.00 0.00
1 0 214 1281 0 0 0 0 0 0 0 0 0 0 0 0 19 19 0.00 0.00 0.00 0.00 1.00 0.00 0.00 255 255 1.00 0.00 0.00 0.00 0.00 0.00 0.00 0.00
1 0 227 3218 0 0 0 0 0 0 0 0 0 0 0 0 29 29 0.00 0.00 0.00 0.00 1.00 0.00 0.00 255 255 1.00 0.00 0.00 0.00 0.00 0.00 0.00 0.00
1 0 232 1819 0 0 0 0 0 0 0 0 0 0 0 0 39 39 0.00 0.00 0.00 0.00 1.00 0.00 0.00 255 255 1.00 0.00 0.00 0.00 0.00 0.00 0.00 0.00
1 0 213 315 0 0 0 0 0 0 0 0 0 0 0 0 5 5 0.00 0.00 0.00 0.00 1.00 0.00 0.00 255 255 1.00 0.00 0.00 0.00 0.00 0.00 0.00 0.00
1 0 214 609 0 0 0 0 0 0 0 0 0 0 0 0 15 15 0.00 0.00 0.00 0.00 1.00 0.00 0.00 255 255 1.00 0.00 0.00 0.00 0.00 0.00 0.00 0.00
1 0 212 259 0 0 0 0 0 0 0 0 0 0 0 0 25 25 0.00 0.00 0.00 0.00 1.00 0.00 0.00 255 255 1.00 0.00 0.00 0.00 0.00 0.00 0.00 0.00
1 0 215 24860 0 0 0 0 0 0 0 0 0 0 0 0 35 35 0.00 0.00 0.00 0.00 1.00 0.00 0.00 255 255 1.00 0.00 0.00 0.00 0.00 0.00 0.00 0.00
1 0 317 12640 0 0 0 0 0 0 0 0 0 0 0 0 3 3 0.00 0.00 0.00 0.00 1.00 0.00 0.00 255 255 1.00 0.00 0.00 0.00 0.00 0.00 0.00 0.00
1 0 311 1707 0 0 0 0 0 0 0 0 0 0 0 0 13 13 0.00 0.00 0.00 0.00 1.00 0.00 0.00 255 255 1.00 0.00 0.00 0.00 0.00 0.00 0.00 0.00
1 0 314 2996 0 0 0 0 0 0 0 0 0 0 0 0 23 23 0.00 0.00 0.00 0.00 1.00 0.00 0.00 255 255 1.00 0.00 0.00 0.00 0.00 0.00 0.00 0.00
1 0 333 1819 0 0 0 0 0 0 0 0 0 0 0 0 34 34 0.03 0.03 0.00 0.00 1.00 0.00 0.00 255 255 1.00 0.00 0.00 0.00 0.00 0.00 0.00 0.00
1 0 0 514 0 0 0 0 0 0 0 0 0 0 0 0 3 3 0.00 0.00 0.00 0.00 1.00 0.00 0.00 255 255 1.00 0.00 0.00 0.00 0.00 0.00 0.00 0.00
1 0 284 13410 0 0 0 0 0 0 0 0 0 0 0 0 1 1 0.00 0.00 0.00 0.00 1.00 0.00 0.00 255 255 1.00 0.00 0.00 0.00 0.01 0.01 0.00 0.00
1 0 163 30113 0 0 0 0 0 0 0 0 0 0 0 0 1 5 0.00 0.00 0.00 0.00 1.00 0.00 0.40 255 255 1.00 0.00 0.00 0.00 0.01 0.01 0.00 0.00
1 0 215 12161 0 0 0 0 0 0 0 0 0 0 0 0 10 10 0.00 0.00 0.00 0.00 1.00 0.00 0.00 255 255 1.00 0.00 0.00 0.00 0.01 0.01 0.00 0.00
1 0 231 7208 0 0 0 0 0 0 0 0 0 0 0 0 19 19 0.00 0.00 0.00 0.00 1.00 0.00 0.00 255 255 1.00 0.00 0.00 0.00 0.01 0.01 0.00 0.00
1 0 233 2019 0 0 0 0 0 0 0 0 0 0 0 0 28 28 0.00 0.00 0.00 0.00 1.00 0.00 0.00 255 255 1.00 0.00 0.00 0.00 0.01 0.01 0.00 0.00
1 0 217 2658 0 0 0 0 0 0 0 0 0 0 0 0 37 37 0.00 0.00 0.00 0.00 1.00 0.00 0.00 255 255 1.00 0.00 0.00 0.00 0.01 0.01 0.00 0.00
1 0 317 4894 0 0 0 0 0 0 0 0 0 0 0 0 17 17 0.00 0.00 0.00 0.00 1.00 0.00 0.00 255 255 1.00 0.00 0.00 0.00 0.01 0.01 0.00 0.00
1 0 333 2019 0 0 0 0 0 0 0 0 0 0 0 0 27 27 0.00 0.00 0.00 0.00 1.00 0.00 0.00 255 255 1.00 0.00 0.00 0.00 0.01 0.01 0.00 0.00
1 0 317 2658 0 0 0 0 0 0 0 0 0 0 0 0 37 37 0.00 0.00 0.00 0.00 1.00 0.00 0.00 255 255 1.00 0.00 0.00 0.00 0.01 0.01 0.00 0.00
1 0 317 6329 0 0 0 0 0 0 0 0 0 0 0 0 6 6 0.00 0.00 0.00 0.00 1.00 0.00 0.00 255 255 1.00 0.00 0.00 0.00 0.01 0.01 0.00 0.00
1 0 263 30113 0 0 0 0 0 0 0 0 0 0 0 0 16 16 0.00 0.00 0.00 0.00 1.00 0.00 0.00 255 255 1.00 0.00 0.00 0.00 0.01 0.01 0.00 0.00
1 0 328 3218 0 0 0 0 0 0 0 0 0 0 0 0 26 26 0.00 0.00 0.00 0.00 1.00 0.00 0.00 255 255 1.00 0.00 0.00 0.00 0.01 0.01 0.00 0.00
1 0 320 4624 0 0 0 0 0 0 0 0 0 0 0 0 36 36 0.00 0.00 0.00 0.00 1.00 0.00 0.00 255 255 1.00 0.00 0.00 0.00 0.01 0.01 0.00 0.00
1 0 334 1610 0 0 0 0 0 0 0 0 0 0 0 0 5 6 0.00 0.00 0.00 0.00 1.00 0.00 0.33 255 255 1.00 0.00 0.00 0.00 0.01 0.01 0.00 0.00
1 0 338 5835 0 0 0 0 0 0 0 0 0 0 0 0 3 3 0.00 0.00 0.00 0.00 1.00 0.00 0.00 255 255 1.00 0.00 0.00 0.00 0.01 0.01 0.00 0.00
1 0 313 924 0 0 0 0 0 0 0 0 0 0 0 0 2 2 0.00 0.00 0.00 0.00 1.00 0.00 0.00 255 255 1.00 0.00 0.00 0.00 0.01 0.01 0.00 0.00
1 0 212 1707 0 0 0 0 0 0 0 0 0 0 0 0 12 30 0.00 0.00 0.00 0.00 1.00 0.00 0.10 255 255 1.00 0.00 0.00 0.00 0.01 0.01 0.00 0.00
1 0 217 654 0 0 0 0 0 0 0 0 0 0 0 0 21 39 0.00 0.00 0.00 0.00 1.00 0.00 0.08 255 255 1.00 0.00 0.00 0.00 0.01 0.01 0.00 0.00
1 0 217 24860 0 0 0 0 0 0 0 0 0 0 0 0 30 48 0.00 0.00 0.00 0.00 1.00 0.00 0.06 255 255 1.00 0.00 0.00 0.00 0.01 0.01 0.00 0.00
1 0 234 1035 0 0 0 0 0 0 0 0 0 0 0 0 39 57 0.00 0.00 0.00 0.00 1.00 0.00 0.05 255 255 1.00 0.00 0.00 0.00 0.01 0.01 0.00 0.00
1 0 315 12161 0 0 0 0 0 0 0 0 0 0 0 0 15 15 0.00 0.00 0.00 0.00 1.00 0.00 0.00 255 255 1.00 0.00 0.00 0.00 0.01 0.01 0.00 0.00
1 0 314 321 0 0 0 0 0 0 0 0 0 0 0 0 25 25 0.00 0.00 0.00 0.00 1.00 0.00 0.00 255 255 1.00 0.00 0.00 0.00 0.01 0.01 0.00 0.00
1 0 333 2019 0 0 0 0 0 0 0 0 0 0 0 0 35 35 0.00 0.00 0.00 0.00 1.00 0.00 0.00 255 255 1.00 0.00 0.00 0.00 0.01 0.01 0.00 0.00
1 0 289 12640 0 0 0 0 0 0 0 0 0 0 0 0 3 3 0.00 0.00 0.00 0.00 1.00 0.00 0.00 255 255 1.00 0.00 0.00 0.00 0.01 0.01 0.00 0.00
1 0 358 1272 0 0 0 0 0 0 0 0 0 0 0 0 7 7 0.00 0.00 0.00 0.00 1.00 0.00 0.00 255 255 1.00 0.00 0.00 0.00 0.01 0.01 0.00 0.00
1 0 355 2245 0 0 0 0 0 0 0 0 0 0 0 0 16 20 0.00 0.00 0.00 0.00 1.00 0.00 0.10 255 255 1.00 0.00 0.00 0.00 0.00 0.00 0.00 0.00
1 0 355 327 0 0 0 0 0 0 0 0 0 0 0 0 25 30 0.00 0.00 0.00 0.00 1.00 0.00 0.07 255 255 1.00 0.00 0.00 0.00 0.00 0.00 0.00 0.00
1 0 200 658 0 0 0 0 0 0 0 0 0 0 0 0 2 2 0.00 0.00 0.00 0.00 1.00 0.00 0.00 255 255 1.00 0.00 0.00 0.00 0.00 0.00 0.00 0.00
1 0 199 2596 0 0 0 0 0 0 0 0 0 0 0 0 12 12 0.00 0.00 0.00 0.00 1.00 0.00 0.00 255 255 1.00 0.00 0.01 0.00 0.00 0.00 0.00 0.00
1 0 219 11283 0 0 0 0 0 0 0 0 0 0 0 0 22 22 0.00 0.00 0.00 0.00 1.00 0.00 0.00 255 255 1.00 0.00 0.00 0.00 0.00 0.00 0.00 0.00
1 0 216 1819 0 0 0 0 0 0 0 0 0 0 0 0 32 32 0.00 0.00 0.00 0.00 1.00 0.00 0.00 255 255 1.00 0.00 0.01 0.00 0.00 0.00 0.00 0.00
1 0 308 11283 0 0 0 0 0 0 0 0 0 0 0 0 14 14 0.00 0.00 0.00 0.00 1.00 0.00 0.00 255 255 1.00 0.00 0.00 0.00 0.00 0.00 0.00 0.00
1 0 230 2527 0 0 0 0 0 0 0 0 0 0 0 0 9 13 0.00 0.00 0.00 0.00 1.00 0.00 0.15 255 255 1.00 0.00 0.00 0.00 0.00 0.00 0.00 0.00
1 0 198 609 0 0 0 0 0 0 0 0 0 0 0 0 7 8 0.00 0.00 0.00 0.00 1.00 0.00 0.25 255 255 1.00 0.00 0.00 0.00 0.00 0.00 0.00 0.00
1 0 199 654 0 0 0 0 0 0 0 0 0 0 0 0 17 18 0.00 0.00 0.00 0.00 1.00 0.00 0.11 255 255 1.00 0.00 0.00 0.00 0.00 0.00 0.00 0.00
1 0 197 321 0 0 0 0 0 0 0 0 0 0 0 0 27 28 0.00 0.00 0.00 0.00 1.00 0.00 0.07 255 255 1.00 0.00 0.00 0.00 0.00 0.00 0.00 0.00
1 0 197 315 0 0 0 0 0 0 0 0 0 0 0 0 37 37 0.00 0.00 0.00 0.00 1.00 0.00 0.00 255 255 1.00 0.00 0.00 0.00 0.00 0.00 0.00 0.00
1 0 210 5939 0 0 0 0 0 0 0 0 0 0 0 0 6 6 0.00 0.00 0.00 0.00 1.00 0.00 0.00 255 255 1.00 0.00 0.00 0.00 0.00 0.00 0.00 0.00
1 0 207 353 0 0 0 0 0 0 0 0 0 0 0 0 15 15 0.00 0.00 0.00 0.00 1.00 0.00 0.00 255 255 1.00 0.00 0.00 0.00 0.00 0.00 0.00 0.00
1 0 164 16963 0 0 0 0 0 0 0 0 0 0 0 0 1 4 0.00 0.00 0.00 0.00 1.00 0.00 0.50 255 255 1.00 0.00 0.00 0.00 0.00 0.00 0.00 0.00
1 0 226 1637 0 0 0 0 0 0 0 0 0 0 0 0 11 11 0.00 0.00 0.00 0.00 1.00 0.00 0.00 255 255 1.00 0.00 0.00 0.00 0.00 0.00 0.00 0.00
1 0 288 626 0 0 0 0 0 0 0 0 0 0 0 0 18 18 0.00 0.00 0.00 0.00 1.00 0.00 0.00 255 255 1.00 0.00 0.00 0.00 0.00 0.00 0.00 0.00
1 0 189 978 0 0 0 0 0 0 0 0 0 0 0 0 5 5 0.00 0.00 0.00 0.00 1.00 0.00 0.00 255 255 1.00 0.00 0.00 0.00 0.00 0.00 0.00 0.00
1 0 193 1639 0 0 0 0 0 0 0 0 0 0 0 0 14 14 0.00 0.00 0.00 0.00 1.00 0.00 0.00 255 255 1.00 0.00 0.00 0.00 0.00 0.00 0.00 0.00
1 0 190 2996 0 0 0 0 0 0 0 0 0 0 0 0 24 24 0.00 0.00 0.00 0.00 1.00 0.00 0.00 255 255 1.00 0.00 0.00 0.00 0.00 0.00 0.00 0.00
1 0 193 1337 0 0 0 0 0 0 0 0 0 0 0 0 34 34 0.00 0.00 0.00 0.00 1.00 0.00 0.00 255 255 1.00 0.00 0.00 0.00 0.00 0.00 0.00 0.00
1 0 223 1589 0 0 0 0 0 0 0 0 0 0 0 0 4 4 0.00 0.00 0.00 0.00 1.00 0.00 0.00 255 255 1.00 0.00 0.00 0.00 0.00 0.00 0.00 0.00
1 0 358 13478 0 0 0 0 0 0 0 0 0 0 0 0 5 6 0.00 0.00 0.00 0.00 1.00 0.00 0.33 255 255 1.00 0.00 0.00 0.00 0.00 0.00 0.00 0.00
1 0 355 307 0 0 0 0 0 0 0 0 0 0 0 0 13 17 0.00 0.00 0.00 0.00 1.00 0.00 0.12 255 255 1.00 0.00 0.00 0.00 0.00 0.00 0.00 0.00
1 0 358 2194 0 0 0 0 0 0 0 0 0 0 0 0 22 28 0.00 0.00 0.00 0.00 1.00 0.00 0.07 255 255 1.00 0.00 0.01 0.00 0.00 0.00 0.00 0.00
1 0 216 12640 0 0 0 0 0 0 0 0 0 0 0 0 3 20 0.00 0.00 0.00 0.00 1.00 0.00 0.20 255 255 1.00 0.00 0.00 0.00 0.00 0.00 0.00 0.00
1 0 210 1707 0 0 0 0 0 0 0 0 0 0 0 0 13 30 0.00 0.00 0.00 0.00 1.00 0.00 0.13 255 255 1.00 0.00 0.00 0.00 0.00 0.00 0.00 0.00
1 0 213 2996 0 0 0 0 0 0 0 0 0 0 0 0 23 40 0.00 0.00 0.00 0.00 1.00 0.00 0.10 255 255 1.00 0.00 0.00 0.00 0.00 0.00 0.00 0.00
1 0 212 1337 0 0 0 0 0 0 0 0 0 0 0 0 33 50 0.00 0.00 0.00 0.00 1.00 0.00 0.08 255 255 1.00 0.00 0.00 0.00 0.00 0.00 0.00 0.00
1 0 257 2085 0 0 0 0 0 0 0 0 0 0 0 0 2 3 0.00 0.00 0.00 0.00 1.00 0.00 0.67 255 255 1.00 0.00 0.00 0.00 0.00 0.00 0.00 0.00
1 0 254 2245 0 0 0 0 0 0 0 0 0 0 0 0 12 16 0.00 0.00 0.00 0.00 1.00 0.00 0.12 255 255 1.00 0.00 0.00 0.00 0.00 0.00 0.00 0.00
1 0 245 11660 0 0 0 0 0 0 0 0 0 0 0 0 22 28 0.00 0.00 0.00 0.00 1.00 0.00 0.07 255 255 1.00 0.00 0.00 0.00 0.00 0.00 0.00 0.00
1 0 186 14064 0 0 0 0 0 0 0 0 0 0 0 0 1 1 0.00 0.00 0.00 0.00 1.00 0.00 0.00 255 255 1.00 0.00 0.00 0.00 0.00 0.00 0.00 0.00
1 0 254 2245 0 0 0 0 0 0 0 0 0 0 0 0 11 15 0.00 0.00 0.00 0.00 1.00 0.00 0.13 255 255 1.00 0.00 0.00 0.00 0.00 0.00 0.00 0.00
1 0 245 11660 0 0 0 0 0 0 0 0 0 0 0 0 21 26 0.00 0.00 0.00 0.00 1.00 0.00 0.08 255 255 1.00 0.00 0.00 0.00 0.00 0.00 0.00 0.00
1 0 287 1281 0 0 0 0 0 0 0 0 0 0 0 0 36 36 0.00 0.00 0.00 0.00 1.00 0.00 0.00 255 255 1.00 0.00 0.00 0.00 0.00 0.00 0.00 0.00
1 0 327 8377 0 0 0 0 0 0 0 0 0 0 0 0 5 5 0.00 0.00 0.00 0.00 1.00 0.00 0.00 255 255 1.00 0.00 0.00 0.00 0.00 0.00 0.00 0.00
1 0 330 1272 0 0 0 0 0 0 0 0 0 0 0 0 9 14 0.00 0.00 0.00 0.00 1.00 0.00 0.14 255 255 1.00 0.00 0.00 0.00 0.00 0.00 0.00 0.00
1 0 208 767 0 0 0 0 0 0 0 0 0 0 0 0 6 6 0.17 0.17 0.00 0.00 1.00 0.00 0.00 255 255 1.00 0.00 0.00 0.00 0.00 0.00 0.00 0.00
1 0 208 1726 0 0 0 0 0 0 0 0 0 0 0 0 16 16 0.06 0.06 0.00 0.00 1.00 0.00 0.00 255 255 1.00 0.00 0.00 0.00 0.00 0.00 0.00 0.00
1 0 204 17602 0 0 0 0 0 0 0 0 0 0 0 0 26 26 0.04 0.04 0.00 0.00 1.00 0.00 0.00 255 255 1.00 0.00 0.00 0.00 0.00 0.00 0.00 0.00
1 0 207 5575 0 0 0 0 0 0 0 0 0 0 0 0 36 36 0.03 0.03 0.00 0.00 1.00 0.00 0.00 255 255 1.00 0.00 0.00 0.00 0.00 0.00 0.00 0.00
1 0 329 449 0 0 0 0 0 0 0 0 0 0 0 0 19 25 0.00 0.00 0.00 0.00 1.00 0.00 0.08 255 255 1.00 0.00 0.00 0.00 0.00 0.00 0.00 0.00
1 0 216 8422 0 0 0 0 0 0 0 0 0 0 0 0 7 8 0.00 0.00 0.00 0.00 1.00 0.00 0.25 255 255 1.00 0.00 0.00 0.00 0.00 0.00 0.00 0.00
1 0 217 3166 0 0 0 0 0 0 0 0 0 0 0 0 17 17 0.00 0.00 0.00 0.00 1.00 0.00 0.00 255 255 1.00 0.00 0.00 0.00 0.00 0.00 0.00 0.00
1 0 233 2019 0 0 0 0 0 0 0 0 0 0 0 0 27 27 0.00 0.00 0.00 0.00 1.00 0.00 0.00 255 255 1.00 0.00 0.00 0.00 0.00 0.00 0.00 0.00
1 0 233 1035 0 0 0 0 0 0 0 0 0 0 0 0 37 37 0.00 0.00 0.00 0.00 1.00 0.00 0.00 255 255 1.00 0.00 0.00 0.00 0.00 0.00 0.00 0.00
1 0 242 1416 0 0 0 0 0 0 0 0 0 0 0 0 7 7 0.00 0.00 0.00 0.00 1.00 0.00 0.00 255 255 1.00 0.00 0.00 0.00 0.00 0.00 0.00 0.00
1 0 242 1416 0 0 0 0 0 0 0 0 0 0 0 0 8 8 0.00 0.00 0.00 0.00 1.00 0.00 0.00 255 255 1.00 0.00 0.00 0.00 0.00 0.00 0.00 0.00
1 0 239 313 0 0 0 0 0 0 0 0 0 0 0 0 8 8 0.00 0.00 0.00 0.00 1.00 0.00 0.00 255 255 1.00 0.00 0.00 0.00 0.00 0.00 0.00 0.00
1 0 240 4678 0 0 0 0 0 0 0 0 0 0 0 0 18 19 0.00 0.00 0.00 0.00 1.00 0.00 0.11 255 255 1.00 0.00 0.01 0.00 0.00 0.00 0.00 0.00
1 0 219 11283 0 0 0 0 0 0 0 0 0 0 0 0 4 4 0.00 0.00 0.00 0.00 1.00 0.00 0.00 255 255 1.00 0.00 0.00 0.00 0.00 0.00 0.00 0.00
1 0 198 609 0 0 0 0 0 0 0 0 0 0 0 0 14 14 0.00 0.00 0.00 0.00 1.00 0.00 0.00 255 255 1.00 0.00 0.00 0.00 0.00 0.00 0.00 0.00
1 0 216 1819 0 0 0 0 0 0 0 0 0 0 0 0 24 24 0.00 0.00 0.00 0.00 1.00 0.00 0.00 255 255 1.00 0.00 0.00 0.00 0.00 0.00 0.00 0.00
1 0 211 3218 0 0 0 0 0 0 0 0 0 0 0 0 34 34 0.00 0.00 0.00 0.00 1.00 0.00 0.00 255 255 1.00 0.00 0.00 0.00 0.00 0.00 0.00 0.00
1 0 237 4326 0 0 0 0 0 0 0 0 0 0 0 0 3 3 0.00 0.00 0.00 0.00 1.00 0.00 0.00 255 255 1.00 0.00 0.00 0.00 0.00 0.00 0.00 0.00
1 0 146 30113 0 0 0 0 0 0 0 0 0 0 0 0 1 3 0.00 0.00 0.00 0.00 1.00 0.00 1.00 255 255 1.00 0.00 0.00 0.00 0.00 0.00 0.00 0.00
1 0 196 17602 0 0 0 0 0 0 0 0 0 0 0 0 11 13 0.00 0.00 0.00 0.00 1.00 0.00 0.23 255 255 1.00 0.00 0.00 0.00 0.00 0.00 0.00 0.00
1 0 199 654 0 0 0 0 0 0 0 0 0 0 0 0 21 23 0.00 0.00 0.00 0.00 1.00 0.00 0.13 255 255 1.00 0.00 0.00 0.00 0.00 0.00 0.00 0.00
1 0 199 5575 0 0 0 0 0 0 0 0 0 0 0 0 31 32 0.00 0.00 0.00 0.00 1.00 0.00 0.06 255 255 1.00 0.00 0.00 0.00 0.00 0.00 0.00 0.00
1 0 212 984 0 0 0 0 0 0 0 0 0 0 0 0 41 42 0.00 0.00 0.00 0.00 1.00 0.00 0.05 255 255 1.00 0.00 0.00 0.00 0.00 0.00 0.00 0.00
1 0 225 15298 0 0 0 0 0 0 0 0 0 0 0 0 10 10 0.00 0.00 0.00 0.00 1.00 0.00 0.00 255 255 1.00 0.00 0.00 0.00 0.00 0.00 0.00 0.00
1 0 215 706 0 0 0 0 0 0 0 0 0 0 0 0 20 20 0.00 0.00 0.00 0.00 1.00 0.00 0.00 255 255 1.00 0.00 0.00 0.00 0.00 0.00 0.00 0.00
1 0 222 321 0 0 0 0 0 0 0 0 0 0 0 0 19 19 0.00 0.00 0.00 0.00 1.00 0.00 0.00 255 255 1.00 0.00 0.00 0.00 0.00 0.00 0.00 0.00
1 0 226 9703 0 0 0 0 0 0 0 0 0 0 0 0 29 29 0.00 0.00 0.00 0.00 1.00 0.00 0.00 255 255 1.00 0.00 0.00 0.00 0.00 0.00 0.00 0.00
1 0 316 1416 0 0 0 0 0 0 0 0 0 0 0 0 7 8 0.00 0.00 0.00 0.00 1.00 0.00 0.25 255 255 1.00 0.00 0.00 0.00 0.00 0.00 0.00 0.00
1 0 323 13350 0 0 0 0 0 0 0 0 0 0 0 0 17 18 0.00 0.00 0.00 0.00 1.00 0.00 0.11 255 255 1.00 0.00 0.00 0.00 0.00 0.00 0.00 0.00
1 0 311 354 0 0 0 0 0 0 0 0 0 0 0 0 27 28 0.00 0.00 0.00 0.00 1.00 0.00 0.07 255 255 1.00 0.00 0.00 0.00 0.00 0.00 0.00 0.00
1 0 311 337 0 0 0 0 0 0 0 0 0 0 0 0 9 9 0.00 0.00 0.00 0.00 1.00 0.00 0.00 255 255 1.00 0.00 0.00 0.00 0.00 0.00 0.00 0.00
1 0 307 3729 0 0 0 0 0 0 0 0 0 0 0 0 3 4 0.00 0.00 0.00 0.00 1.00 0.00 0.50 255 255 1.00 0.00 0.00 0.00 0.00 0.00 0.00 0.00
1 0 317 3166 0 0 0 0 0 0 0 0 0 0 0 0 9 9 0.00 0.00 0.00 0.00 1.00 0.00 0.00 255 255 1.00 0.00 0.00 0.00 0.00 0.00 0.00 0.00
1 0 333 2019 0 0 0 0 0 0 0 0 0 0 0 0 19 22 0.00 0.00 0.00 0.00 1.00 0.00 0.09 255 255 1.00 0.00 0.00 0.00 0.00 0.00 0.00 0.00
1 0 317 1726 0 0 0 0 0 0 0 0 0 0 0 0 29 32 0.00 0.00 0.00 0.00 1.00 0.00 0.06 255 255 1.00 0.00 0.00 0.00 0.00 0.00 0.00 0.00
1 0 333 1035 0 0 0 0 0 0 0 0 0 0 0 0 39 42 0.00 0.00 0.00 0.00 1.00 0.00 0.05 255 255 1.00 0.00 0.00 0.00 0.00 0.00 0.00 0.00
1 0 313 924 0 0 0 0 0 0 0 0 0 0 0 0 4 4 0.00 0.00 0.00 0.00 1.00 0.00 0.00 255 255 1.00 0.00 0.00 0.00 0.00 0.00 0.00 0.00
1 0 314 2996 0 0 0 0 0 0 0 0 0 0 0 0 14 14 0.00 0.00 0.00 0.00 1.00 0.00 0.00 255 255 1.00 0.00 0.00 0.00 0.00 0.00 0.00 0.00
1 0 333 1819 0 0 0 0 0 0 0 0 0 0 0 0 24 24 0.00 0.00 0.00 0.00 1.00 0.00 0.00 255 255 1.00 0.00 0.00 0.00 0.00 0.00 0.00 0.00
1 0 317 4894 0 0 0 0 0 0 0 0 0 0 0 0 34 34 0.00 0.00 0.00 0.00 1.00 0.00 0.00 255 255 1.00 0.00 0.00 0.00 0.00 0.00 0.00 0.00
1 0 216 6329 0 0 0 0 0 0 0 0 0 0 0 0 1 13 0.00 0.00 0.00 0.00 1.00 0.00 0.15 255 255 1.00 0.00 0.00 0.00 0.00 0.00 0.00 0.00
1 0 216 1726 0 0 0 0 0 0 0 0 0 0 0 0 11 23 0.00 0.00 0.00 0.00 1.00 0.00 0.09 255 255 1.00 0.00 0.00 0.00 0.00 0.00 0.00 0.00
1 0 232 1819 0 0 0 0 0 0 0 0 0 0 0 0 21 21 0.00 0.00 0.00 0.00 1.00 0.00 0.00 255 255 1.00 0.00 0.00 0.00 0.00 0.00 0.00 0.00
1 0 215 24860 0 0 0 0 0 0 0 0 0 0 0 0 31 31 0.00 0.00 0.00 0.00 1.00 0.00 0.00 255 255 1.00 0.00 0.00 0.00 0.00 0.00 0.00 0.00
1 0 231 30165 0 0 0 0 0 0 0 0 0 0 0 0 1 1 0.00 0.00 0.00 0.00 1.00 0.00 0.00 255 255 1.00 0.00 0.00 0.00 0.00 0.00 0.00 0.00
1 0 297 984 0 0 0 0 0 0 0 0 0 0 0 0 11 11 0.00 0.00 0.00 0.00 1.00 0.00 0.00 255 255 1.00 0.00 0.00 0.00 0.00 0.00 0.00 0.00
1 0 281 6329 0 0 0 0 0 0 0 0 0 0 0 0 21 21 0.00 0.00 0.00 0.00 1.00 0.00 0.00 255 255 1.00 0.00 0.00 0.00 0.00 0.00 0.00 0.00
1 0 294 4109 0 0 0 0 0 0 0 0 0 0 0 0 31 31 0.00 0.00 0.00 0.00 1.00 0.00 0.00 255 255 1.00 0.00 0.00 0.00 0.00 0.00 0.00 0.00
1 0 301 1035 0 0 0 0 0 0 0 0 0 0 0 0 41 41 0.00 0.00 0.00 0.00 1.00 0.00 0.00 255 255 1.00 0.00 0.00 0.00 0.00 0.00 0.00 0.00
1 0 146 30113 0 0 0 0 0 0 0 0 0 0 0 0 2 2 0.00 0.00 0.00 0.00 1.00 0.00 0.00 255 255 1.00 0.00 0.00 0.00 0.00 0.00 0.00 0.00
1 0 198 609 0 0 0 0 0 0 0 0 0 0 0 0 12 12 0.00 0.00 0.00 0.00 1.00 0.00 0.00 255 255 1.00 0.00 0.00 0.00 0.00 0.00 0.00 0.00
1 0 199 654 0 0 0 0 0 0 0 0 0 0 0 0 22 22 0.00 0.00 0.00 0.00 1.00 0.00 0.00 255 255 1.00 0.00 0.00 0.00 0.00 0.00 0.00 0.00
1 0 200 17733 0 0 0 0 0 0 0 0 0 0 0 0 32 32 0.00 0.00 0.00 0.00 1.00 0.00 0.00 255 255 1.00 0.00 0.00 0.00 0.00 0.00 0.00 0.00
1 0 169 180 0 0 0 0 0 0 0 0 0 0 0 0 1 1 0.00 0.00 0.00 0.00 1.00 0.00 0.00 255 255 1.00 0.00 0.00 0.00 0.00 0.00 0.00 0.00
1 0 201 6329 0 0 0 0 0 0 0 0 0 0 0 0 9 9 0.00 0.00 0.00 0.00 1.00 0.00 0.00 255 255 1.00 0.00 0.00 0.00 0.00 0.00 0.00 0.00
1 0 201 3166 0 0 0 0 0 0 0 0 0 0 0 0 19 19 0.00 0.00 0.00 0.00 1.00 0.00 0.00 255 255 1.00 0.00 0.00 0.00 0.00 0.00 0.00 0.00
1 0 217 2019 0 0 0 0 0 0 0 0 0 0 0 0 29 29 0.00 0.00 0.00 0.00 1.00 0.00 0.00 255 255 1.00 0.00 0.00 0.00 0.00 0.00 0.00 0.00
1 0 200 6329 0 0 0 0 0 0 0 0 0 0 0 0 8 8 0.00 0.00 0.00 0.00 1.00 0.00 0.00 255 255 1.00 0.00 0.00 0.00 0.00 0.00 0.00 0.00
1 0 200 3166 0 0 0 0 0 0 0 0 0 0 0 0 17 17 0.00 0.00 0.00 0.00 1.00 0.00 0.00 255 255 1.00 0.00 0.00 0.00 0.00 0.00 0.00 0.00
1 0 200 706 0 0 0 0 0 0 0 0 0 0 0 0 26 26 0.00 0.00 0.00 0.00 1.00 0.00 0.00 255 255 1.00 0.00 0.00 0.00 0.00 0.00 0.00 0.00
1 0 199 5575 0 0 0 0 0 0 0 0 0 0 0 0 35 35 0.00 0.00 0.00 0.00 1.00 0.00 0.00 255 255 1.00 0.00 0.00 0.00 0.00 0.00 0.00 0.00
1 0 228 5915 0 0 0 0 0 0 0 0 0 0 0 0 3 3 0.00 0.00 0.00 0.00 1.00 0.00 0.00 255 255 1.00 0.00 0.00 0.00 0.00 0.00 0.00 0.00
1 0 236 370 0 0 0 0 0 0 0 0 0 0 0 0 12 12 0.00 0.00 0.00 0.00 1.00 0.00 0.00 255 255 1.00 0.00 0.00 0.00 0.00 0.00 0.00 0.00
1 0 225 370 0 0 0 0 0 0 0 0 0 0 0 0 8 9 0.00 0.00 0.00 0.00 1.00 0.00 0.22 255 255 1.00 0.00 0.00 0.00 0.00 0.00 0.00 0.00
1 0 228 5915 0 0 0 0 0 0 0 0 0 0 0 0 2 2 0.00 0.00 0.00 0.00 1.00 0.00 0.00 255 255 1.00 0.00 0.00 0.00 0.00 0.00 0.00 0.00
1 0 228 1079 0 0 0 0 0 0 0 0 0 0 0 0 11 11 0.00 0.00 0.00 0.00 1.00 0.00 0.00 255 255 1.00 0.00 0.00 0.00 0.00 0.00 0.00 0.00
1 0 229 2083 0 0 0 0 0 0 0 0 0 0 0 0 20 20 0.00 0.00 0.00 0.00 1.00 0.00 0.00 255 255 1.00 0.00 0.00 0.00 0.00 0.00 0.00 0.00
1 0 168 13410 0 0 0 0 0 0 0 0 0 0 0 0 1 1 0.00 0.00 0.00 0.00 1.00 0.00 0.00 255 255 1.00 0.00 0.00 0.00 0.00 0.00 0.00 0.00
1 0 198 315 0 0 0 0 0 0 0 0 0 0 0 0 8 8 0.00 0.00 0.00 0.00 1.00 0.00 0.00 255 255 1.00 0.00 0.00 0.00 0.00 0.00 0.00 0.00
1 0 200 626 0 0 0 0 0 0 0 0 0 0 0 0 18 18 0.00 0.00 0.00 0.00 1.00 0.00 0.00 255 255 1.00 0.00 0.00 0.00 0.00 0.00 0.00 0.00
1 0 201 706 0 0 0 0 0 0 0 0 0 0 0 0 28 28 0.00 0.00 0.00 0.00 1.00 0.00 0.00 255 255 1.00 0.00 0.00 0.00 0.00 0.00 0.00 0.00
1 0 201 2658 0 0 0 0 0 0 0 0 0 0 0 0 38 38 0.00 0.00 0.00 0.00 1.00 0.00 0.00 255 255 1.00 0.00 0.00 0.00 0.00 0.00 0.00 0.00
1 0 204 2993 0 0 0 0 0 0 0 0 0 0 0 0 1 1 0.00 0.00 0.00 0.00 1.00 0.00 0.00 1 255 1.00 0.00 1.00 0.02 0.00 0.00 0.00 0.00
1 0 206 9225 0 0 0 0 0 0 0 0 0 0 0 0 11 11 0.00 0.00 0.00 0.00 1.00 0.00 0.00 11 255 1.00 0.00 0.09 0.02 0.00 0.00 0.00 0.00
1 0 203 6312 0 0 0 0 0 0 0 0 0 0 0 0 5 5 0.00 0.00 0.00 0.00 1.00 0.00 0.00 21 255 1.00 0.00 0.05 0.02 0.00 0.00 0.00 0.00
1 0 200 4213 0 0 0 0 0 0 0 0 0 0 0 0 15 15 0.00 0.00 0.00 0.00 1.00 0.00 0.00 31 255 1.00 0.00 0.03 0.02 0.00 0.00 0.00 0.00
1 0 293 4203 0 0 0 0 0 0 0 0 0 0 0 0 2 2 0.00 0.00 0.00 0.00 1.00 0.00 0.00 4 255 1.00 0.00 0.25 0.02 0.00 0.00 0.00 0.00
1 0 296 6903 0 0 0 0 0 0 0 0 0 0 0 0 1 2 0.00 0.00 0.00 0.00 1.00 0.00 1.00 2 255 1.00 0.00 0.50 0.03 0.00 0.00 0.00 0.00
1 1 1596 329 0 0 0 0 0 0 0 0 0 0 0 0 1 3 0.00 0.00 0.00 0.00 1.00 0.00 1.00 2 2 1.00 0.00 0.50 0.00 0.00 0.00 0.00 0.00
1 0 19721 367 0 0 0 0 0 0 0 0 0 0 0 0 1 2 0.00 0.00 0.00 0.00 1.00 0.00 1.00 12 10 0.83 0.17 0.08 0.00 0.00 0.00 0.00 0.00
1 0 6 138 0 0 0 0 0 0 0 0 0 0 0 0 1 1 0.00 0.00 0.00 0.00 1.00 0.00 0.00 22 3 0.14 0.09 0.05 0.00 0.00 0.00 0.00 0.00
1 0 780 326 0 0 0 0 0 0 0 0 0 0 0 0 1 4 0.00 0.00 0.00 0.00 1.00 0.00 1.00 32 26 0.81 0.06 0.03 0.00 0.00 0.00 0.00 0.00
1 1 1148 327 0 0 0 0 0 0 0 0 0 0 0 0 1 3 0.00 0.00 0.00 0.00 1.00 0.00 1.00 42 34 0.81 0.05 0.02 0.00 0.00 0.00 0.00 0.00
1 1 3591 338 0 0 0 0 0 0 0 0 0 0 0 0 1 5 0.00 0.00 0.00 0.00 1.00 0.00 1.00 10 41 0.70 0.20 0.10 0.05 0.00 0.00 0.00 0.00
1 1 1572 337 0 0 0 0 0 0 0 0 0 0 0 0 1 5 0.00 0.00 0.00 0.00 1.00 0.00 1.00 20 50 0.80 0.10 0.05 0.04 0.00 0.00 0.00 0.00
1 0 104 0 0 0 0 0 0 0 0 0 0 0 0 0 1 2 0.00 0.00 0.00 0.00 1.00 0.00 1.00 6 6 1.00 0.00 1.00 0.00 0.00 0.00 0.00 0.00
1 0 89 0 0 0 0 0 0 0 0 0 0 0 0 0 1 2 0.00 0.00 0.00 0.00 1.00 0.00 1.00 16 16 1.00 0.00 1.00 0.00 0.00 0.00 0.00 0.00
1 8 98 32 0 0 0 0 0 0 0 0 0 0 0 0 1 1 0.00 0.00 0.00 0.00 1.00 0.00 0.00 26 26 1.00 0.00 1.00 0.00 0.00 0.00 0.00 0.00
1 7 89 36 0 0 0 0 0 0 0 0 0 0 0 0 1 1 0.00 0.00 0.00 0.00 1.00 0.00 0.00 36 36 1.00 0.00 1.00 0.00 0.00 0.00 0.00 0.00
1 0 103 0 0 0 0 0 0 0 0 0 0 0 0 0 1 1 0.00 0.00 0.00 0.00 1.00 0.00 0.00 46 46 1.00 0.00 1.00 0.00 0.00 0.00 0.00 0.00
1 0 104 0 0 0 0 0 0 0 0 0 0 0 0 0 1 2 0.00 0.00 0.00 0.00 1.00 0.00 1.00 56 56 1.00 0.00 1.00 0.00 0.00 0.00 0.00 0.00
1 0 103 0 0 0 0 0 0 0 0 0 0 0 0 0 1 2 0.00 0.00 0.00 0.00 1.00 0.00 1.00 66 66 1.00 0.00 1.00 0.00 0.00 0.00 0.00 0.00
1 0 89 0 0 0 0 0 0 0 0 0 0 0 0 0 1 2 0.00 0.00 0.00 0.00 1.00 0.00 1.00 76 76 1.00 0.00 1.00 0.00 0.00 0.00 0.00 0.00
1 0 79 32 0 0 0 0 0 0 0 0 0 0 0 0 1 1 0.00 0.00 0.00 0.00 1.00 0.00 0.00 86 85 0.99 0.02 0.99 0.00 0.00 0.00 0.00 0.00
1 4 89 41 0 0 0 0 0 0 0 0 0 0 0 0 1 1 0.00 0.00 0.00 0.00 1.00 0.00 0.00 96 95 0.99 0.02 0.99 0.00 0.00 0.00 0.00 0.00
1 0 1596 331 0 0 0 0 0 0 0 0 0 0 0 0 1 3 0.00 0.00 0.00 0.00 1.00 0.00 1.00 1 54 1.00 0.00 1.00 0.06 0.00 0.00 0.00 0.00
1 0 1551 332 0 0 0 0 0 0 0 0 0 0 0 0 1 3 0.00 0.00 0.00 0.00 1.00 0.00 1.00 11 64 1.00 0.00 0.09 0.05 0.00 0.00 0.00 0.00
1 0 1367 335 0 0 0 0 0 0 0 0 0 0 0 0 1 1 0.00 0.00 0.00 0.00 1.00 0.00 0.00 21 72 0.90 0.10 0.05 0.04 0.00 0.00 0.00 0.00
1 184 1511 2957 0 0 3 0 2 1 0 0 1 0 0 0 1 1 0.00 0.00 0.00 0.00 1.00 0.00 0.00 1 3 1.00 0.00 1.00 0.67 0.00 0.00 0.00 0.00
1 305 1735 2766 0 0 3 0 2 1 0 0 1 0 0 0 1 1 0.00 0.00 0.00 0.00 1.00 0.00 0.00 2 4 1.00 0.00 0.50 0.50 0.00 0.00 0.00 0.00
1 0 3714 393 0 0 0 0 0 0 0 0 0 0 0 0 1 1 0.00 0.00 0.00 0.00 1.00 0.00 0.00 12 86 0.75 0.17 0.08 0.05 0.00 0.00 0.00 0.00
1 0 15744 1869 0 0 0 0 0 0 0 0 0 0 0 0 1 1 0.00 0.00 0.00 0.00 1.00 0.00 0.00 22 92 0.68 0.14 0.05 0.04 0.05 0.00 0.00 0.00
1 0 1622 454 0 0 0 0 0 0 0 0 0 0 0 0 1 1 0.00 0.00 0.00 0.00 1.00 0.00 0.00 32 100 0.72 0.09 0.03 0.04 0.06 0.00 0.00 0.00
1 0 1518 405 0 0 0 0 0 0 0 0 0 0 0 0 1 4 0.00 0.00 0.00 0.00 1.00 0.00 1.00 42 108 0.74 0.07 0.02 0.04 0.05 0.00 0.00 0.00
1 0 1173 403 0 0 0 0 0 0 0 0 0 0 0 0 1 1 0.00 0.00 0.00 0.00 1.00 0.00 0.00 52 116 0.75 0.06 0.02 0.03 0.04 0.00 0.00 0.00
1 257 181 1222 0 0 0 0 0 0 0 0 2 0 0 0 1 1 0.00 0.00 0.00 0.00 1.00 0.00 0.00 62 15 0.21 0.05 0.02 0.13 0.03 0.13 0.00 0.00
1 0 2302 410 0 0 0 0 0 0 0 0 0 0 0 0 1 1 0.00 0.00 0.00 0.00 1.00 0.00 0.00 72 117 0.76 0.04 0.01 0.03 0.03 0.00 0.00 0.00
1 1 1587 332 0 0 0 0 0 0 0 0 0 0 0 0 1 1 0.00 0.00 0.00 0.00 1.00 0.00 0.00 3 120 1.00 0.00 0.33 0.04 0.00 0.00 0.00 0.00
1 0 1552 333 0 0 0 0 0 0 0 0 0 0 0 0 1 2 0.00 0.00 0.00 0.00 1.00 0.00 1.00 13 121 0.85 0.15 0.08 0.04 0.00 0.00 0.00 0.00
1 0 10 223 0 0 0 0 0 0 0 0 0 0 0 0 1 1 0.00 0.00 0.00 0.00 1.00 0.00 0.00 23 14 0.22 0.13 0.04 0.29 0.00 0.00 0.00 0.00
1 0 1078 334 0 0 0 0 0 0 0 0 0 0 0 0 1 4 0.00 0.00 0.00 0.00 1.00 0.00 1.00 6 119 1.00 0.00 0.17 0.04 0.00 0.00 0.00 0.00
1 0 971 335 0 0 0 0 0 0 0 0 0 0 0 0 1 1 0.00 0.00 0.00 0.00 1.00 0.00 0.00 16 120 0.94 0.12 0.06 0.03 0.00 0.00 0.00 0.00
1 1 2007 335 0 0 0 0 0 0 0 0 0 0 0 0 1 3 0.00 0.00 0.00 0.00 1.00 0.00 1.00 26 129 0.92 0.12 0.04 0.03 0.00 0.00 0.00 0.00
1 0 8 0 0 0 0 0 0 0 0 0 0 0 0 0 1 1 0.00 0.00 0.00 0.00 1.00 0.00 0.00 3 16 0.67 0.67 0.33 0.31 0.00 0.00 0.00 0.00
1 0 813 372 0 0 0 0 0 0 0 0 0 0 0 0 1 2 0.00 0.00 0.00 0.00 1.00 0.00 1.00 13 147 0.85 0.15 0.08 0.03 0.00 0.00 0.00 0.00
1 0 1468 421 0 0 0 0 0 0 0 0 0 0 0 0 1 3 0.00 0.00 0.00 0.00 1.00 0.00 1.00 23 157 0.91 0.09 0.04 0.03 0.00 0.00 0.00 0.00
1 0 842 371 0 0 0 0 0 0 0 0 0 0 0 0 1 1 0.00 0.00 0.00 0.00 1.00 0.00 0.00 33 167 0.94 0.06 0.03 0.03 0.00 0.00 0.00 0.00
1 0 2351 368 0 0 0 0 0 0 0 0 0 0 0 0 1 1 0.00 0.00 0.00 0.00 1.00 0.00 0.00 43 177 0.95 0.05 0.02 0.03 0.00 0.00 0.00 0.00
1 1 1315 367 0 0 0 0 0 0 0 0 0 0 0 0 1 1 0.00 0.00 0.00 0.00 1.00 0.00 0.00 8 187 1.00 0.00 0.12 0.03 0.00 0.00 0.00 0.00
1 0 880 327 0 0 0 0 0 0 0 0 0 0 0 0 1 1 0.00 0.00 0.00 0.00 1.00 0.00 0.00 18 195 0.89 0.11 0.06 0.03 0.00 0.00 0.00 0.00
1 0 4031 322 0 0 0 0 0 0 0 0 0 0 0 0 1 1 0.00 0.00 0.00 0.00 1.00 0.00 0.00 28 205 0.93 0.07 0.04 0.03 0.00 0.00 0.00 0.00
1 27 916 2720 0 0 19 0 0 0 0 0 0 0 0 0 2 2 0.00 0.00 0.00 0.00 1.00 0.00 0.00 5 5 1.00 0.00 0.20 0.00 0.00 0.00 0.00 0.00
1 0 2012 325 0 0 0 0 0 0 0 0 0 0 0 0 1 1 0.00 0.00 0.00 0.00 1.00 0.00 0.00 15 207 0.27 0.13 0.07 0.03 0.00 0.00 0.00 0.00
1 25 336 1063 0 0 6 0 0 0 0 0 0 0 0 0 1 1 0.00 0.00 0.00 0.00 1.00 0.00 0.00 25 18 0.72 0.08 0.04 0.00 0.00 0.00 0.00 0.00
1 20 226 767 0 0 4 0 0 0 0 0 0 0 0 0 1 1 0.00 0.00 0.00 0.00 1.00 0.00 0.00 35 24 0.69 0.06 0.03 0.00 0.00 0.00 0.00 0.00
1 27 1458 4152 0 0 30 0 0 0 0 0 0 0 0 0 1 1 0.00 0.00 0.00 0.00 1.00 0.00 0.00 45 29 0.64 0.04 0.02 0.00 0.00 0.00 0.00 0.00
1 20 239 774 0 0 4 0 0 0 0 0 0 0 0 0 1 1 0.00 0.00 0.00 0.00 1.00 0.00 0.00 55 34 0.62 0.04 0.02 0.00 0.00 0.00 0.00 0.00
1 23 342 1072 0 0 6 0 0 0 0 0 0 0 0 0 1 1 0.00 0.00 0.00 0.00 1.00 0.00 0.00 65 40 0.62 0.03 0.02 0.00 0.00 0.00 0.00 0.00
1 1 1609 364 0 0 0 0 0 0 0 0 0 0 0 0 1 4 0.00 0.00 0.00 0.00 1.00 0.00 1.00 75 187 0.37 0.03 0.01 0.03 0.00 0.00 0.00 0.00
1 21 227 766 0 0 4 0 0 0 0 0 0 0 0 0 1 1 0.00 0.00 0.00 0.00 1.00 0.00 0.00 85 50 0.59 0.02 0.01 0.00 0.00 0.00 0.00 0.00
1 0 946 331 0 0 0 0 0 0 0 0 0 0 0 0 1 1 0.00 0.00 0.00 0.00 1.00 0.00 0.00 4 181 0.50 0.75 0.25 0.04 0.00 0.00 0.00 0.00
1 0 15726 1381 0 0 0 0 0 0 0 0 0 0 0 0 1 4 0.00 0.00 0.00 0.00 1.00 0.00 1.00 14 184 0.86 0.21 0.07 0.04 0.00 0.00 0.00 0.00
1 0 887 326 0 0 0 0 0 0 0 0 0 0 0 0 1 1 0.00 0.00 0.00 0.00 1.00 0.00 0.00 24 184 0.92 0.12 0.04 0.04 0.00 0.00 0.00 0.00
1 0 1533 330 0 0 0 0 0 0 0 0 0 0 0 0 1 3 0.00 0.00 0.00 0.00 1.00 0.00 1.00 34 181 0.85 0.09 0.03 0.03 0.00 0.00 0.00 0.00
1 0 1541 333 0 0 0 0 0 0 0 0 0 0 0 0 1 1 0.00 0.00 0.00 0.00 1.00 0.00 0.00 5 183 0.80 0.40 0.20 0.04 0.00 0.00 0.00 0.00
1 1 1338 334 0 0 0 0 0 0 0 0 0 0 0 0 1 3 0.00 0.00 0.00 0.00 1.00 0.00 1.00 15 187 0.93 0.13 0.07 0.03 0.00 0.00 0.00 0.00
1 1 1145 330 0 0 0 0 0 0 0 0 0 0 0 0 1 2 0.00 0.00 0.00 0.00 1.00 0.00 1.00 25 188 0.96 0.08 0.04 0.03 0.00 0.00 0.00 0.00
1 0 9 139 0 0 0 0 0 0 0 0 0 0 0 0 1 1 0.00 0.00 0.00 0.00 1.00 0.00 0.00 10 15 0.30 0.30 0.10 0.40 0.00 0.00 0.00 0.00
1 0 2362 372 0 0 0 0 0 0 0 0 0 0 0 0 1 2 0.00 0.00 0.00 0.00 1.00 0.00 1.00 20 183 0.70 0.15 0.05 0.04 0.00 0.00 0.00 0.00
1 0 642 327 0 0 0 0 0 0 0 0 0 0 0 0 1 1 0.00 0.00 0.00 0.00 1.00 0.00 0.00 30 185 0.80 0.10 0.03 0.03 0.00 0.00 0.00 0.00
1 1 1149 329 0 0 0 0 0 0 0 0 0 0 0 0 1 5 0.00 0.00 0.00 0.00 1.00 0.00 1.00 40 183 0.80 0.08 0.03 0.03 0.00 0.00 0.00 0.00
1 0 1705 494 0 0 0 0 0 0 0 0 0 0 0 0 1 1 0.00 0.00 0.00 0.00 1.00 0.00 0.00 10 182 0.90 0.20 0.10 0.04 0.00 0.00 0.00 0.00
1 0 3574 494 0 0 0 0 0 0 0 0 0 0 0 0 1 2 0.00 0.00 0.00 0.00 1.00 0.00 1.00 20 182 0.95 0.10 0.05 0.04 0.00 0.00 0.00 0.00
1 0 1974 494 0 0 0 0 0 0 0 0 0 0 0 0 1 1 0.00 0.00 0.00 0.00 1.00 0.00 0.00 30 182 0.97 0.07 0.03 0.03 0.00 0.00 0.00 0.00
1 0 2334 549 0 0 0 0 0 0 0 0 0 0 0 0 1 1 0.00 0.00 0.00 0.00 1.00 0.00 0.00 40 183 0.95 0.05 0.03 0.03 0.00 0.00 0.00 0.00
1 0 613 544 0 0 0 0 0 0 0 0 0 0 0 0 1 1 0.00 0.00 0.00 0.00 1.00 0.00 0.00 50 182 0.94 0.04 0.02 0.03 0.00 0.00 0.00 0.00
1 0 9640 489 0 0 0 0 0 0 0 0 0 0 0 0 1 1 0.00 0.00 0.00 0.00 1.00 0.00 0.00 60 182 0.93 0.05 0.02 0.03 0.00 0.00 0.00 0.00
1 0 1575 498 0 0 0 0 0 0 0 0 0 0 0 0 1 1 0.00 0.00 0.00 0.00 1.00 0.00 0.00 70 190 0.93 0.04 0.01 0.03 0.00 0.00 0.00 0.00
1 0 1415 880 0 0 0 0 0 0 0 0 0 0 0 0 1 1 0.00 0.00 0.00 0.00 1.00 0.00 0.00 80 196 0.94 0.04 0.01 0.03 0.00 0.00 0.00 0.00
1 0 202 2209 0 0 0 0 0 0 0 0 0 0 0 0 7 21 0.00 0.00 0.00 0.00 1.00 0.00 0.10 7 7 1.00 0.00 0.14 0.00 0.00 0.00 0.00 0.00
1 0 222 1295 0 0 0 0 0 0 0 0 0 0 0 0 4 9 0.00 0.00 0.00 0.00 1.00 0.00 0.22 17 17 1.00 0.00 0.06 0.00 0.00 0.00 0.00 0.00
1 0 200 2441 0 0 0 0 0 0 0 0 0 0 0 0 2 2 0.00 0.00 0.00 0.00 1.00 0.00 0.00 27 27 1.00 0.00 0.04 0.00 0.00 0.00 0.00 0.00
1 0 191 910 0 0 0 0 0 0 0 0 0 0 0 0 12 12 0.00 0.00 0.00 0.00 1.00 0.00 0.00 37 37 1.00 0.00 0.03 0.00 0.00 0.00 0.00 0.00
1 0 210 1295 0 0 0 0 0 0 0 0 0 0 0 0 2 2 0.00 0.00 0.00 0.00 1.00 0.00 0.00 47 47 1.00 0.00 0.02 0.00 0.00 0.00 0.00 0.00
1 0 238 13410 0 0 0 0 0 0 0 0 0 0 0 0 4 4 0.00 0.00 0.00 0.00 1.00 0.00 0.00 57 57 1.00 0.00 0.02 0.00 0.00 0.00 0.00 0.00
1 0 199 3019 0 0 0 0 0 0 0 0 0 0 0 0 6 6 0.00 0.00 0.00 0.00 1.00 0.00 0.00 67 67 1.00 0.00 0.01 0.00 0.00 0.00 0.00 0.00
1 0 225 1823 0 0 0 0 0 0 0 0 0 0 0 0 3 3 0.00 0.00 0.00 0.00 1.00 0.00 0.00 77 77 1.00 0.00 0.01 0.00 0.00 0.00 0.00 0.00
1 0 211 4326 0 0 0 0 0 0 0 0 0 0 0 0 6 6 0.00 0.00 0.00 0.00 1.00 0.00 0.00 87 87 1.00 0.00 0.01 0.00 0.00 0.00 0.00 0.00
1 0 160 7226 0 0 0 0 0 0 0 0 0 0 0 0 3 3 0.00 0.00 0.00 0.00 1.00 0.00 0.00 97 97 1.00 0.00 0.01 0.00 0.00 0.00 0.00 0.00
1 0 303 498 0 0 0 0 0 0 0 0 0 0 0 0 9 9 0.00 0.00 0.00 0.00 1.00 0.00 0.00 9 107 1.00 0.00 0.11 0.02 0.00 0.00 0.00 0.00
1 0 229 9920 0 0 0 0 0 0 0 0 0 0 0 0 1 1 0.00 0.00 0.00 0.00 1.00 0.00 0.00 19 117 1.00 0.00 0.05 0.02 0.00 0.00 0.00 0.00
1 0 300 484 0 0 0 0 0 0 0 0 0 0 0 0 1 1 0.00 0.00 0.00 0.00 1.00 0.00 0.00 29 127 1.00 0.00 0.03 0.02 0.00 0.00 0.00 0.00
1 0 274 25212 0 0 0 0 0 0 0 0 0 0 0 0 1 6 0.00 0.00 0.00 0.00 1.00 0.00 0.50 39 137 1.00 0.00 0.03 0.01 0.00 0.00 0.00 0.00
1 0 309 3368 0 0 0 0 0 0 0 0 0 0 0 0 2 6 0.00 0.00 0.00 0.00 1.00 0.00 0.33 49 147 1.00 0.00 0.02 0.01 0.00 0.00 0.00 0.00
1 0 307 1992 0 0 0 0 0 0 0 0 0 0 0 0 12 16 0.00 0.00 0.00 0.00 1.00 0.00 0.12 59 157 1.00 0.00 0.02 0.01 0.00 0.00 0.00 0.00
1 0 276 2456 0 0 0 0 0 0 0 0 0 0 0 0 8 22 0.00 0.00 0.00 0.00 1.00 0.00 0.14 69 167 1.00 0.00 0.01 0.01 0.00 0.00 0.00 0.00
1 0 227 9920 0 0 0 0 0 0 0 0 0 0 0 0 3 3 0.00 0.00 0.00 0.00 1.00 0.00 0.00 79 177 1.00 0.00 0.01 0.01 0.00 0.00 0.00 0.00
1 0 319 650 0 0 0 0 0 0 0 0 0 0 0 0 4 4 0.00 0.00 0.00 0.00 1.00 0.00 0.00 89 187 1.00 0.00 0.01 0.01 0.00 0.00 0.00 0.00
1 0 329 9960 0 0 0 0 0 0 0 0 0 0 0 0 6 6 0.00 0.00 0.00 0.00 1.00 0.00 0.00 99 197 1.00 0.00 0.01 0.01 0.00 0.00 0.00 0.00
1 0 277 632 0 0 0 0 0 0 0 0 0 0 0 0 8 9 0.00 0.00 0.00 0.00 1.00 0.00 0.22 109 207 1.00 0.00 0.01 0.01 0.00 0.00 0.00 0.00
1 0 312 866 0 0 0 0 0 0 0 0 0 0 0 0 7 7 0.00 0.00 0.00 0.00 1.00 0.00 0.00 7 217 1.00 0.00 0.14 0.01 0.00 0.00 0.00 0.00
1 0 328 19161 0 0 0 0 0 0 0 0 0 0 0 0 2 2 0.00 0.00 0.00 0.00 1.00 0.00 0.00 5 227 1.00 0.00 0.20 0.02 0.00 0.00 0.00 0.00
1 0 30 0 0 0 0 0 0 0 0 0 0 0 0 0 1 1 0.00 0.00 0.00 0.00 1.00 0.00 0.00 1 1 1.00 0.00 1.00 0.00 0.00 0.00 0.00 0.00
1 0 30 0 0 0 0 0 0 0 0 0 0 0 0 0 1 1 0.00 0.00 0.00 0.00 1.00 0.00 0.00 11 11 1.00 0.00 1.00 0.00 0.00 0.00 0.00 0.00
1 0 30 0 0 0 0 0 0 0 0 0 0 0 0 0 1 1 0.00 0.00 0.00 0.00 1.00 0.00 0.00 21 21 1.00 0.00 1.00 0.00 0.00 0.00 0.00 0.00
1 0 30 0 0 0 0 0 0 0 0 0 0 0 0 0 1 1 0.00 0.00 0.00 0.00 1.00 0.00 0.00 31 31 1.00 0.00 1.00 0.00 0.00 0.00 0.00 0.00
1 0 30 75 0 0 0 0 0 0 0 0 0 0 0 0 1 2 0.00 0.00 0.00 0.00 1.00 0.00 1.00 9 2 0.22 0.22 0.22 0.00 0.00 0.00 0.00 0.00
1 0 48 48 0 0 0 0 0 0 0 0 0 0 0 0 1 1 0.00 0.00 0.00 0.00 1.00 0.00 0.00 19 15 0.79 0.11 0.79 0.00 0.00 0.00 0.00 0.00
1 0 48 48 0 0 0 0 0 0 0 0 0 0 0 0 1 1 0.00 0.00 0.00 0.00 1.00 0.00 0.00 29 21 0.72 0.07 0.72 0.00 0.00 0.00 0.00 0.00
1 0 10 39 0 0 0 0 0 0 0 0 0 0 0 0 1 1 0.00 0.00 0.00 0.00 1.00 0.00 0.00 39 8 0.21 0.08 0.03 0.00 0.00 0.00 0.00 0.00
1 0 48 48 0 0 0 0 0 0 0 0 0 0 0 0 1 1 0.00 0.00 0.00 0.00 1.00 0.00 0.00 49 28 0.57 0.06 0.57 0.00 0.00 0.00 0.00 0.00
1 0 48 48 0 0 0 0 0 0 0 0 0 0 0 0 1 1 0.00 0.00 0.00 0.00 1.00 0.00 0.00 59 38 0.64 0.05 0.64 0.00 0.00 0.00 0.00 0.00
1 0 48 48 0 0 0 0 0 0 0 0 0 0 0 0 1 1 0.00 0.00 0.00 0.00 1.00 0.00 0.00 69 48 0.70 0.04 0.70 0.00 0.00 0.00 0.00 0.00
1 0 48 48 0 0 0 0 0 0 0 0 0 0 0 0 1 1 0.00 0.00 0.00 0.00 1.00 0.00 0.00 79 58 0.73 0.04 0.73 0.00 0.00 0.00 0.00 0.00
1 0 45 114 0 0 0 0 0 0 0 0 0 0 0 0 1 1 0.00 0.00 0.00 0.00 1.00 0.00 0.00 89 9 0.10 0.04 0.10 0.00 0.00 0.00 0.00 0.00
1 0 48 48 0 0 0 0 0 0 0 0 0 0 0 0 1 1 0.00 0.00 0.00 0.00 1.00 0.00 0.00 99 74 0.75 0.04 0.75 0.00 0.00 0.00 0.00 0.00
1 0 45 95 0 0 0 0 0 0 0 0 0 0 0 0 3 10 0.00 0.00 0.00 0.00 1.00 0.00 0.40 3 15 1.00 0.00 1.00 0.13 0.00 0.00 0.00 0.00
1 0 30 0 0 0 0 0 0 0 0 0 0 0 0 0 1 1 0.00 0.00 0.00 0.00 1.00 0.00 0.00 4 5 1.00 0.00 1.00 0.40 0.00 0.00 0.00 0.00
1 0 30 0 0 0 0 0 0 0 0 0 0 0 0 0 1 1 0.00 0.00 0.00 0.00 1.00 0.00 0.00 14 15 1.00 0.00 1.00 0.13 0.00 0.00 0.00 0.00
1 0 30 0 0 0 0 0 0 0 0 0 0 0 0 0 1 1 0.00 0.00 0.00 0.00 1.00 0.00 0.00 24 25 1.00 0.00 1.00 0.08 0.00 0.00 0.00 0.00
1 0 30 0 0 0 0 0 0 0 0 0 0 0 0 0 1 1 0.00 0.00 0.00 0.00 1.00 0.00 0.00 34 35 1.00 0.00 1.00 0.06 0.00 0.00 0.00 0.00
1 0 30 0 0 0 0 0 0 0 0 0 0 0 0 0 1 1 0.00 0.00 0.00 0.00 1.00 0.00 0.00 44 45 1.00 0.00 1.00 0.04 0.00 0.00 0.00 0.00
1 0 30 0 0 0 0 0 0 0 0 0 0 0 0 0 1 1 0.00 0.00 0.00 0.00 1.00 0.00 0.00 54 55 1.00 0.00 1.00 0.04 0.00 0.00 0.00 0.00
1 0 30 0 0 0 0 0 0 0 0 0 0 0 0 0 1 1 0.00 0.00 0.00 0.00 1.00 0.00 0.00 64 65 1.00 0.00 1.00 0.03 0.00 0.00 0.00 0.00
1 0 30 0 0 0 0 0 0 0 0 0 0 0 0 0 1 1 0.00 0.00 0.00 0.00 1.00 0.00 0.00 74 75 1.00 0.00 1.00 0.03 0.00 0.00 0.00 0.00
1 0 30 0 0 0 0 0 0 0 0 0 0 0 0 0 1 1 0.00 0.00 0.00 0.00 1.00 0.00 0.00 84 85 1.00 0.00 1.00 0.02 0.00 0.00 0.00 0.00
1 0 30 0 0 0 0 0 0 0 0 0 0 0 0 0 1 1 0.00 0.00 0.00 0.00 1.00 0.00 0.00 94 95 1.00 0.00 1.00 0.02 0.00 0.00 0.00 0.00
1 0 334 2654 0 0 0 0 0 0 0 0 0 0 0 0 7 7 0.00 0.00 0.00 0.00 1.00 0.00 0.00 7 11 1.00 0.00 0.14 0.18 0.00 0.00 0.00 0.00
1 0 180 22951 0 0 0 0 0 0 0 0 0 0 0 0 1 1 0.00 0.00 0.00 0.00 1.00 0.00 0.00 17 17 1.00 0.00 0.06 0.00 0.00 0.00 0.00 0.00
1 0 242 3855 0 0 0 0 0 0 0 0 0 0 0 0 11 12 0.00 0.00 0.00 0.00 1.00 0.00 0.17 27 27 1.00 0.00 0.04 0.00 0.00 0.00 0.00 0.00
1 0 311 780 0 0 0 0 0 0 0 0 0 0 0 0 5 5 0.00 0.00 0.00 0.00 1.00 0.00 0.00 5 37 1.00 0.00 0.20 0.05 0.00 0.00 0.00 0.00
1 0 302 458 0 0 0 0 0 0 0 0 0 0 0 0 15 15 0.00 0.00 0.00 0.00 1.00 0.00 0.00 15 47 1.00 0.00 0.07 0.04 0.00 0.00 0.00 0.00
1 0 323 12547 0 0 0 0 0 0 0 0 0 0 0 0 4 4 0.00 0.00 0.00 0.00 1.00 0.00 0.00 25 57 1.00 0.00 0.04 0.04 0.00 0.00 0.00 0.00
1 0 257 23652 0 0 0 0 0 0 0 0 0 0 0 0 14 16 0.00 0.00 0.00 0.00 1.00 0.00 0.19 35 67 1.00 0.00 0.03 0.03 0.00 0.00 0.00 0.00
1 0 322 2823 0 0 0 0 0 0 0 0 0 0 0 0 24 27 0.00 0.00 0.00 0.00 1.00 0.00 0.11 45 77 1.00 0.00 0.02 0.03 0.00 0.00 0.00 0.00
1 0 225 11059 0 0 0 0 0 0 0 0 0 0 0 0 4 5 0.00 0.00 0.00 0.00 1.00 0.00 0.40 55 87 1.00 0.00 0.02 0.02 0.00 0.00 0.00 0.00
1 0 221 18977 0 0 0 0 0 0 0 0 0 0 0 0 14 15 0.00 0.00 0.00 0.00 1.00 0.00 0.13 65 97 1.00 0.00 0.02 0.02 0.00 0.00 0.00 0.00
1 0 236 1378 0 0 0 0 0 0 0 0 0 0 0 0 4 5 0.00 0.00 0.00 0.00 1.00 0.00 0.40 75 107 1.00 0.00 0.01 0.02 0.00 0.00 0.00 0.00
1 0 239 2943 0 0 0 0 0 0 0 0 0 0 0 0 14 16 0.00 0.00 0.00 0.00 1.00 0.00 0.19 85 117 1.00 0.00 0.02 0.02 0.00 0.00 0.00 0.00
1 0 234 335 0 0 0 0 0 0 0 0 0 0 0 0 24 26 0.00 0.00 0.00 0.00 1.00 0.00 0.12 95 127 1.00 0.00 0.02 0.02 0.00 0.00 0.00 0.00
1 0 206 4010 0 0 0 0 0 0 0 0 0 0 0 0 3 7 0.00 0.00 0.00 0.00 1.00 0.00 0.43 4 137 1.00 0.00 0.25 0.02 0.00 0.00 0.00 0.00
1 0 233 5533 0 0 0 0 0 0 0 0 0 0 0 0 1 1 0.00 0.00 0.00 0.00 1.00 0.00 0.00 1 147 1.00 0.00 1.00 0.04 0.00 0.00 0.00 0.00
1 0 291 29325 0 0 0 0 0 0 0 0 0 0 0 0 5 5 0.00 0.00 0.00 0.00 1.00 0.00 0.00 11 157 1.00 0.00 0.09 0.04 0.00 0.00 0.00 0.00
1 0 142 430 0 0 0 0 0 0 0 0 0 0 0 0 1 1 0.00 0.00 0.00 0.00 1.00 0.00 0.00 1 167 1.00 0.00 1.00 0.05 0.00 0.00 0.00 0.00
1 0 218 1712 0 0 0 0 0 0 0 0 0 0 0 0 1 55 0.00 0.00 0.00 0.00 1.00 0.00 0.11 2 177 1.00 0.00 0.50 0.06 0.00 0.00 0.00 0.00
1 0 218 1692 0 0 0 0 0 0 0 0 0 0 0 0 4 5 0.00 0.00 0.00 0.00 1.00 0.00 0.40 12 187 1.00 0.00 0.08 0.05 0.00 0.00 0.00 0.00
1 0 228 2187 0 0 0 0 0 0 0 0 0 0 0 0 6 6 0.00 0.00 0.00 0.00 1.00 0.00 0.00 22 197 1.00 0.00 0.05 0.05 0.00 0.00 0.00 0.00
1 0 227 1748 0 0 0 0 0 0 0 0 0 0 0 0 8 8 0.00 0.00 0.00 0.00 1.00 0.00 0.00 32 207 1.00 0.00 0.03 0.05 0.00 0.00 0.00 0.00
1 0 319 1712 0 0 0 0 0 0 0 0 0 0 0 0 6 7 0.00 0.00 0.00 0.00 1.00 0.00 0.29 42 217 1.00 0.00 0.02 0.05 0.00 0.00 0.00 0.00
1 0 326 6639 0 0 0 0 0 0 0 0 0 0 0 0 1 1 0.00 0.00 0.00 0.00 1.00 0.00 0.00 52 227 1.00 0.00 0.02 0.04 0.00 0.00 0.00 0.00
1 0 273 15142 0 0 0 0 0 0 0 0 0 0 0 0 3 3 0.00 0.00 0.00 0.00 1.00 0.00 0.00 62 237 1.00 0.00 0.02 0.04 0.00 0.00 0.00 0.00
1 0 279 388 0 0 0 0 0 0 0 0 0 0 0 0 2 9 0.00 0.00 0.00 0.00 1.00 0.00 0.22 2 247 1.00 0.00 0.50 0.04 0.00 0.00 0.00 0.00
1 0 194 4161 0 0 0 0 0 0 0 0 0 0 0 0 4 4 0.00 0.00 0.00 0.00 1.00 0.00 0.00 12 255 1.00 0.00 0.08 0.04 0.00 0.00 0.00 0.00
1 0 192 382 0 0 0 0 0 0 0 0 0 0 0 0 6 6 0.00 0.00 0.00 0.00 1.00 0.00 0.00 22 255 1.00 0.00 0.05 0.04 0.00 0.00 0.00 0.00
1 0 298 17071 0 0 0 0 0 0 0 0 0 0 0 0 3 3 0.00 0.00 0.00 0.00 1.00 0.00 0.00 8 255 1.00 0.00 0.12 0.05 0.00 0.00 0.00 0.00
1 0 288 798 0 0 0 0 0 0 0 0 0 0 0 0 5 5 0.00 0.00 0.00 0.00 1.00 0.00 0.00 18 255 1.00 0.00 0.06 0.04 0.00 0.00 0.00 0.00
1 0 221 16203 0 0 0 0 0 0 0 0 0 0 0 0 2 4 0.00 0.00 0.00 0.00 1.00 0.00 0.75 2 255 1.00 0.00 0.50 0.05 0.00 0.00 0.00 0.00
1 0 175 2273 0 0 0 0 0 0 0 0 0 0 0 0 12 14 0.00 0.00 0.00 0.00 1.00 0.00 0.21 12 255 1.00 0.00 0.08 0.05 0.00 0.00 0.00 0.00
1 0 244 6259 0 0 0 0 0 0 0 0 0 0 0 0 2 2 0.00 0.00 0.00 0.00 1.00 0.00 0.00 22 255 1.00 0.00 0.05 0.05 0.00 0.00 0.00 0.00
1 0 189 2593 0 0 0 0 0 0 0 0 0 0 0 0 12 12 0.00 0.00 0.00 0.00 1.00 0.00 0.00 32 255 1.00 0.00 0.03 0.05 0.00 0.00 0.00 0.00
1 0 239 1525 0 0 0 0 0 0 0 0 0 0 0 0 3 42 0.00 0.00 0.00 0.00 1.00 0.00 0.10 42 255 1.00 0.00 0.02 0.05 0.00 0.00 0.00 0.00
1 0 211 3292 0 0 0 0 0 0 0 0 0 0 0 0 5 5 0.00 0.00 0.00 0.00 1.00 0.00 0.00 5 255 1.00 0.00 0.20 0.05 0.00 0.00 0.00 0.00
1 0 236 918 0 0 0 0 0 0 0 0 0 0 0 0 3 9 0.00 0.00 0.00 0.00 1.00 0.00 0.22 15 255 1.00 0.00 0.07 0.05 0.00 0.00 0.00 0.00
1 0 210 2593 0 0 0 0 0 0 0 0 0 0 0 0 3 3 0.00 0.00 0.00 0.00 1.00 0.00 0.00 25 255 1.00 0.00 0.04 0.05 0.00 0.00 0.00 0.00
1 0 309 81172 0 0 0 0 0 0 0 0 0 0 0 0 1 1 0.00 0.00 0.00 0.00 1.00 0.00 0.00 35 255 1.00 0.00 0.03 0.05 0.00 0.00 0.00 0.00
1 0 311 4896 0 0 0 0 0 0 0 0 0 0 0 0 11 11 0.00 0.00 0.00 0.00 1.00 0.00 0.00 45 255 1.00 0.00 0.02 0.05 0.00 0.00 0.00 0.00
1 0 335 918 0 0 0 0 0 0 0 0 0 0 0 0 2 4 0.00 0.00 0.00 0.00 1.00 0.00 0.50 55 255 1.00 0.00 0.02 0.04 0.00 0.00 0.00 0.00
1 0 312 2131 0 0 0 0 0 0 0 0 0 0 0 0 9 9 0.00 0.00 0.00 0.00 1.00 0.00 0.00 65 255 1.00 0.00 0.02 0.04 0.00 0.00 0.00 0.00
1 0 303 616 0 0 0 0 0 0 0 0 0 0 0 0 4 4 0.00 0.00 0.00 0.00 1.00 0.00 0.00 4 255 1.00 0.00 0.25 0.04 0.00 0.00 0.00 0.00
1 0 301 544 0 0 0 0 0 0 0 0 0 0 0 0 5 5 0.00 0.00 0.00 0.00 1.00 0.00 0.00 14 255 1.00 0.00 0.07 0.04 0.00 0.00 0.00 0.00
1 0 300 537 0 0 0 0 0 0 0 0 0 0 0 0 7 7 0.00 0.00 0.00 0.00 1.00 0.00 0.00 24 255 1.00 0.00 0.04 0.03 0.00 0.00 0.00 0.00
1 0 301 544 0 0 0 0 0 0 0 0 0 0 0 0 17 18 0.00 0.00 0.00 0.00 1.00 0.00 0.11 34 255 1.00 0.00 0.03 0.03 0.00 0.00 0.00 0.00
1 0 219 643 0 0 0 0 0 0 0 0 0 0 0 0 6 6 0.00 0.00 0.00 0.00 1.00 0.00 0.00 44 255 1.00 0.00 0.02 0.03 0.00 0.00 0.00 0.00
1 0 216 718 0 0 0 0 0 0 0 0 0 0 0 0 7 8 0.00 0.00 0.00 0.00 1.00 0.00 0.25 54 255 1.00 0.00 0.02 0.03 0.00 0.00 0.00 0.00
1 0 216 718 0 0 0 0 0 0 0 0 0 0 0 0 9 10 0.00 0.00 0.00 0.00 1.00 0.00 0.20 64 255 1.00 0.00 0.02 0.03 0.00 0.00 0.00 0.00
1 0 167 3187 0 0 0 0 0 0 0 0 0 0 0 0 2 3 0.00 0.00 0.00 0.00 1.00 0.00 0.67 74 255 1.00 0.00 0.01 0.03 0.00 0.00 0.00 0.00
1 0 219 643 0 0 0 0 0 0 0 0 0 0 0 0 8 8 0.00 0.00 0.00 0.00 1.00 0.00 0.00 84 255 1.00 0.00 0.01 0.03 0.00 0.00 0.00 0.00
1 0 151 12029 0 0 0 0 0 0 0 0 0 0 0 0 1 1 0.00 0.00 0.00 0.00 1.00 0.00 0.00 94 255 1.00 0.00 0.01 0.03 0.00 0.00 0.00 0.00
1 0 214 663 0 0 0 0 0 0 0 0 0 0 0 0 11 12 0.00 0.00 0.00 0.00 1.00 0.00 0.17 104 255 1.00 0.00 0.01 0.03 0.00 0.00 0.00 0.00
1 0 172 4028 0 0 0 0 0 0 0 0 0 0 0 0 2 3 0.00 0.00 0.00 0.00 1.00 0.00 0.67 114 255 1.00 0.00 0.01 0.02 0.00 0.00 0.00 0.00
1 0 203 2785 0 0 0 0 0 0 0 0 0 0 0 0 10 29 0.00 0.00 0.00 0.00 1.00 0.00 0.07 10 255 1.00 0.00 0.10 0.03 0.00 0.00 0.00 0.00
1 0 308 1492 0 0 0 0 0 0 0 0 0 0 0 0 4 4 0.00 0.00 0.00 0.00 1.00 0.00 0.00 20 255 1.00 0.00 0.05 0.03 0.00 0.00 0.00 0.00
1 0 305 2101 0 0 0 0 0 0 0 0 0 0 0 0 14 14 0.00 0.00 0.00 0.00 1.00 0.00 0.00 30 255 1.00 0.00 0.03 0.02 0.00 0.00 0.00 0.00
1 0 241 2129 0 0 0 0 0 0 0 0 0 0 0 0 8 9 0.00 0.00 0.00 0.00 1.00 0.00 0.22 8 255 1.00 0.00 0.12 0.03 0.00 0.00 0.00 0.00
1 0 241 2129 0 0 0 0 0 0 0 0 0 0 0 0 8 10 0.00 0.00 0.00 0.00 1.00 0.00 0.20 18 255 1.00 0.00 0.06 0.03 0.00 0.00 0.00 0.00
1 0 240 2138 0 0 0 0 0 0 0 0 0 0 0 0 8 9 0.00 0.00 0.00 0.00 1.00 0.00 0.22 28 255 1.00 0.00 0.04 0.03 0.00 0.00 0.00 0.00
1 0 331 8889 0 0 0 0 0 0 0 0 0 0 0 0 2 4 0.00 0.00 0.00 0.00 1.00 0.00 0.50 8 255 1.00 0.00 0.12 0.02 0.00 0.00 0.00 0.00
1 0 216 6551 0 0 0 0 0 0 0 0 0 0 0 0 3 14 0.00 0.00 0.00 0.00 1.00 0.00 0.14 18 255 1.00 0.00 0.06 0.02 0.00 0.00 0.00 0.00
1 0 317 10111 0 0 0 0 0 0 0 0 0 0 0 0 1 1 0.00 0.00 0.00 0.00 1.00 0.00 0.00 1 255 1.00 0.00 1.00 0.03 0.00 0.00 0.00 0.00
1 0 288 2255 0 0 0 0 0 0 0 0 0 0 0 0 2 4 0.00 0.00 0.00 0.00 1.00 0.00 0.75 2 255 1.00 0.00 0.50 0.03 0.00 0.00 0.00 0.00
1 0 263 405 0 0 0 0 0 0 0 0 0 0 0 0 3 3 0.00 0.00 0.00 0.00 1.00 0.00 0.00 12 255 1.00 0.00 0.08 0.03 0.00 0.00 0.00 0.00
1 0 339 1611 0 0 0 0 0 0 0 0 0 0 0 0 13 13 0.00 0.00 0.00 0.00 1.00 0.00 0.00 22 255 1.00 0.00 0.05 0.03 0.00 0.00 0.00 0.00
1 0 290 1701 0 0 0 0 0 0 0 0 0 0 0 0 7 7 0.00 0.00 0.00 0.00 1.00 0.00 0.00 32 255 1.00 0.00 0.03 0.03 0.00 0.00 0.00 0.00
1 0 207 1816 0 0 0 0 0 0 0 0 0 0 0 0 8 8 0.00 0.00 0.00 0.00 1.00 0.00 0.00 8 255 1.00 0.00 0.12 0.03 0.00 0.00 0.00 0.00
1 0 293 14736 0 0 0 0 0 0 0 0 0 0 0 0 3 34 0.00 0.00 0.00 0.00 1.00 0.00 0.09 6 255 1.00 0.00 0.17 0.03 0.00 0.00 0.00 0.00
1 0 293 10445 0 0 0 0 0 0 0 0 0 0 0 0 2 2 0.00 0.00 0.00 0.00 1.00 0.00 0.00 16 255 1.00 0.00 0.06 0.03 0.00 0.00 0.00 0.00
1 0 249 423 0 0 0 0 0 0 0 0 0 0 0 0 1 17 0.00 0.00 0.00 0.00 1.00 0.00 0.18 8 255 1.00 0.00 0.12 0.04 0.00 0.00 0.00 0.00
1 0 220 4739 0 0 0 0 0 0 0 0 0 0 0 0 1 5 0.00 0.00 0.00 0.00 1.00 0.00 0.60 1 255 1.00 0.00 1.00 0.05 0.00 0.00 0.00 0.00
1 0 30 0 0 0 0 0 0 0 0 0 0 0 0 0 1 2 0.00 0.00 0.00 0.00 1.00 0.00 1.00 9 3 0.33 0.33 0.33 0.00 0.00 0.00 0.00 0.00
1 0 721 328 0 0 0 0 0 0 0 0 0 0 0 0 1 1 0.00 0.00 0.00 0.00 1.00 0.00 0.00 19 13 0.68 0.16 0.05 0.00 0.00 0.00 0.00 0.00
1 0 2445 329 0 0 0 0 0 0 0 0 0 0 0 0 1 1 0.00 0.00 0.00 0.00 1.00 0.00 0.00 29 16 0.55 0.17 0.03 0.00 0.00 0.00 0.00 0.00
1 0 1869 326 0 0 0 0 0 0 0 0 0 0 0 0 1 2 0.00 0.00 0.00 0.00 1.00 0.00 1.00 39 25 0.64 0.13 0.03 0.00 0.00 0.00 0.00 0.00
1 0 1286 331 0 0 0 0 0 0 0 0 0 0 0 0 1 1 0.00 0.00 0.00 0.00 1.00 0.00 0.00 49 33 0.67 0.10 0.02 0.00 0.00 0.00 0.00 0.00
1 0 703 328 0 0 0 0 0 0 0 0 0 0 0 0 1 2 0.00 0.00 0.00 0.00 1.00 0.00 1.00 59 39 0.66 0.08 0.02 0.00 0.00 0.00 0.00 0.00
1 0 7 138 0 0 0 0 0 0 0 0 0 0 0 0 1 1 0.00 0.00 0.00 0.00 1.00 0.00 0.00 69 4 0.06 0.07 0.01 0.00 0.00 0.00 0.00 0.00
1 1 663 325 0 0 0 0 0 0 0 0 0 0 0 0 1 2 0.00 0.00 0.00 0.00 1.00 0.00 1.00 79 50 0.63 0.06 0.01 0.00 0.00 0.00 0.00 0.00
1 20 102 2063 0 0 0 0 0 0 0 0 0 0 0 0 1 1 0.00 0.00 0.00 0.00 1.00 0.00 0.00 2 2 0.50 1.00 0.50 1.00 0.00 0.00 0.00 0.00
1 0 9 36 0 0 0 0 0 0 0 0 0 0 0 0 1 1 0.00 0.00 0.00 0.00 1.00 0.00 0.00 7 17 0.86 0.29 0.14 0.18 0.00 0.00 0.00 0.00
1 0 245 22302 0 0 0 0 0 0 0 0 0 0 0 0 5 5 0.00 0.00 0.00 0.00 1.00 0.00 0.00 10 156 1.00 0.00 0.10 0.07 0.10 0.01 0.00 0.00
1 0 314 16151 0 0 0 0 0 0 0 0 0 0 0 0 2 2 0.00 0.00 0.00 0.00 1.00 0.00 0.00 20 156 1.00 0.00 0.05 0.07 0.05 0.01 0.00 0.00
1 0 320 18798 0 0 0 0 0 0 0 0 0 0 0 0 7 7 0.00 0.00 0.00 0.00 1.00 0.00 0.00 30 156 1.00 0.00 0.03 0.07 0.03 0.01 0.00 0.00
1 0 312 18798 0 0 0 0 0 0 0 0 0 0 0 0 4 4 0.00 0.00 0.00 0.00 1.00 0.00 0.00 40 156 1.00 0.00 0.03 0.06 0.03 0.01 0.00 0.00
1 0 330 80476 0 0 0 0 0 0 0 0 0 0 0 0 2 2 0.00 0.00 0.00 0.00 1.00 0.00 0.00 50 156 1.00 0.00 0.02 0.06 0.02 0.01 0.00 0.00
1 0 814 333 0 0 0 0 0 0 0 0 0 0 0 0 1 1 0.00 0.00 0.00 0.00 1.00 0.00 0.00 6 57 0.67 0.33 0.17 0.04 0.00 0.00 0.00 0.00
1 0 990 335 0 0 0 0 0 0 0 0 0 0 0 0 1 1 0.00 0.00 0.00 0.00 1.00 0.00 0.00 16 64 0.69 0.19 0.06 0.03 0.00 0.00 0.00 0.00
1 0 961 333 0 0 0 0 0 0 0 0 0 0 0 0 1 1 0.00 0.00 0.00 0.00 1.00 0.00 0.00 26 71 0.69 0.15 0.04 0.03 0.00 0.00 0.00 0.00
1 0 31 0 0 0 0 0 0 0 0 0 0 0 0 0 1 5 0.00 0.00 0.00 0.00 1.00 0.00 0.40 36 25 0.17 0.11 0.17 0.08 0.00 0.00 0.00 0.00
1 0 642 283 0 0 0 0 0 0 0 0 0 0 0 0 1 1 0.00 0.00 0.00 0.00 1.00 0.00 0.00 46 83 0.65 0.09 0.02 0.02 0.00 0.00 0.00 0.00
1 0 1179 334 0 0 0 0 0 0 0 0 0 0 0 0 1 1 0.00 0.00 0.00 0.00 1.00 0.00 0.00 56 90 0.66 0.07 0.02 0.02 0.00 0.00 0.00 0.00
1 0 2249 334 0 0 0 0 0 0 0 0 0 0 0 0 1 1 0.00 0.00 0.00 0.00 1.00 0.00 0.00 66 98 0.68 0.06 0.02 0.02 0.00 0.00 0.00 0.00
1 0 2121 332 0 0 0 0 0 0 0 0 0 0 0 0 1 1 0.00 0.00 0.00 0.00 1.00 0.00 0.00 76 103 0.66 0.05 0.01 0.02 0.00 0.00 0.00 0.00
1 0 1635 331 0 0 0 0 0 0 0 0 0 0 0 0 1 1 0.00 0.00 0.00 0.00 1.00 0.00 0.00 6 110 0.50 0.50 0.17 0.03 0.00 0.00 0.00 0.00
1 1 963 330 0 0 0 0 0 0 0 0 0 0 0 0 1 2 0.00 0.00 0.00 0.00 1.00 0.00 1.00 16 118 0.69 0.25 0.06 0.03 0.00 0.00 0.00 0.00
1 0 8 366 0 0 0 0 0 0 0 0 0 0 0 0 1 1 0.00 0.00 0.00 0.00 1.00 0.00 0.00 26 18 0.15 0.15 0.08 0.17 0.00 0.00 0.00 0.00
1 0 876 278 0 0 0 0 0 0 0 0 0 0 0 0 1 1 0.00 0.00 0.00 0.00 1.00 0.00 0.00 36 121 0.64 0.11 0.03 0.02 0.00 0.00 0.00 0.00
1 0 1411 328 0 0 0 0 0 0 0 0 0 0 0 0 1 1 0.00 0.00 0.00 0.00 1.00 0.00 0.00 46 120 0.61 0.09 0.02 0.03 0.00 0.00 0.00 0.00
1 0 29 0 0 0 0 0 0 0 0 0 0 0 0 0 1 2 0.00 0.00 0.00 0.00 1.00 0.00 1.00 56 37 0.23 0.09 0.23 0.08 0.00 0.00 0.00 0.00
1 0 1912 330 0 0 0 0 0 0 0 0 0 0 0 0 1 1 0.00 0.00 0.00 0.00 1.00 0.00 0.00 66 120 0.64 0.08 0.02 0.03 0.00 0.00 0.00 0.00
1 1 684 329 0 0 0 0 0 0 0 0 0 0 0 0 1 3 0.00 0.00 0.00 0.00 1.00 0.00 1.00 76 119 0.63 0.07 0.01 0.03 0.00 0.00 0.00 0.00
1 0 31 0 0 0 0 0 0 0 0 0 0 0 0 0 1 5 0.00 0.00 0.00 0.00 1.00 0.00 0.40 9 36 0.22 0.22 0.22 0.11 0.00 0.00 0.00 0.00
1 0 839 334 0 0 0 0 0 0 0 0 0 0 0 0 1 1 0.00 0.00 0.00 0.00 1.00 0.00 0.00 19 124 0.84 0.11 0.05 0.03 0.00 0.00 0.00 0.00
1 0 786 337 0 0 0 0 0 0 0 0 0 0 0 0 1 1 0.00 0.00 0.00 0.00 1.00 0.00 0.00 29 128 0.83 0.07 0.03 0.03 0.00 0.00 0.00 0.00
1 0 1252 338 0 0 0 0 0 0 0 0 0 0 0 0 1 1 0.00 0.00 0.00 0.00 1.00 0.00 0.00 39 137 0.87 0.05 0.03 0.02 0.00 0.00 0.00 0.00
1 0 651 336 0 0 0 0 0 0 0 0 0 0 0 0 1 1 0.00 0.00 0.00 0.00 1.00 0.00 0.00 49 145 0.86 0.04 0.02 0.02 0.00 0.00 0.00 0.00
1 0 1319 286 0 0 0 0 0 0 0 0 0 0 0 0 1 1 0.00 0.00 0.00 0.00 1.00 0.00 0.00 59 154 0.86 0.03 0.02 0.02 0.00 0.00 0.00 0.00
1 0 5519 408 0 0 0 0 0 0 0 0 0 0 0 0 1 3 0.00 0.00 0.00 0.00 1.00 0.00 1.00 69 163 0.87 0.03 0.01 0.02 0.00 0.00 0.00 0.00
1 0 1348 285 0 0 0 0 0 0 0 0 0 0 0 0 1 1 0.00 0.00 0.00 0.00 1.00 0.00 0.00 79 169 0.84 0.04 0.01 0.02 0.00 0.00 0.00 0.00
1 3 1118 337 0 0 0 0 0 0 0 0 0 0 0 0 1 1 0.00 0.00 0.00 0.00 1.00 0.00 0.00 89 174 0.80 0.04 0.01 0.02 0.00 0.00 0.00 0.00
1 0 32 0 0 0 0 0 0 0 0 0 0 0 0 0 1 2 0.00 0.00 0.00 0.00 1.00 0.00 1.00 6 44 0.33 0.50 0.33 0.09 0.00 0.00 0.00 0.00
1 0 1307 331 0 0 0 0 0 0 0 0 0 0 0 0 1 1 0.00 0.00 0.00 0.00 1.00 0.00 0.00 16 180 0.62 0.25 0.06 0.02 0.00 0.00 0.00 0.00
1 0 32 0 0 0 0 0 0 0 0 0 0 0 0 0 1 2 0.00 0.00 0.00 0.00 1.00 0.00 1.00 26 43 0.15 0.15 0.15 0.09 0.00 0.00 0.00 0.00
1 0 1430 284 0 0 0 0 0 0 0 0 0 0 0 0 1 1 0.00 0.00 0.00 0.00 1.00 0.00 0.00 36 177 0.61 0.11 0.03 0.02 0.00 0.00 0.00 0.00
1 0 32 0 0 0 0 0 0 0 0 0 0 0 0 0 1 2 0.00 0.00 0.00 0.00 1.00 0.00 1.00 46 45 0.22 0.11 0.22 0.09 0.00 0.00 0.00 0.00
1 0 32 0 0 0 0 0 0 0 0 0 0 0 0 0 1 3 0.00 0.00 0.00 0.00 1.00 0.00 0.67 56 46 0.21 0.09 0.21 0.09 0.00 0.00 0.00 0.00
1 0 1679 337 0 0 0 0 0 0 0 0 0 0 1 0 1 3 0.00 0.00 0.00 0.00 1.00 0.00 1.00 4 172 0.50 0.75 0.25 0.03 0.00 0.00 0.00 0.00
1 0 9 285 0 0 0 0 0 0 0 0 0 0 0 0 1 1 0.00 0.00 0.00 0.00 1.00 0.00 0.00 14 15 0.14 0.36 0.07 0.33 0.00 0.00 0.00 0.00
1 27 1476 4152 0 0 30 0 0 0 0 0 0 0 0 0 1 1 0.00 0.00 0.00 0.00 1.00 0.00 0.00 24 12 0.50 0.21 0.04 0.00 0.00 0.00 0.00 0.00
1 0 29 0 0 0 0 0 0 0 0 0 0 0 0 0 1 2 0.00 0.00 0.00 0.00 1.00 0.00 1.00 34 47 0.15 0.15 0.15 0.09 0.00 0.00 0.00 0.00
1 0 2572 336 0 0 0 0 0 0 0 0 0 0 0 0 1 1 0.00 0.00 0.00 0.00 1.00 0.00 0.00 44 158 0.36 0.11 0.02 0.03 0.00 0.00 0.00 0.00
1 1 1460 333 0 0 0 0 0 0 0 0 0 0 0 0 1 1 0.00 0.00 0.00 0.00 1.00 0.00 0.00 54 157 0.37 0.09 0.02 0.03 0.00 0.00 0.00 0.00
1 0 616 332 0 0 0 0 0 0 0 0 0 0 0 0 1 2 0.00 0.00 0.00 0.00 1.00 0.00 1.00 64 156 0.38 0.08 0.02 0.03 0.00 0.00 0.00 0.00
1 27 1185 3380 0 0 24 0 0 0 0 0 0 0 0 0 1 1 0.00 0.00 0.00 0.00 1.00 0.00 0.00 74 30 0.41 0.08 0.01 0.00 0.00 0.00 0.00 0.00
1 29 660 2070 0 0 14 0 0 0 0 0 0 0 0 0 1 1 0.00 0.00 0.00 0.00 1.00 0.00 0.00 84 36 0.43 0.07 0.01 0.00 0.00 0.00 0.00 0.00
1 0 29 0 0 0 0 0 0 0 0 0 0 0 0 0 1 4 0.00 0.00 0.00 0.00 1.00 0.00 0.50 94 42 0.14 0.06 0.14 0.10 0.00 0.00 0.00 0.00
1 26 723 2077 0 0 14 0 0 0 0 0 0 0 0 0 1 1 0.00 0.00 0.00 0.00 1.00 0.00 0.00 104 47 0.45 0.06 0.01 0.00 0.00 0.00 0.00 0.00
1 1 801 333 0 0 0 0 0 0 0 0 0 0 0 0 1 3 0.00 0.00 0.00 0.00 1.00 0.00 1.00 114 135 0.34 0.05 0.01 0.02 0.00 0.00 0.00 0.00
1 23 333 1054 0 0 6 0 0 0 0 0 0 0 0 0 1 1 0.00 0.00 0.00 0.00 1.00 0.00 0.00 124 56 0.45 0.05 0.01 0.00 0.00 0.00 0.00 0.00
1 26 894 2586 0 0 18 0 0 0 0 0 0 0 0 0 1 1 0.00 0.00 0.00 0.00 1.00 0.00 0.00 134 62 0.46 0.04 0.01 0.00 0.00 0.00 0.00 0.00
1 0 218 387 0 0 0 0 0 0 0 0 0 0 0 0 7 7 0.00 0.00 0.00 0.00 1.00 0.00 0.00 7 7 1.00 0.00 0.14 0.00 0.00 0.00 0.00 0.00
1 0 219 368 0 0 0 0 0 0 0 0 0 0 0 0 17 17 0.00 0.00 0.00 0.00 1.00 0.00 0.00 17 17 1.00 0.00 0.06 0.00 0.00 0.00 0.00 0.00
1 0 212 10829 0 0 0 0 0 0 0 0 0 0 0 0 1 2 0.00 0.00 0.00 0.00 1.00 0.00 1.00 1 27 1.00 0.00 1.00 0.07 0.00 0.00 0.00 0.00
1 0 211 2273 0 0 0 0 0 0 0 0 0 0 0 0 11 11 0.00 0.00 0.00 0.00 1.00 0.00 0.00 11 37 1.00 0.00 0.09 0.05 0.00 0.00 0.00 0.00
1 0 332 2604 0 0 0 0 0 0 0 0 0 0 0 0 4 4 0.00 0.00 0.00 0.00 1.00 0.00 0.00 21 47 1.00 0.00 0.05 0.04 0.00 0.00 0.00 0.00
1 0 329 4002 0 0 0 0 0 0 0 0 0 0 0 0 14 14 0.00 0.00 0.00 0.00 1.00 0.00 0.00 31 57 1.00 0.00 0.03 0.04 0.00 0.00 0.00 0.00
1 0 196 9357 0 0 0 0 0 0 0 0 0 0 0 0 1 9 0.00 0.00 0.00 0.00 1.00 0.00 0.33 1 67 1.00 0.00 1.00 0.09 0.00 0.00 0.00 0.00
1 0 262 460 0 0 0 0 0 0 0 0 0 0 0 0 1 2 0.00 0.00 0.00 0.00 1.00 0.00 1.00 9 77 1.00 0.00 0.11 0.09 0.00 0.00 0.00 0.00
1 0 337 9704 0 0 0 0 0 0 0 0 0 0 0 0 1 1 0.00 0.00 0.00 0.00 1.00 0.00 0.00 1 87 1.00 0.00 1.00 0.09 0.00 0.00 0.00 0.00
1 0 259 14420 0 0 0 0 0 0 0 0 0 0 0 0 1 1 0.00 0.00 0.00 0.00 1.00 0.00 0.00 11 97 1.00 0.00 0.09 0.08 0.00 0.00 0.00 0.00
1 0 305 19509 0 0 0 0 0 0 0 0 0 0 0 0 1 1 0.00 0.00 0.00 0.00 1.00 0.00 0.00 1 107 1.00 0.00 1.00 0.08 0.00 0.00 0.00 0.00
1 0 231 1869 0 0 0 0 0 0 0 0 0 0 0 0 4 22 0.00 0.00 0.00 0.00 1.00 0.00 0.14 4 117 1.00 0.00 0.25 0.09 0.00 0.00 0.00 0.00
1 0 217 363 0 0 0 0 0 0 0 0 0 0 0 0 1 22 0.00 0.00 0.00 0.00 1.00 0.00 0.14 4 127 1.00 0.00 0.25 0.09 0.00 0.00 0.00 0.00
1 0 297 2769 0 0 0 0 0 0 0 0 0 0 0 0 1 2 0.00 0.00 0.00 0.00 1.00 0.00 1.00 1 137 1.00 0.00 1.00 0.10 0.00 0.00 0.00 0.00
1 0 308 1278 0 0 0 0 0 0 0 0 0 0 0 0 2 16 0.00 0.00 0.00 0.00 1.00 0.00 0.12 11 147 1.00 0.00 0.09 0.10 0.00 0.00 0.00 0.00
1 0 274 196 0 0 0 0 0 0 0 0 0 0 0 0 1 1 0.00 0.00 0.00 0.00 1.00 0.00 0.00 9 157 1.00 0.00 0.11 0.10 0.00 0.00 0.00 0.00
1 0 291 5657 0 0 0 0 0 0 0 0 0 0 0 0 5 5 0.00 0.00 0.00 0.00 1.00 0.00 0.00 7 167 1.00 0.00 0.14 0.10 0.00 0.00 0.00 0.00
1 0 328 1433 0 0 0 0 0 0 0 0 0 0 0 0 6 6 0.00 0.00 0.00 0.00 1.00 0.00 0.00 6 177 1.00 0.00 0.17 0.10 0.00 0.00 0.00 0.00
1 0 211 2101 0 0 0 0 0 0 0 0 0 0 0 0 4 4 0.00 0.00 0.00 0.00 1.00 0.00 0.00 16 187 1.00 0.00 0.06 0.09 0.00 0.00 0.00 0.00
1 0 325 2452 0 0 0 0 0 0 0 0 0 0 0 0 2 3 0.00 0.00 0.00 0.00 1.00 0.00 0.67 26 197 1.00 0.00 0.04 0.09 0.00 0.00 0.00 0.00
1 0 340 22965 0 0 0 0 0 0 0 0 0 0 0 0 1 1 0.00 0.00 0.00 0.00 1.00 0.00 0.00 36 207 1.00 0.00 0.03 0.08 0.00 0.00 0.00 0.00
1 0 235 1028 0 0 0 0 0 0 0 0 0 0 0 0 10 10 0.00 0.00 0.00 0.00 1.00 0.00 0.00 10 217 1.00 0.00 0.10 0.08 0.00 0.00 0.00 0.00
1 0 223 1275 0 0 0 0 0 0 0 0 0 0 0 0 20 20 0.00 0.00 0.00 0.00 1.00 0.00 0.00 20 227 1.00 0.00 0.05 0.08 0.00 0.00 0.00 0.00
1 0 226 4006 0 0 0 0 0 0 0 0 0 0 0 0 2 4 0.00 0.00 0.00 0.00 1.00 0.00 0.75 30 237 1.00 0.00 0.03 0.08 0.00 0.00 0.00 0.00
1 0 231 5283 0 0 1 0 0 1 0 0 0 0 0 0 12 14 0.00 0.00 0.00 0.00 1.00 0.00 0.21 40 247 1.00 0.00 0.03 0.07 0.00 0.00 0.00 0.00
1 0 230 5558 0 0 0 0 0 0 0 0 0 0 0 0 22 24 0.00 0.00 0.00 0.00 1.00 0.00 0.12 50 255 1.00 0.00 0.02 0.07 0.00 0.00 0.00 0.00
1 0 239 691 0 0 0 0 0 0 0 0 0 0 0 0 4 4 0.00 0.00 0.00 0.00 1.00 0.00 0.00 60 255 1.00 0.00 0.02 0.07 0.00 0.00 0.00 0.00
1 0 211 5693 0 0 0 0 0 0 0 0 0 0 0 0 5 5 0.00 0.00 0.00 0.00 1.00 0.00 0.00 5 255 1.00 0.00 0.20 0.07 0.00 0.00 0.00 0.00
1 0 211 2271 0 0 0 0 0 0 0 0 0 0 0 0 15 15 0.00 0.00 0.00 0.00 1.00 0.00 0.00 15 255 1.00 0.00 0.07 0.07 0.00 0.00 0.00 0.00
1 0 511 238 0 0 0 0 0 0 0 0 0 0 0 0 1 3 0.00 0.00 0.00 0.00 1.00 0.00 0.67 1 255 1.00 0.00 1.00 0.07 0.00 0.00 0.00 0.00
1 0 228 3707 0 0 0 0 0 0 0 0 0 0 0 0 2 2 0.00 0.00 0.00 0.00 1.00 0.00 0.00 2 255 1.00 0.00 0.50 0.08 0.00 0.00 0.00 0.00
1 0 239 2295 0 0 0 0 0 0 0 0 0 0 0 0 1 1 0.00 0.00 0.00 0.00 1.00 0.00 0.00 12 255 1.00 0.00 0.08 0.07 0.00 0.00 0.00 0.00
1 0 300 3715 0 0 0 0 0 0 0 0 0 0 0 0 11 11 0.00 0.00 0.00 0.00 1.00 0.00 0.00 22 255 1.00 0.00 0.05 0.06 0.00 0.00 0.00 0.00
1 0 299 3133 0 0 0 0 0 0 0 0 0 0 0 0 9 9 0.00 0.00 0.00 0.00 1.00 0.00 0.00 32 255 1.00 0.00 0.03 0.06 0.00 0.00 0.00 0.00
1 0 229 2099 0 0 0 0 0 0 0 0 0 0 0 0 3 4 0.00 0.00 0.00 0.00 1.00 0.00 0.50 7 255 1.00 0.00 0.14 0.06 0.00 0.00 0.00 0.00
1 0 245 447 0 0 0 0 0 0 0 0 0 0 0 0 1 1 0.00 0.00 0.00 0.00 1.00 0.00 0.00 17 255 1.00 0.00 0.06 0.06 0.00 0.00 0.00 0.00
1 0 245 422 0 0 0 0 0 0 0 0 0 0 0 0 11 11 0.00 0.00 0.00 0.00 1.00 0.00 0.00 27 255 1.00 0.00 0.04 0.06 0.00 0.00 0.00 0.00
1 0 218 3052 0 0 0 0 0 0 0 0 0 0 0 0 2 2 0.00 0.00 0.00 0.00 1.00 0.00 0.00 2 255 1.00 0.00 0.50 0.06 0.00 0.00 0.00 0.00
1 0 203 331 0 0 0 0 0 0 0 0 0 0 0 0 2 2 0.00 0.00 0.00 0.00 1.00 0.00 0.00 12 255 1.00 0.00 0.08 0.05 0.00 0.00 0.00 0.00
1 0 418 6303 0 0 0 0 0 0 0 0 0 0 0 0 1 4 0.00 0.00 0.00 0.00 1.00 0.00 0.50 2 255 1.00 0.00 0.50 0.05 0.00 0.00 0.00 0.00
1 0 312 472 0 0 0 0 0 0 0 0 0 0 0 0 4 5 0.00 0.00 0.00 0.00 1.00 0.00 0.40 9 255 1.00 0.00 0.11 0.05 0.00 0.00 0.00 0.00
1 0 148 559 0 0 0 0 0 0 0 0 0 0 0 0 1 2 0.00 0.00 0.00 0.00 1.00 0.00 1.00 3 255 1.00 0.00 0.33 0.05 0.00 0.00 0.00 0.00
1 0 292 1613 0 0 0 0 0 0 0 0 0 0 0 0 7 24 0.00 0.00 0.00 0.00 1.00 0.00 0.08 7 255 1.00 0.00 0.14 0.05 0.00 0.00 0.00 0.00
1 0 287 1434 0 0 0 0 0 0 0 0 0 0 0 0 17 41 0.00 0.00 0.00 0.00 1.00 0.00 0.05 17 255 1.00 0.00 0.06 0.05 0.00 0.00 0.00 0.00
1 0 300 1774 0 0 0 0 0 0 0 0 0 0 0 0 3 3 0.00 0.00 0.00 0.00 1.00 0.00 0.00 27 255 1.00 0.00 0.04 0.05 0.00 0.00 0.00 0.00
1 0 296 1638 0 0 0 0 0 0 0 0 0 0 0 0 13 13 0.00 0.00 0.00 0.00 1.00 0.00 0.00 37 255 1.00 0.00 0.03 0.05 0.00 0.00 0.00 0.00
1 0 231 286 0 0 0 0 0 0 0 0 0 0 0 0 4 4 0.00 0.00 0.00 0.00 1.00 0.00 0.00 4 255 1.00 0.00 0.25 0.05 0.00 0.00 0.00 0.00
1 0 169 1682 0 0 0 0 0 0 0 0 0 0 0 0 3 3 0.00 0.00 0.00 0.00 1.00 0.00 0.00 3 255 1.00 0.00 0.33 0.05 0.00 0.00 0.00 0.00
1 0 228 2614 0 0 0 0 0 0 0 0 0 0 0 0 13 13 0.00 0.00 0.00 0.00 1.00 0.00 0.00 13 255 1.00 0.00 0.08 0.05 0.00 0.00 0.00 0.00
1 0 222 1634 0 0 0 0 0 0 0 0 0 0 0 0 6 7 0.00 0.00 0.00 0.00 1.00 0.00 0.29 23 255 1.00 0.00 0.04 0.05 0.00 0.00 0.00 0.00
1 0 219 886 0 0 0 0 0 0 0 0 0 0 0 0 6 6 0.00 0.00 0.00 0.00 1.00 0.00 0.00 33 255 1.00 0.00 0.03 0.05 0.00 0.00 0.00 0.00
1 0 225 19525 0 0 0 0 0 0 0 0 0 0 0 0 2 2 0.00 0.00 0.00 0.00 1.00 0.00 0.00 43 255 1.00 0.00 0.02 0.05 0.00 0.00 0.00 0.00
1 0 333 3352 0 0 0 0 0 0 0 0 0 0 0 0 9 9 0.00 0.00 0.00 0.00 1.00 0.00 0.00 53 255 1.00 0.00 0.02 0.05 0.00 0.00 0.00 0.00
1 0 333 3352 0 0 0 0 0 0 0 0 0 0 0 0 2 2 0.00 0.00 0.00 0.00 1.00 0.00 0.00 63 255 1.00 0.00 0.02 0.05 0.00 0.00 0.00 0.00
1 0 326 1565 0 0 0 0 0 0 0 0 0 0 0 0 2 2 0.00 0.00 0.00 0.00 1.00 0.00 0.00 73 255 1.00 0.00 0.01 0.05 0.00 0.00 0.00 0.00
1 0 262 618 0 0 0 0 0 0 0 0 0 0 0 0 12 12 0.00 0.00 0.00 0.00 1.00 0.00 0.00 83 255 1.00 0.00 0.01 0.04 0.00 0.00 0.00 0.00
1 0 217 8730 0 0 0 0 0 0 0 0 0 0 0 0 5 5 0.00 0.00 0.00 0.00 1.00 0.00 0.00 5 255 1.00 0.00 0.20 0.04 0.00 0.00 0.00 0.00
1 0 196 14789 0 0 0 0 0 0 0 0 0 0 0 0 2 15 0.00 0.00 0.00 0.00 1.00 0.00 0.13 4 255 1.00 0.00 0.25 0.05 0.00 0.00 0.00 0.00
1 0 145 32 0 0 0 0 0 0 0 0 0 0 0 0 1 1 0.00 0.00 0.00 0.00 1.00 0.00 0.00 2 255 1.00 0.00 0.50 0.05 0.00 0.00 0.00 0.00
1 0 287 1069 0 0 0 0 0 0 0 0 0 0 0 0 8 8 0.00 0.00 0.00 0.00 1.00 0.00 0.00 8 255 1.00 0.00 0.12 0.05 0.00 0.00 0.00 0.00
1 0 307 1161 0 0 0 0 0 0 0 0 0 0 0 0 1 1 0.00 0.00 0.00 0.00 1.00 0.00 0.00 18 255 1.00 0.00 0.06 0.05 0.00 0.00 0.00 0.00
1 0 302 493 0 0 0 0 0 0 0 0 0 0 0 0 3 3 0.00 0.00 0.00 0.00 1.00 0.00 0.00 28 255 1.00 0.00 0.04 0.05 0.00 0.00 0.00 0.00
1 0 169 10776 0 0 0 0 0 0 0 0 0 0 0 0 1 1 0.00 0.00 0.00 0.00 1.00 0.00 0.00 5 255 1.00 0.00 0.20 0.06 0.00 0.00 0.00 0.00
1 0 191 5633 0 0 0 0 0 0 0 0 0 0 0 0 1 1 0.00 0.00 0.00 0.00 1.00 0.00 0.00 1 255 1.00 0.00 1.00 0.06 0.00 0.00 0.00 0.00
1 0 160 13460 0 0 0 0 0 0 0 0 0 0 0 0 1 1 0.00 0.00 0.00 0.00 1.00 0.00 0.00 11 255 1.00 0.00 0.09 0.06 0.00 0.00 0.00 0.00
1 0 221 855 0 0 0 0 0 0 0 0 0 0 0 0 11 11 0.00 0.00 0.00 0.00 1.00 0.00 0.00 21 255 1.00 0.00 0.05 0.05 0.00 0.00 0.00 0.00
1 0 237 2625 0 0 0 0 0 0 0 0 0 0 0 0 3 3 0.00 0.00 0.00 0.00 1.00 0.00 0.00 31 255 1.00 0.00 0.03 0.05 0.00 0.00 0.00 0.00
1 0 235 1850 0 0 0 0 0 0 0 0 0 0 0 0 13 13 0.00 0.00 0.00 0.00 1.00 0.00 0.00 41 255 1.00 0.00 0.02 0.04 0.00 0.00 0.00 0.00
1 0 159 4642 0 0 0 0 0 0 0 0 0 0 0 0 5 5 0.00 0.00 0.00 0.00 1.00 0.00 0.00 51 255 1.00 0.00 0.02 0.04 0.00 0.00 0.00 0.00
1 0 178 10252 0 0 0 0 0 0 0 0 0 0 0 0 3 3 0.00 0.00 0.00 0.00 1.00 0.00 0.00 61 255 1.00 0.00 0.02 0.04 0.00 0.00 0.00 0.00
1 0 235 1850 0 0 0 0 0 0 0 0 0 0 0 0 13 13 0.00 0.00 0.00 0.00 1.00 0.00 0.00 71 255 1.00 0.00 0.01 0.04 0.00 0.00 0.00 0.00
1 0 220 3318 0 0 0 0 0 0 0 0 0 0 0 0 5 5 0.00 0.00 0.00 0.00 1.00 0.00 0.00 81 255 1.00 0.00 0.01 0.04 0.00 0.00 0.00 0.00
1 0 201 12501 0 0 0 0 0 0 0 0 0 0 0 0 3 3 0.00 0.00 0.00 0.00 1.00 0.00 0.00 3 255 1.00 0.00 0.33 0.04 0.00 0.00 0.00 0.00
1 0 202 6951 0 0 0 0 0 0 0 0 0 0 0 0 13 13 0.00 0.00 0.00 0.00 1.00 0.00 0.00 13 255 1.00 0.00 0.08 0.04 0.00 0.00 0.00 0.00
1 0 210 1380 0 0 0 0 0 0 0 0 0 0 0 0 5 5 0.00 0.00 0.00 0.00 1.00 0.00 0.00 23 255 1.00 0.00 0.04 0.04 0.00 0.00 0.00 0.00
1 0 205 19407 0 0 0 0 0 0 0 0 0 0 0 0 3 3 0.00 0.00 0.00 0.00 1.00 0.00 0.00 3 255 1.00 0.00 0.33 0.04 0.00 0.00 0.00 0.00
1 0 210 4826 0 0 0 0 0 0 0 0 0 0 0 0 4 4 0.00 0.00 0.00 0.00 1.00 0.00 0.00 4 255 1.00 0.00 0.25 0.05 0.00 0.00 0.00 0.00
1 0 211 2790 0 0 0 0 0 0 0 0 0 0 0 0 4 4 0.00 0.00 0.00 0.00 1.00 0.00 0.00 14 255 1.00 0.00 0.07 0.05 0.00 0.00 0.00 0.00
1 0 220 2364 0 0 0 0 0 0 0 0 0 0 0 0 4 4 0.00 0.00 0.00 0.00 1.00 0.00 0.00 24 255 1.00 0.00 0.04 0.05 0.00 0.00 0.00 0.00
1 0 214 2129 0 0 0 0 0 0 0 0 0 0 0 0 1 1 0.00 0.00 0.00 0.00 1.00 0.00 0.00 34 255 1.00 0.00 0.03 0.05 0.00 0.00 0.00 0.00
1 0 212 39751 0 0 0 0 0 0 0 0 0 0 0 0 1 22 0.00 0.00 0.00 0.00 1.00 0.00 0.09 44 255 1.00 0.00 0.02 0.05 0.00 0.00 0.00 0.00
1 0 203 39751 0 0 0 0 0 0 0 0 0 0 0 0 1 1 0.00 0.00 0.00 0.00 1.00 0.00 0.00 54 255 1.00 0.00 0.02 0.05 0.02 0.00 0.00 0.00
1 0 226 6594 0 0 0 0 0 0 0 0 0 0 0 0 1 1 0.00 0.00 0.00 0.00 1.00 0.00 0.00 64 255 1.00 0.00 0.02 0.05 0.02 0.00 0.00 0.00
1 0 230 11529 0 0 0 0 0 0 0 0 0 0 0 0 11 11 0.00 0.00 0.00 0.00 1.00 0.00 0.00 74 255 1.00 0.00 0.01 0.04 0.01 0.00 0.00 0.00
1 0 222 248 0 0 0 0 0 0 0 0 0 0 0 0 7 7 0.00 0.00 0.00 0.00 1.00 0.00 0.00 84 255 1.00 0.00 0.01 0.03 0.01 0.00 0.00 0.00
1 0 202 2790 0 0 0 0 0 0 0 0 0 0 0 0 6 6 0.00 0.00 0.00 0.00 1.00 0.00 0.00 94 255 1.00 0.00 0.01 0.03 0.01 0.00 0.00 0.00
1 0 216 9819 0 0 0 0 0 0 0 0 0 0 0 0 6 6 0.00 0.00 0.00 0.00 1.00 0.00 0.00 104 255 1.00 0.00 0.01 0.03 0.01 0.00 0.00 0.00
1 0 205 1124 0 0 0 0 0 0 0 0 0 0 0 0 8 8 0.00 0.00 0.00 0.00 1.00 0.00 0.00 114 255 1.00 0.00 0.01 0.03 0.01 0.00 0.00 0.00
1 0 198 2129 0 0 0 0 0 0 0 0 0 0 0 0 8 8 0.00 0.00 0.00 0.00 1.00 0.00 0.00 124 255 1.00 0.00 0.01 0.03 0.01 0.00 0.00 0.00
1 0 197 253 0 0 0 0 0 0 0 0 0 0 0 0 8 8 0.00 0.00 0.00 0.00 1.00 0.00 0.00 134 255 1.00 0.00 0.01 0.02 0.01 0.00 0.00 0.00
1 0 209 9921 0 0 0 0 0 0 0 0 0 0 0 0 8 8 0.00 0.00 0.00 0.00 1.00 0.00 0.00 144 255 1.00 0.00 0.01 0.02 0.01 0.00 0.00 0.00
1 0 195 1382 0 0 0 0 0 0 0 0 0 0 0 0 5 5 0.00 0.00 0.00 0.00 1.00 0.00 0.00 154 255 1.00 0.00 0.01 0.02 0.01 0.00 0.00 0.00
1 0 194 1366 0 0 0 0 0 0 0 0 0 0 0 0 5 5 0.00 0.00 0.00 0.00 1.00 0.00 0.00 164 255 1.00 0.00 0.01 0.02 0.01 0.00 0.00 0.00
1 0 262 4815 0 0 0 0 0 0 0 0 0 0 0 0 1 3 0.00 0.00 0.00 0.00 1.00 0.00 1.00 5 255 1.00 0.00 0.20 0.03 0.00 0.00 0.00 0.00
1 0 333 4815 0 0 0 0 0 0 0 0 0 0 0 0 2 9 0.00 0.00 0.00 0.00 1.00 0.00 0.33 15 255 1.00 0.00 0.07 0.03 0.00 0.00 0.00 0.00
1 0 339 1588 0 0 0 0 0 0 0 0 0 0 0 0 1 18 0.00 0.00 0.00 0.00 1.00 0.00 0.22 25 255 1.00 0.00 0.04 0.03 0.00 0.00 0.00 0.00
1 0 212 170 0 0 0 0 0 0 0 0 0 0 0 0 1 1 0.00 0.00 0.00 0.00 1.00 0.00 0.00 35 255 1.00 0.00 0.03 0.03 0.00 0.00 0.00 0.00
1 0 280 197 0 0 0 0 0 0 0 0 0 0 0 0 1 17 0.00 0.00 0.00 0.00 1.00 0.00 0.18 45 255 1.00 0.00 0.02 0.03 0.00 0.00 0.00 0.00
1 0 345 235 0 0 0 0 0 0 0 0 0 0 0 0 1 6 0.00 0.00 0.00 0.00 1.00 0.00 0.33 55 255 1.00 0.00 0.02 0.02 0.00 0.00 0.00 0.00
1 0 269 1588 0 0 0 0 0 0 0 0 0 0 0 0 4 7 0.00 0.00 0.00 0.00 1.00 0.00 0.29 65 255 1.00 0.00 0.02 0.02 0.00 0.00 0.00 0.00
1 0 316 170 0 0 0 0 0 0 0 0 0 0 0 0 2 2 0.00 0.00 0.00 0.00 1.00 0.00 0.00 75 255 1.00 0.00 0.01 0.02 0.00 0.00 0.00 0.00
1 0 196 170 0 0 0 0 0 0 0 0 0 0 0 0 4 5 0.00 0.00 0.00 0.00 1.00 0.00 0.40 85 255 1.00 0.00 0.01 0.01 0.00 0.00 0.00 0.00
1 0 196 170 0 0 0 0 0 0 0 0 0 0 0 0 3 4 0.00 0.00 0.00 0.00 1.00 0.00 0.50 95 255 1.00 0.00 0.01 0.01 0.00 0.00 0.00 0.00
1 0 352 274 0 0 0 0 0 0 0 0 0 0 0 0 2 18 0.00 0.00 0.00 0.00 1.00 0.00 0.17 105 255 1.00 0.00 0.01 0.01 0.00 0.00 0.00 0.00
1 0 247 4815 0 0 0 0 0 0 0 0 0 0 0 0 2 3 0.00 0.00 0.00 0.00 1.00 0.00 0.67 115 255 1.00 0.00 0.01 0.01 0.00 0.00 0.00 0.00
1 0 213 170 0 0 0 0 0 0 0 0 0 0 0 0 3 4 0.00 0.00 0.00 0.00 1.00 0.00 0.50 125 255 1.00 0.00 0.01 0.01 0.00 0.00 0.00 0.00
1 0 250 4815 0 0 0 0 0 0 0 0 0 0 0 0 1 2 0.00 0.00 0.00 0.00 1.00 0.00 1.00 135 255 1.00 0.00 0.01 0.01 0.00 0.00 0.00 0.00
1 0 239 262 0 0 0 0 0 0 0 0 0 0 0 0 2 20 0.00 0.00 0.00 0.00 1.00 0.00 0.10 145 255 1.00 0.00 0.01 0.01 0.00 0.00 0.00 0.00
1 0 292 2808 0 0 0 0 0 0 0 0 0 0 0 0 7 7 0.00 0.00 0.00 0.00 1.00 0.00 0.00 8 255 1.00 0.00 0.12 0.01 0.00 0.00 0.00 0.00
1 0 291 454 0 0 0 0 0 0 0 0 0 0 0 0 17 17 0.00 0.00 0.00 0.00 1.00 0.00 0.00 18 255 1.00 0.00 0.06 0.01 0.00 0.00 0.00 0.00
1 0 299 2402 0 0 0 0 0 0 0 0 0 0 0 0 27 27 0.00 0.00 0.00 0.00 1.00 0.00 0.00 28 255 1.00 0.00 0.04 0.01 0.00 0.00 0.00 0.00
1 0 226 2402 0 0 0 0 0 0 0 0 0 0 0 0 9 9 0.00 0.00 0.00 0.00 1.00 0.00 0.00 38 255 1.00 0.00 0.03 0.01 0.00 0.00 0.00 0.00
1 0 218 2816 0 0 0 0 0 0 0 0 0 0 0 0 19 19 0.00 0.00 0.00 0.00 1.00 0.00 0.00 48 255 1.00 0.00 0.02 0.01 0.00 0.00 0.00 0.00
1 0 177 15047 0 0 0 0 0 0 0 0 0 0 0 0 1 1 0.00 0.00 0.00 0.00 1.00 0.00 0.00 58 255 1.00 0.00 0.02 0.01 0.00 0.00 0.00 0.00
1 0 292 2808 0 0 0 0 0 0 0 0 0 0 0 0 1 1 0.00 0.00 0.00 0.00 1.00 0.00 0.00 68 255 1.00 0.00 0.01 0.01 0.00 0.00 0.00 0.00
1 0 289 280 0 0 0 0 0 0 0 0 0 0 0 0 11 11 0.00 0.00 0.00 0.00 1.00 0.00 0.00 78 255 1.00 0.00 0.01 0.01 0.00 0.00 0.00 0.00
1 0 289 2536 0 0 0 0 0 0 0 0 0 0 0 0 21 21 0.00 0.00 0.00 0.00 1.00 0.00 0.00 88 255 1.00 0.00 0.01 0.01 0.00 0.00 0.00 0.00
1 0 295 2649 0 0 0 0 0 0 0 0 0 0 0 0 2 2 0.00 0.00 0.00 0.00 1.00 0.00 0.00 98 255 1.00 0.00 0.01 0.01 0.00 0.00 0.00 0.00
1 0 295 5260 0 0 0 0 0 0 0 0 0 0 0 0 12 12 0.00 0.00 0.00 0.00 1.00 0.00 0.00 108 255 1.00 0.00 0.01 0.01 0.00 0.00 0.00 0.00
1 0 291 2714 0 0 0 0 0 0 0 0 0 0 0 0 22 22 0.00 0.00 0.00 0.00 1.00 0.00 0.00 118 255 1.00 0.00 0.01 0.01 0.00 0.00 0.00 0.00
1 0 293 1509 0 0 0 0 0 0 0 0 0 0 0 0 5 5 0.00 0.00 0.00 0.00 1.00 0.00 0.00 128 255 1.00 0.00 0.01 0.01 0.00 0.00 0.00 0.00
1 0 299 1404 0 0 0 0 0 0 0 0 0 0 0 0 15 15 0.00 0.00 0.00 0.00 1.00 0.00 0.00 138 255 1.00 0.00 0.01 0.01 0.00 0.00 0.00 0.00
1 0 291 2486 0 0 0 0 0 0 0 0 0 0 0 0 25 25 0.00 0.00 0.00 0.00 1.00 0.00 0.00 148 255 1.00 0.00 0.01 0.01 0.00 0.00 0.00 0.00
1 0 302 4073 0 0 0 0 0 0 0 0 0 0 0 0 7 11 0.00 0.00 0.00 0.00 1.00 0.00 0.18 158 255 1.00 0.00 0.01 0.01 0.00 0.00 0.00 0.00
1 0 317 280 0 0 0 0 0 0 0 0 0 0 0 0 7 7 0.00 0.00 0.00 0.00 1.00 0.00 0.00 168 255 1.00 0.00 0.01 0.01 0.00 0.00 0.00 0.00
1 0 328 24786 0 0 0 0 0 0 0 0 0 0 0 0 17 21 0.00 0.00 0.00 0.00 1.00 0.00 0.10 178 255 1.00 0.00 0.01 0.01 0.00 0.00 0.00 0.00
1 0 320 2762 0 0 0 0 0 0 0 0 0 0 0 0 27 33 0.00 0.00 0.00 0.00 1.00 0.00 0.06 188 255 1.00 0.00 0.01 0.01 0.00 0.00 0.00 0.00
1 0 352 454 0 0 0 0 0 0 0 0 0 0 0 0 9 9 0.00 0.00 0.00 0.00 1.00 0.00 0.00 198 255 1.00 0.00 0.01 0.01 0.00 0.00 0.00 0.00
1 0 331 280 0 0 0 0 0 0 0 0 0 0 0 0 7 7 0.00 0.00 0.00 0.00 1.00 0.00 0.00 208 255 1.00 0.00 0.00 0.01 0.00 0.00 0.00 0.00
1 0 296 280 0 0 0 0 0 0 0 0 0 0 0 0 5 8 0.00 0.00 0.00 0.00 1.00 0.00 0.25 218 255 1.00 0.00 0.00 0.01 0.00 0.00 0.00 0.00
1 0 273 422 0 0 0 0 0 0 0 0 0 0 0 0 5 5 0.00 0.00 0.00 0.00 1.00 0.00 0.00 228 255 1.00 0.00 0.00 0.01 0.00 0.00 0.00 0.00
1 0 208 2649 0 0 0 0 0 0 0 0 0 0 0 0 2 18 0.00 0.00 0.00 0.00 1.00 0.00 0.11 238 255 1.00 0.00 0.00 0.01 0.00 0.00 0.00 0.00
1 0 208 5260 0 0 0 0 0 0 0 0 0 0 0 0 12 39 0.00 0.00 0.00 0.00 1.00 0.00 0.05 248 255 1.00 0.00 0.00 0.01 0.00 0.00 0.00 0.00
1 0 206 2483 0 0 0 0 0 0 0 0 0 0 0 0 22 50 0.00 0.00 0.00 0.00 1.00 0.00 0.04 255 255 1.00 0.00 0.00 0.00 0.00 0.00 0.00 0.00
1 0 233 280 0 0 0 0 0 0 0 0 0 0 0 0 4 5 0.00 0.00 0.00 0.00 1.00 0.00 0.40 255 255 1.00 0.00 0.00 0.00 0.00 0.00 0.00 0.00
1 0 218 1632 0 0 0 0 0 0 0 0 0 0 0 0 2 2 0.00 0.00 0.00 0.00 1.00 0.00 0.00 255 255 1.00 0.00 0.00 0.00 0.00 0.00 0.00 0.00
1 0 223 8046 0 0 0 0 0 0 0 0 0 0 0 0 12 12 0.00 0.00 0.00 0.00 1.00 0.00 0.00 255 255 1.00 0.00 0.00 0.00 0.00 0.00 0.00 0.00
1 0 224 21384 0 0 0 0 0 0 0 0 0 0 0 0 10 10 0.00 0.00 0.00 0.00 1.00 0.00 0.00 255 255 1.00 0.00 0.00 0.00 0.00 0.00 0.00 0.00
1 0 226 2662 0 0 0 0 0 0 0 0 0 0 0 0 6 6 0.00 0.00 0.00 0.00 1.00 0.00 0.00 255 255 1.00 0.00 0.00 0.00 0.00 0.00 0.00 0.00
1 0 227 24786 0 0 0 0 0 0 0 0 0 0 0 0 16 16 0.00 0.00 0.00 0.00 1.00 0.00 0.00 255 255 1.00 0.00 0.00 0.00 0.00 0.00 0.00 0.00
1 0 219 2762 0 0 0 0 0 0 0 0 0 0 0 0 26 26 0.00 0.00 0.00 0.00 1.00 0.00 0.00 255 255 1.00 0.00 0.00 0.00 0.00 0.00 0.00 0.00
1 0 219 2808 0 0 0 0 0 0 0 0 0 0 0 0 8 8 0.00 0.00 0.00 0.00 1.00 0.00 0.00 255 255 1.00 0.00 0.00 0.00 0.00 0.00 0.00 0.00
1 0 218 454 0 0 0 0 0 0 0 0 0 0 0 0 18 18 0.00 0.00 0.00 0.00 1.00 0.00 0.00 255 255 1.00 0.00 0.00 0.00 0.00 0.00 0.00 0.00
1 0 224 753 0 0 0 0 0 0 0 0 0 0 0 0 28 28 0.00 0.00 0.00 0.00 1.00 0.00 0.00 255 255 1.00 0.00 0.00 0.00 0.00 0.00 0.00 0.00
1 0 211 2808 0 0 0 0 0 0 0 0 0 0 0 0 9 9 0.00 0.00 0.00 0.00 1.00 0.00 0.00 255 255 1.00 0.00 0.00 0.00 0.00 0.00 0.00 0.00
1 0 219 24786 0 0 0 0 0 0 0 0 0 0 0 0 19 19 0.00 0.00 0.00 0.00 1.00 0.00 0.00 255 255 1.00 0.00 0.00 0.00 0.00 0.00 0.00 0.00
1 0 161 17183 0 0 0 0 0 0 0 0 0 0 0 0 1 1 0.00 0.00 0.00 0.00 1.00 0.00 0.00 255 255 1.00 0.00 0.00 0.00 0.00 0.00 0.00 0.00
1 0 218 4150 0 0 0 0 0 0 0 0 0 0 0 0 11 11 0.00 0.00 0.00 0.00 1.00 0.00 0.00 255 255 1.00 0.00 0.00 0.00 0.00 0.00 0.00 0.00
1 0 227 2662 0 0 0 0 0 0 0 0 0 0 0 0 3 3 0.00 0.00 0.00 0.00 1.00 0.00 0.00 255 255 1.00 0.00 0.00 0.00 0.00 0.00 0.00 0.00
1 0 228 24786 0 0 0 0 0 0 0 0 0 0 0 0 13 13 0.00 0.00 0.00 0.00 1.00 0.00 0.00 255 255 1.00 0.00 0.00 0.00 0.00 0.00 0.00 0.00
1 0 220 2762 0 0 0 0 0 0 0 0 0 0 0 0 23 23 0.00 0.00 0.00 0.00 1.00 0.00 0.00 255 255 1.00 0.00 0.00 0.00 0.00 0.00 0.00 0.00
1 0 229 16564 0 0 0 0 0 0 0 0 0 0 0 0 6 6 0.00 0.00 0.00 0.00 1.00 0.00 0.00 255 255 1.00 0.00 0.00 0.00 0.00 0.00 0.00 0.00
1 0 227 4073 0 0 0 0 0 0 0 0 0 0 0 0 3 10 0.00 0.00 0.00 0.00 1.00 0.00 0.30 255 255 1.00 0.00 0.00 0.00 0.00 0.00 0.00 0.00
1 0 227 2662 0 0 0 0 0 0 0 0 0 0 0 0 5 9 0.00 0.00 0.00 0.00 1.00 0.00 0.22 255 255 1.00 0.00 0.00 0.00 0.00 0.00 0.00 0.00
1 0 219 454 0 0 0 0 0 0 0 0 0 0 0 0 15 19 0.00 0.00 0.00 0.00 1.00 0.00 0.11 255 255 1.00 0.00 0.00 0.00 0.00 0.00 0.00 0.00
1 0 225 753 0 0 0 0 0 0 0 0 0 0 0 0 25 25 0.00 0.00 0.00 0.00 1.00 0.00 0.00 255 255 1.00 0.00 0.00 0.00 0.00 0.00 0.00 0.00
1 0 329 1404 0 0 0 0 0 0 0 0 0 0 0 0 7 7 0.00 0.00 0.00 0.00 1.00 0.00 0.00 255 255 1.00 0.00 0.00 0.00 0.00 0.00 0.00 0.00
1 0 325 2913 0 0 0 0 0 0 0 0 0 0 0 0 17 17 0.00 0.00 0.00 0.00 1.00 0.00 0.00 255 255 1.00 0.00 0.00 0.00 0.00 0.00 0.00 0.00
1 0 327 2402 0 0 0 0 0 0 0 0 0 0 0 0 27 27 0.00 0.00 0.00 0.00 1.00 0.00 0.00 255 255 1.00 0.00 0.00 0.00 0.00 0.00 0.00 0.00
1 0 234 2750 0 0 0 0 0 0 0 0 0 0 0 0 9 9 0.00 0.00 0.00 0.00 1.00 0.00 0.00 255 255 1.00 0.00 0.00 0.00 0.00 0.00 0.00 0.00
1 0 220 2762 0 0 0 0 0 0 0 0 0 0 0 0 19 19 0.00 0.00 0.00 0.00 1.00 0.00 0.00 255 255 1.00 0.00 0.00 0.00 0.00 0.00 0.00 0.00
1 0 325 2649 0 0 0 0 0 0 0 0 0 0 0 0 1 18 0.00 0.00 0.00 0.00 1.00 0.00 0.22 255 255 1.00 0.00 0.00 0.00 0.00 0.00 0.00 0.00
1 0 317 7384 0 0 0 0 0 0 0 0 0 0 0 0 11 25 0.00 0.00 0.00 0.00 1.00 0.00 0.12 255 255 1.00 0.00 0.00 0.00 0.00 0.00 0.00 0.00
1 0 323 2483 0 0 0 0 0 0 0 0 0 0 0 0 21 35 0.00 0.00 0.00 0.00 1.00 0.00 0.09 255 255 1.00 0.00 0.00 0.00 0.00 0.00 0.00 0.00
1 0 356 4073 0 0 0 0 0 0 0 0 0 0 0 0 3 3 0.00 0.00 0.00 0.00 1.00 0.00 0.00 255 255 1.00 0.00 0.00 0.00 0.00 0.00 0.00 0.00
1 0 275 18472 0 0 0 0 0 0 0 0 0 0 0 0 1 1 0.00 0.00 0.00 0.00 1.00 0.00 0.00 255 255 1.00 0.00 0.00 0.00 0.00 0.00 0.00 0.00
1 0 344 10761 0 0 0 0 0 0 0 0 0 0 0 0 11 11 0.00 0.00 0.00 0.00 1.00 0.00 0.00 255 255 1.00 0.00 0.00 0.00 0.00 0.00 0.00 0.00
1 0 335 1137 0 0 0 0 0 0 0 0 0 0 0 0 9 9 0.00 0.00 0.00 0.00 1.00 0.00 0.00 255 255 1.00 0.00 0.00 0.00 0.00 0.00 0.00 0.00
1 0 301 1404 0 0 0 0 0 0 0 0 0 0 0 0 6 6 0.00 0.00 0.00 0.00 1.00 0.00 0.00 255 255 1.00 0.00 0.00 0.00 0.00 0.00 0.00 0.00
1 0 302 10350 0 0 0 0 0 0 0 0 0 0 0 0 16 16 0.00 0.00 0.00 0.00 1.00 0.00 0.00 255 255 1.00 0.00 0.00 0.00 0.00 0.00 0.00 0.00
1 0 291 2714 0 0 0 0 0 0 0 0 0 0 0 0 2 2 0.00 0.00 0.00 0.00 1.00 0.00 0.00 255 255 1.00 0.00 0.00 0.00 0.00 0.00 0.00 0.00
1 0 298 24786 0 0 0 0 0 0 0 0 0 0 0 0 12 12 0.00 0.00 0.00 0.00 1.00 0.00 0.00 255 255 1.00 0.00 0.00 0.00 0.00 0.00 0.00 0.00
1 0 297 2648 0 0 0 0 0 0 0 0 0 0 0 0 22 22 0.00 0.00 0.00 0.00 1.00 0.00 0.00 255 255 1.00 0.00 0.00 0.00 0.00 0.00 0.00 0.00
1 0 293 2486 0 0 0 0 0 0 0 0 0 0 0 0 28 28 0.00 0.00 0.00 0.00 1.00 0.00 0.00 255 255 1.00 0.00 0.00 0.00 0.00 0.00 0.00 0.00
1 0 226 2662 0 0 0 0 0 0 0 0 0 0 0 0 7 7 0.00 0.00 0.00 0.00 1.00 0.00 0.00 255 255 1.00 0.00 0.00 0.00 0.00 0.00 0.00 0.00
1 0 227 24786 0 0 0 0 0 0 0 0 0 0 0 0 17 17 0.00 0.00 0.00 0.00 1.00 0.00 0.00 255 255 1.00 0.00 0.00 0.00 0.00 0.00 0.00 0.00
1 0 226 2402 0 0 0 0 0 0 0 0 0 0 0 0 27 27 0.00 0.00 0.00 0.00 1.00 0.00 0.00 255 255 1.00 0.00 0.00 0.00 0.00 0.00 0.00 0.00
1 0 227 1102 0 0 0 0 0 0 0 0 0 0 0 0 10 10 0.00 0.00 0.00 0.00 1.00 0.00 0.00 255 255 1.00 0.00 0.00 0.00 0.00 0.00 0.00 0.00
1 0 313 3859 0 0 0 0 0 0 0 0 0 0 0 0 4 4 0.00 0.00 0.00 0.00 1.00 0.00 0.00 255 255 1.00 0.00 0.00 0.00 0.00 0.00 0.00 0.00
1 0 330 8487 0 0 0 0 0 0 0 0 0 0 0 0 3 9 0.00 0.00 0.00 0.00 1.00 0.00 0.22 255 255 1.00 0.00 0.00 0.00 0.00 0.00 0.00 0.00
1 0 315 1492 0 0 0 0 0 0 0 0 0 0 0 0 12 18 0.00 0.00 0.00 0.00 1.00 0.00 0.11 255 255 1.00 0.00 0.00 0.00 0.00 0.00 0.00 0.00
1 0 318 1745 0 0 0 0 0 0 0 0 0 0 0 0 21 29 0.00 0.00 0.00 0.00 1.00 0.00 0.07 255 255 1.00 0.00 0.00 0.00 0.00 0.00 0.00 0.00
1 0 312 3726 0 0 0 0 0 0 0 0 0 0 0 0 16 16 0.00 0.00 0.00 0.00 1.00 0.00 0.00 255 255 1.00 0.00 0.00 0.00 0.00 0.00 0.00 0.00
1 0 358 1464 0 0 0 0 0 0 0 0 0 0 0 0 6 6 0.00 0.00 0.00 0.00 1.00 0.00 0.00 255 255 1.00 0.00 0.00 0.00 0.00 0.00 0.00 0.00
1 0 309 298 0 0 0 0 0 0 0 0 0 0 0 0 25 25 0.00 0.00 0.00 0.00 1.00 0.00 0.00 255 255 1.00 0.00 0.01 0.00 0.00 0.00 0.00 0.00
1 0 309 3524 0 0 0 0 0 0 0 0 0 0 0 0 35 35 0.00 0.00 0.00 0.00 1.00 0.00 0.00 255 255 1.00 0.00 0.01 0.00 0.00 0.00 0.00 0.00
1 0 310 4063 0 0 0 0 0 0 0 0 0 0 0 0 45 45 0.00 0.00 0.00 0.00 1.00 0.00 0.00 255 255 1.00 0.00 0.00 0.00 0.00 0.00 0.00 0.00
1 0 313 662 0 0 0 0 0 0 0 0 0 0 0 0 55 55 0.00 0.00 0.00 0.00 1.00 0.00 0.00 255 255 1.00 0.00 0.00 0.00 0.00 0.00 0.00 0.00
1 0 213 8487 0 0 0 0 0 0 0 0 0 0 0 0 2 2 0.00 0.00 0.00 0.00 1.00 0.00 0.00 255 255 1.00 0.00 0.00 0.00 0.00 0.00 0.00 0.00
1 0 198 1492 0 0 0 0 0 0 0 0 0 0 0 0 12 12 0.00 0.00 0.00 0.00 1.00 0.00 0.00 255 255 1.00 0.00 0.00 0.00 0.00 0.00 0.00 0.00
1 0 200 2536 0 0 0 0 0 0 0 0 0 0 0 0 22 22 0.00 0.00 0.00 0.00 1.00 0.00 0.00 255 255 1.00 0.00 0.00 0.00 0.00 0.00 0.00 0.00
1 0 221 2808 0 0 0 0 0 0 0 0 0 0 0 0 3 7 0.00 0.00 0.00 0.00 1.00 0.00 0.29 255 255 1.00 0.00 0.00 0.00 0.00 0.00 0.00 0.00
1 0 226 2913 0 0 0 0 0 0 0 0 0 0 0 0 13 13 0.00 0.00 0.00 0.00 1.00 0.00 0.00 255 255 1.00 0.00 0.00 0.00 0.00 0.00 0.00 0.00
1 0 216 671 0 0 0 0 0 0 0 0 0 0 0 0 23 23 0.00 0.00 0.00 0.00 1.00 0.00 0.00 255 255 1.00 0.00 0.00 0.00 0.00 0.00 0.00 0.00
1 0 210 2402 0 0 0 0 0 0 0 0 0 0 0 0 5 5 0.00 0.00 0.00 0.00 1.00 0.00 0.00 255 255 1.00 0.00 0.00 0.00 0.00 0.00 0.00 0.00
1 0 212 1404 0 0 0 0 0 0 0 0 0 0 0 0 15 15 0.00 0.00 0.00 0.00 1.00 0.00 0.00 255 255 1.00 0.00 0.00 0.00 0.00 0.00 0.00 0.00
1 0 203 2762 0 0 0 0 0 0 0 0 0 0 0 0 25 25 0.00 0.00 0.00 0.00 1.00 0.00 0.00 255 255 1.00 0.00 0.00 0.00 0.00 0.00 0.00 0.00
1 0 231 27576 0 0 0 0 0 0 0 0 0 0 0 0 7 7 0.00 0.00 0.00 0.00 1.00 0.00 0.00 255 255 1.00 0.00 0.00 0.00 0.00 0.00 0.00 0.00
1 0 300 10350 0 0 0 0 0 0 0 0 0 0 0 0 17 17 0.00 0.00 0.00 0.00 1.00 0.00 0.00 255 255 1.00 0.00 0.00 0.00 0.00 0.00 0.00 0.00
1 0 289 2816 0 0 0 0 0 0 0 0 0 0 0 0 27 27 0.00 0.00 0.00 0.00 1.00 0.00 0.00 255 255 1.00 0.00 0.00 0.00 0.00 0.00 0.00 0.00
1 0 231 27576 0 0 0 0 0 0 0 0 0 0 0 0 9 9 0.00 0.00 0.00 0.00 1.00 0.00 0.00 255 255 1.00 0.00 0.00 0.00 0.00 0.00 0.00 0.00
1 0 295 2913 0 0 0 0 0 0 0 0 0 0 0 0 19 19 0.00 0.00 0.00 0.00 1.00 0.00 0.00 255 255 1.00 0.00 0.00 0.00 0.00 0.00 0.00 0.00
1 0 233 2870 0 0 0 0 0 0 0 0 0 0 0 0 1 1 0.00 0.00 0.00 0.00 1.00 0.00 0.00 255 255 1.00 0.00 0.00 0.00 0.00 0.00 0.00 0.00
1 0 226 2536 0 0 0 0 0 0 0 0 0 0 0 0 2 4 0.00 0.00 0.00 0.00 1.00 0.00 0.50 255 255 1.00 0.00 0.00 0.00 0.00 0.00 0.00 0.00
1 0 219 2881 0 0 0 0 0 0 0 0 0 0 0 0 12 14 0.00 0.00 0.00 0.00 1.00 0.00 0.14 255 255 1.00 0.00 0.00 0.00 0.00 0.00 0.00 0.00
1 0 290 1745 0 0 0 0 0 0 0 0 0 0 0 0 4 4 0.00 0.00 0.00 0.00 1.00 0.00 0.00 255 255 1.00 0.00 0.00 0.00 0.00 0.00 0.00 0.00
1 0 299 2648 0 0 0 0 0 0 0 0 0 0 0 0 14 14 0.00 0.00 0.00 0.00 1.00 0.00 0.00 255 255 1.00 0.00 0.00 0.00 0.00 0.00 0.00 0.00
1 0 293 2714 0 0 0 0 0 0 0 0 0 0 0 0 24 24 0.00 0.00 0.00 0.00 1.00 0.00 0.00 255 255 1.00 0.00 0.00 0.00 0.00 0.00 0.00 0.00
1 0 203 1492 0 0 0 0 0 0 0 0 0 0 0 0 6 8 0.00 0.00 0.00 0.00 1.00 0.00 0.25 255 255 1.00 0.00 0.00 0.00 0.00 0.00 0.00 0.00
1 0 329 13770 0 0 0 0 0 0 0 0 0 0 0 0 8 8 0.00 0.00 0.00 0.00 1.00 0.00 0.00 255 255 1.00 0.00 0.00 0.00 0.00 0.00 0.00 0.00
1 0 208 753 0 0 0 0 0 0 0 0 0 0 0 0 7 7 0.00 0.00 0.00 0.00 1.00 0.00 0.00 255 255 1.00 0.00 0.00 0.00 0.00 0.00 0.00 0.00
1 0 208 5260 0 0 0 0 0 0 0 0 0 0 0 0 17 17 0.00 0.00 0.00 0.00 1.00 0.00 0.00 255 255 1.00 0.00 0.00 0.00 0.00 0.00 0.00 0.00
1 0 200 7384 0 0 0 0 0 0 0 0 0 0 0 0 27 27 0.00 0.00 0.00 0.00 1.00 0.00 0.00 255 255 1.00 0.00 0.00 0.00 0.00 0.00 0.00 0.00
1 0 242 575 0 0 0 0 0 0 0 0 0 0 0 0 9 9 0.00 0.00 0.00 0.00 1.00 0.00 0.00 255 255 1.00 0.00 0.00 0.00 0.00 0.00 0.00 0.00
1 0 244 613 0 0 0 0 0 0 0 0 0 0 0 0 19 24 0.00 0.00 0.00 0.00 1.00 0.00 0.08 255 255 1.00 0.00 0.00 0.00 0.00 0.00 0.00 0.00
1 0 244 717 0 0 0 0 0 0 0 0 0 0 0 0 29 42 0.00 0.00 0.00 0.00 1.00 0.00 0.05 255 255 1.00 0.00 0.00 0.00 0.00 0.00 0.00 0.00
1 0 242 3124 0 0 0 0 0 0 0 0 0 0 0 0 6 7 0.00 0.00 0.00 0.00 1.00 0.00 0.29 255 255 1.00 0.00 0.00 0.00 0.00 0.00 0.00 0.00
1 0 250 12613 0 0 0 0 0 0 0 0 0 0 0 0 3 3 0.00 0.00 0.00 0.00 1.00 0.00 0.00 255 255 1.00 0.00 0.00 0.00 0.00 0.00 0.00 0.00
1 0 180 19189 0 0 0 0 0 0 0 0 0 0 0 0 13 15 0.00 0.00 0.00 0.00 1.00 0.00 0.13 255 255 1.00 0.00 0.00 0.00 0.00 0.00 0.00 0.00
1 0 243 1026 0 0 0 0 0 0 0 0 0 0 0 0 23 38 0.00 0.00 0.00 0.00 1.00 0.00 0.05 255 255 1.00 0.00 0.00 0.00 0.00 0.00 0.00 0.00
1 0 157 424 0 0 0 0 0 0 0 0 0 0 0 0 1 1 0.00 0.00 0.00 0.00 1.00 0.00 0.00 255 255 1.00 0.00 0.00 0.00 0.00 0.00 0.00 0.00
1 0 217 1890 0 0 0 0 0 0 0 0 0 0 0 0 11 11 0.00 0.00 0.00 0.00 1.00 0.00 0.00 255 255 1.00 0.00 0.00 0.00 0.00 0.00 0.00 0.00
1 0 217 2346 0 0 0 0 0 0 0 0 0 0 0 0 21 21 0.00 0.00 0.00 0.00 1.00 0.00 0.00 255 255 1.00 0.00 0.00 0.00 0.00 0.00 0.00 0.00
1 0 221 3594 0 0 0 0 0 0 0 0 0 0 0 0 31 31 0.00 0.00 0.00 0.00 1.00 0.00 0.00 255 255 1.00 0.00 0.00 0.00 0.00 0.00 0.00 0.00
1 0 218 294 0 0 0 0 0 0 0 0 0 0 0 0 41 41 0.00 0.00 0.00 0.00 1.00 0.00 0.00 255 255 1.00 0.00 0.00 0.00 0.00 0.00 0.00 0.00
1 0 222 2024 0 0 0 0 0 0 0 0 0 0 0 0 51 51 0.00 0.00 0.00 0.00 1.00 0.00 0.00 255 255 1.00 0.00 0.00 0.00 0.00 0.00 0.00 0.00
1 0 220 654 0 0 0 0 0 0 0 0 0 0 0 0 61 61 0.00 0.00 0.00 0.00 1.00 0.00 0.00 255 255 1.00 0.00 0.00 0.00 0.00 0.00 0.00 0.00
1 0 243 2230 0 0 0 0 0 0 0 0 0 0 0 0 8 9 0.00 0.00 0.00 0.00 1.00 0.00 0.22 255 255 1.00 0.00 0.00 0.00 0.00 0.00 0.00 0.00
1 0 244 613 0 0 0 0 0 0 0 0 0 0 0 0 18 19 0.00 0.00 0.00 0.00 1.00 0.00 0.11 255 255 1.00 0.00 0.00 0.00 0.00 0.00 0.00 0.00
1 0 247 700 0 0 0 0 0 0 0 0 0 0 0 0 28 28 0.00 0.00 0.00 0.00 1.00 0.00 0.00 255 255 1.00 0.00 0.00 0.00 0.00 0.00 0.00 0.00
1 0 309 6090 0 0 0 0 0 0 0 0 0 0 0 0 2 2 0.00 0.00 0.00 0.00 1.00 0.00 0.00 6 255 1.00 0.00 0.17 0.01 0.00 0.00 0.00 0.00
1 0 217 4296 0 0 0 0 0 0 0 0 0 0 0 0 2 3 0.00 0.00 0.00 0.00 1.00 0.00 0.67 7 255 1.00 0.00 0.14 0.01 0.00 0.00 0.00 0.00
1 0 308 7889 0 0 0 0 0 0 0 0 0 0 0 0 3 3 0.00 0.00 0.00 0.00 1.00 0.00 0.00 7 255 1.00 0.00 0.14 0.02 0.00 0.00 0.00 0.00
1 0 217 957 0 0 0 0 0 0 0 0 0 0 0 0 6 6 0.00 0.00 0.00 0.00 1.00 0.00 0.00 6 255 1.00 0.00 0.17 0.02 0.00 0.00 0.00 0.00
1 0 312 9384 0 0 0 0 0 0 0 0 0 0 0 0 1 1 0.00 0.00 0.00 0.00 1.00 0.00 0.00 16 255 1.00 0.00 0.06 0.02 0.00 0.00 0.00 0.00
1 0 327 4141 0 0 0 0 0 0 0 0 0 0 0 0 11 11 0.00 0.00 0.00 0.00 1.00 0.00 0.00 26 255 1.00 0.00 0.04 0.02 0.00 0.00 0.00 0.00
1 0 310 4428 0 0 0 0 0 0 0 0 0 0 0 0 6 6 0.00 0.00 0.00 0.00 1.00 0.00 0.00 6 255 1.00 0.00 0.17 0.03 0.00 0.00 0.00 0.00
1 0 337 443 0 0 0 0 0 0 0 0 0 0 0 0 4 4 0.00 0.00 0.00 0.00 1.00 0.00 0.00 16 255 1.00 0.00 0.06 0.03 0.00 0.00 0.00 0.00
1 0 290 1366 0 0 0 0 0 0 0 0 0 0 0 0 2 2 0.00 0.00 0.00 0.00 1.00 0.00 0.00 2 255 1.00 0.00 0.50 0.03 0.00 0.00 0.00 0.00
1 0 291 15021 0 0 0 0 0 0 0 0 0 0 0 0 6 8 0.00 0.00 0.00 0.00 1.00 0.00 0.25 12 255 1.00 0.00 0.08 0.03 0.00 0.00 0.00 0.00
1 0 297 1350 0 0 0 0 0 0 0 0 0 0 0 0 8 9 0.00 0.00 0.00 0.00 1.00 0.00 0.22 22 255 1.00 0.00 0.05 0.03 0.00 0.00 0.00 0.00
1 0 301 3315 0 0 0 0 0 0 0 0 0 0 0 0 8 9 0.00 0.00 0.00 0.00 1.00 0.00 0.22 32 255 1.00 0.00 0.03 0.03 0.00 0.00 0.00 0.00
1 0 302 1366 0 0 0 0 0 0 0 0 0 0 0 0 4 4 0.00 0.00 0.00 0.00 1.00 0.00 0.00 42 255 1.00 0.00 0.02 0.03 0.00 0.00 0.00 0.00
1 0 291 1303 0 0 0 0 0 0 0 0 0 0 0 0 3 3 0.00 0.00 0.00 0.00 1.00 0.00 0.00 52 255 1.00 0.00 0.02 0.03 0.00 0.00 0.00 0.00
1 0 291 12605 0 0 0 0 0 0 0 0 0 0 0 0 7 9 0.00 0.00 0.00 0.00 1.00 0.00 0.22 62 255 1.00 0.00 0.02 0.03 0.00 0.00 0.00 0.00
1 0 299 12605 0 0 0 0 0 0 0 0 0 0 0 0 9 22 0.00 0.00 0.00 0.00 1.00 0.00 0.09 72 255 1.00 0.00 0.01 0.03 0.00 0.00 0.00 0.00
1 0 302 1370 0 0 0 0 0 0 0 0 0 0 0 0 9 10 0.00 0.00 0.00 0.00 1.00 0.00 0.20 82 255 1.00 0.00 0.01 0.03 0.00 0.00 0.00 0.00
1 0 304 1381 0 0 0 0 0 0 0 0 0 0 0 0 5 5 0.00 0.00 0.00 0.00 1.00 0.00 0.00 92 255 1.00 0.00 0.01 0.03 0.00 0.00 0.00 0.00
1 0 227 17372 0 0 0 0 0 0 0 0 0 0 0 0 4 4 0.00 0.00 0.00 0.00 1.00 0.00 0.00 4 255 1.00 0.00 0.25 0.04 0.00 0.00 0.00 0.00
1 0 226 28076 0 0 0 0 0 0 0 0 0 0 0 0 14 14 0.00 0.00 0.00 0.00 1.00 0.00 0.00 14 255 1.00 0.00 0.07 0.04 0.00 0.00 0.00 0.00
1 0 230 20363 0 0 0 0 0 0 0 0 0 0 0 0 4 4 0.00 0.00 0.00 0.00 1.00 0.00 0.00 24 255 1.00 0.00 0.04 0.04 0.00 0.00 0.00 0.00
1 0 229 29268 0 0 0 0 0 0 0 0 0 0 0 0 2 2 0.00 0.00 0.00 0.00 1.00 0.00 0.00 34 255 1.00 0.00 0.03 0.04 0.00 0.00 0.00 0.00
1 0 228 44578 0 0 0 0 0 0 0 0 0 0 0 0 8 8 0.00 0.00 0.00 0.00 1.00 0.00 0.00 44 255 1.00 0.00 0.02 0.04 0.00 0.00 0.00 0.00
1 0 230 33924 0 0 0 0 0 0 0 0 0 0 0 0 3 3 0.00 0.00 0.00 0.00 1.00 0.00 0.00 54 255 1.00 0.00 0.02 0.04 0.00 0.00 0.00 0.00
1 0 232 28808 0 0 0 0 0 0 0 0 0 0 0 0 3 3 0.00 0.00 0.00 0.00 1.00 0.00 0.00 64 255 1.00 0.00 0.02 0.04 0.00 0.00 0.00 0.00
1 0 227 7488 0 0 0 0 0 0 0 0 0 0 0 0 5 45 0.00 0.00 0.00 0.00 1.00 0.00 0.07 74 255 1.00 0.00 0.01 0.03 0.00 0.00 0.00 0.00
1 0 181 4019 0 0 0 0 0 0 0 0 0 0 0 0 4 4 0.00 0.00 0.00 0.00 1.00 0.00 0.00 84 255 1.00 0.00 0.01 0.03 0.00 0.00 0.00 0.00
1 0 228 29200 0 0 0 0 0 0 0 0 0 0 0 0 10 10 0.10 0.10 0.00 0.00 1.00 0.00 0.00 94 255 1.00 0.00 0.01 0.02 0.01 0.00 0.00 0.00
1 0 228 28541 0 0 0 0 0 0 0 0 0 0 0 0 5 18 0.00 0.00 0.00 0.00 1.00 0.00 0.22 104 255 1.00 0.00 0.01 0.02 0.01 0.00 0.00 0.00
1 0 232 10622 0 0 0 0 0 0 0 0 0 0 0 0 4 4 0.00 0.00 0.00 0.00 1.00 0.00 0.00 114 255 1.00 0.00 0.01 0.02 0.01 0.00 0.00 0.00
1 0 211 7488 0 0 0 0 0 0 0 0 0 0 0 0 10 10 0.00 0.00 0.00 0.00 1.00 0.00 0.00 124 255 1.00 0.00 0.01 0.02 0.01 0.00 0.00 0.00
1 0 214 20363 0 0 0 0 0 0 0 0 0 0 0 0 4 4 0.00 0.00 0.00 0.00 1.00 0.00 0.00 134 255 1.00 0.00 0.01 0.01 0.01 0.00 0.00 0.00
1 0 217 10622 0 0 0 0 0 0 0 0 0 0 0 0 2 2 0.00 0.00 0.00 0.00 1.00 0.00 0.00 144 255 1.00 0.00 0.01 0.01 0.01 0.00 0.00 0.00
1 0 211 7488 0 0 0 0 0 0 0 0 0 0 0 0 4 5 0.00 0.00 0.00 0.00 1.00 0.00 0.40 154 255 1.00 0.00 0.01 0.01 0.01 0.00 0.00 0.00
1 0 215 29375 0 0 0 0 0 0 0 0 0 0 0 0 3 9 0.00 0.00 0.00 0.00 1.00 0.00 0.33 164 255 1.00 0.00 0.01 0.01 0.01 0.00 0.00 0.00
1 0 214 33924 0 0 0 0 0 0 0 0 0 0 0 0 9 21 0.00 0.00 0.00 0.00 1.00 0.00 0.10 174 255 1.00 0.00 0.01 0.01 0.01 0.00 0.00 0.00
1 0 161 4025 0 0 0 0 0 0 0 0 0 0 0 0 1 1 0.00 0.00 0.00 0.00 1.00 0.00 0.00 184 255 1.00 0.00 0.01 0.01 0.01 0.00 0.00 0.00
1 0 212 44578 0 0 0 0 0 0 0 0 0 0 0 0 11 11 0.00 0.00 0.00 0.00 1.00 0.00 0.00 194 255 1.00 0.00 0.01 0.01 0.01 0.00 0.00 0.00
1 0 212 9156 0 0 0 0 0 0 0 0 0 0 0 0 6 6 0.17 0.17 0.00 0.00 1.00 0.00 0.00 204 255 1.00 0.00 0.00 0.01 0.01 0.01 0.00 0.00
1 0 212 44578 0 0 0 0 0 0 0 0 0 0 0 0 1 1 0.00 0.00 0.00 0.00 1.00 0.00 0.00 214 255 1.00 0.00 0.00 0.01 0.01 0.01 0.00 0.00
1 0 210 28076 0 0 0 0 0 0 0 0 0 0 0 0 11 11 0.00 0.00 0.00 0.00 1.00 0.00 0.00 224 255 1.00 0.00 0.00 0.01 0.01 0.01 0.00 0.00
1 0 219 1197 0 0 0 0 0 0 0 0 0 0 0 0 1 1 0.00 0.00 0.00 0.00 1.00 0.00 0.00 6 255 1.00 0.00 0.17 0.01 0.00 0.01 0.00 0.00
1 0 227 1197 0 0 0 0 0 0 0 0 0 0 0 0 2 4 0.00 0.00 0.00 0.00 1.00 0.00 0.75 6 255 1.00 0.00 0.17 0.02 0.00 0.01 0.00 0.00
1 0 298 2809 0 0 0 0 0 0 0 0 0 0 0 0 2 6 0.00 0.00 0.00 0.00 1.00 0.00 0.33 16 255 1.00 0.00 0.06 0.02 0.00 0.01 0.00 0.00
1 0 294 9518 0 0 0 0 0 0 0 0 0 0 0 0 4 24 0.00 0.00 0.00 0.00 1.00 0.00 0.17 26 255 1.00 0.00 0.04 0.01 0.00 0.01 0.00 0.00
1 0 186 2958 0 0 0 0 0 0 0 0 0 0 0 0 1 1 0.00 0.00 0.00 0.00 1.00 0.00 0.00 36 255 1.00 0.00 0.03 0.01 0.00 0.01 0.00 0.00
1 0 187 2958 0 0 0 0 0 0 0 0 0 0 0 0 1 1 0.00 0.00 0.00 0.00 1.00 0.00 0.00 46 255 1.00 0.00 0.02 0.01 0.00 0.01 0.00 0.00
1 0 260 6642 0 0 0 0 0 0 0 0 0 0 0 0 2 4 0.00 0.00 0.00 0.00 1.00 0.00 0.50 56 255 1.00 0.00 0.02 0.01 0.00 0.01 0.00 0.00
1 0 223 636 0 0 0 0 0 0 0 0 0 0 0 0 2 3 0.00 0.00 0.00 0.00 1.00 0.00 0.67 66 255 1.00 0.00 0.02 0.01 0.00 0.01 0.00 0.00
1 0 212 1197 0 0 0 0 0 0 0 0 0 0 0 0 1 6 0.00 0.00 0.00 0.00 1.00 0.00 0.50 76 255 1.00 0.00 0.01 0.01 0.00 0.01 0.00 0.00
1 0 208 9518 0 0 0 0 0 0 0 0 0 0 0 0 1 2 0.00 0.00 0.00 0.00 1.00 0.00 1.00 86 255 1.00 0.00 0.01 0.01 0.00 0.01 0.00 0.00
1 0 212 2809 0 0 0 0 0 0 0 0 0 0 0 0 3 6 0.00 0.00 0.00 0.00 1.00 0.00 0.33 96 255 1.00 0.00 0.01 0.01 0.00 0.01 0.00 0.00
1 0 196 8824 0 0 0 0 0 0 0 0 0 0 0 0 1 1 0.00 0.00 0.00 0.00 1.00 0.00 0.00 106 255 1.00 0.00 0.01 0.01 0.00 0.01 0.00 0.00
1 0 259 5310 0 0 0 0 0 0 0 0 0 0 0 0 1 1 0.00 0.00 0.00 0.00 1.00 0.00 0.00 116 255 1.00 0.00 0.01 0.01 0.00 0.00 0.00 0.00
1 0 259 6891 0 0 0 0 0 0 0 0 0 0 0 0 11 11 0.00 0.00 0.00 0.00 1.00 0.00 0.00 126 255 1.00 0.00 0.01 0.01 0.00 0.00 0.00 0.00
1 0 259 6891 0 0 0 0 0 0 0 0 0 0 0 0 9 9 0.00 0.00 0.00 0.00 1.00 0.00 0.00 136 255 1.00 0.00 0.01 0.01 0.00 0.00 0.00 0.00
1 0 257 6537 0 0 0 0 0 0 0 0 0 0 0 0 3 3 0.00 0.00 0.00 0.00 1.00 0.00 0.00 146 255 1.00 0.00 0.01 0.01 0.00 0.00 0.00 0.00
1 0 261 4904 0 0 0 0 0 0 0 0 0 0 0 0 1 1 0.00 0.00 0.00 0.00 1.00 0.00 0.00 156 255 1.00 0.00 0.01 0.01 0.00 0.00 0.00 0.00
1 0 240 9518 0 0 0 0 0 0 0 0 0 0 0 0 2 37 0.00 0.00 0.00 0.00 1.00 0.00 0.11 166 255 1.00 0.00 0.01 0.01 0.00 0.00 0.00 0.00
1 0 229 1197 0 0 0 0 0 0 0 0 0 0 0 0 4 8 0.00 0.00 0.00 0.00 1.00 0.00 0.25 176 255 1.00 0.00 0.01 0.01 0.00 0.00 0.00 0.00
1 0 229 133 0 0 0 0 0 0 0 0 0 0 0 0 1 1 0.00 0.00 0.00 0.00 1.00 0.00 0.00 1 255 1.00 0.00 1.00 0.03 0.00 0.00 0.00 0.00
1 0 356 11794 0 0 0 0 0 0 0 0 0 0 0 0 1 7 0.00 0.00 0.00 0.00 1.00 0.00 0.29 1 255 1.00 0.00 1.00 0.04 0.00 0.00 0.00 0.00
1 0 380 707 0 0 0 0 0 0 0 0 0 0 0 0 4 4 0.00 0.00 0.00 0.00 1.00 0.00 0.00 11 255 1.00 0.00 0.09 0.04 0.00 0.00 0.00 0.00
1 0 325 750 0 0 0 0 0 0 0 0 0 0 0 0 6 6 0.00 0.00 0.00 0.00 1.00 0.00 0.00 8 255 1.00 0.00 0.12 0.04 0.00 0.00 0.00 0.00
1 0 214 5273 0 0 0 0 0 0 0 0 0 0 0 0 3 13 0.00 0.00 0.00 0.00 1.00 0.00 0.23 3 255 1.00 0.00 0.33 0.05 0.00 0.00 0.00 0.00
1 0 327 480 0 0 0 0 0 0 0 0 0 0 0 0 2 2 0.00 0.00 0.00 0.00 1.00 0.00 0.00 2 255 1.00 0.00 0.50 0.05 0.00 0.00 0.00 0.00
1 0 167 1745 0 0 0 0 0 0 0 0 0 0 0 0 3 3 0.00 0.00 0.00 0.00 1.00 0.00 0.00 3 255 1.00 0.00 0.33 0.05 0.00 0.00 0.00 0.00
1 0 198 466 0 0 0 0 0 0 0 0 0 0 0 0 5 5 0.00 0.00 0.00 0.00 1.00 0.00 0.00 5 255 1.00 0.00 0.20 0.05 0.00 0.00 0.00 0.00
1 0 202 700 0 0 0 0 0 0 0 0 0 0 0 0 15 15 0.00 0.00 0.00 0.00 1.00 0.00 0.00 15 255 1.00 0.00 0.07 0.05 0.00 0.00 0.00 0.00
1 0 212 4132 0 0 0 0 0 0 0 0 0 0 0 0 2 2 0.00 0.00 0.00 0.00 1.00 0.00 0.00 2 255 1.00 0.00 0.50 0.06 0.00 0.00 0.00 0.00
1 0 213 7921 0 0 0 0 0 0 0 0 0 0 0 0 12 12 0.00 0.00 0.00 0.00 1.00 0.00 0.00 12 255 1.00 0.00 0.08 0.06 0.00 0.00 0.00 0.00
1 0 212 2449 0 0 0 0 0 0 0 0 0 0 0 0 6 6 0.00 0.00 0.00 0.00 1.00 0.00 0.00 22 255 1.00 0.00 0.05 0.06 0.00 0.00 0.00 0.00
1 0 213 8679 0 0 0 0 0 0 0 0 0 0 0 0 16 16 0.00 0.00 0.00 0.00 1.00 0.00 0.00 32 255 1.00 0.00 0.03 0.06 0.00 0.00 0.00 0.00
1 0 396 769 0 0 0 0 0 0 0 0 0 0 0 0 1 34 0.00 0.00 0.00 0.00 1.00 0.00 0.12 10 255 1.00 0.00 0.10 0.06 0.00 0.00 0.00 0.00
1 0 288 789 0 0 0 0 0 0 0 0 0 0 0 0 1 8 0.00 0.00 0.00 0.00 1.00 0.00 0.25 20 255 1.00 0.00 0.05 0.06 0.00 0.00 0.00 0.00
1 0 368 801 0 0 0 0 0 0 0 0 0 0 0 0 1 37 0.00 0.00 0.00 0.00 1.00 0.00 0.11 30 255 1.00 0.00 0.03 0.06 0.00 0.00 0.00 0.00
1 0 236 35147 0 0 0 0 0 0 0 0 0 0 0 0 2 31 0.00 0.00 0.00 0.00 1.00 0.00 0.06 2 255 1.00 0.00 0.50 0.07 0.00 0.00 0.00 0.00
1 0 200 267 0 0 0 0 0 0 0 0 0 0 0 0 3 3 0.00 0.00 0.00 0.00 1.00 0.00 0.00 12 255 1.00 0.00 0.08 0.07 0.00 0.00 0.00 0.00
1 0 318 3084 0 0 0 0 0 0 0 0 0 0 0 0 5 33 0.00 0.00 0.00 0.00 1.00 0.00 0.06 22 255 1.00 0.00 0.05 0.07 0.00 0.00 0.00 0.00
1 0 200 4080 0 0 0 0 0 0 0 0 0 0 0 0 6 10 0.00 0.00 0.00 0.00 1.00 0.00 0.20 32 255 1.00 0.00 0.03 0.07 0.00 0.00 0.00 0.00
1 0 286 267 0 0 0 0 0 0 0 0 0 0 0 0 7 7 0.00 0.00 0.00 0.00 1.00 0.00 0.00 42 255 1.00 0.00 0.02 0.07 0.00 0.00 0.00 0.00
1 0 253 9254 0 0 0 0 0 0 0 0 0 0 0 0 1 17 0.00 0.00 0.00 0.00 1.00 0.00 0.12 52 255 1.00 0.00 0.02 0.07 0.00 0.00 0.00 0.00
1 0 235 585 0 0 0 0 0 0 0 0 0 0 0 0 1 14 0.00 0.00 0.00 0.00 1.00 0.00 0.14 62 255 1.00 0.00 0.02 0.07 0.00 0.00 0.00 0.00
1 0 185 6539 0 0 0 0 0 0 0 0 0 0 0 0 3 6 0.00 0.00 0.00 0.00 1.00 0.00 0.33 72 255 1.00 0.00 0.01 0.07 0.00 0.00 0.00 0.00
1 0 244 1016 0 0 0 0 0 0 0 0 0 0 0 0 3 7 0.00 0.00 0.00 0.00 1.00 0.00 0.29 82 255 1.00 0.00 0.01 0.07 0.00 0.00 0.00 0.00
1 0 240 267 0 0 0 0 0 0 0 0 0 0 0 0 5 5 0.00 0.00 0.00 0.00 1.00 0.00 0.00 92 255 1.00 0.00 0.01 0.07 0.00 0.00 0.00 0.00
1 0 242 261 0 0 0 0 0 0 0 0 0 0 0 0 15 15 0.00 0.00 0.00 0.00 1.00 0.00 0.00 102 255 1.00 0.00 0.01 0.05 0.00 0.00 0.00 0.00
1 0 237 623 0 0 0 0 0 0 0 0 0 0 0 0 25 25 0.00 0.00 0.00 0.00 1.00 0.00 0.00 112 255 1.00 0.00 0.01 0.05 0.00 0.00 0.00 0.00
1 0 240 415 0 0 0 0 0 0 0 0 0 0 0 0 35 35 0.00 0.00 0.00 0.00 1.00 0.00 0.00 122 255 1.00 0.00 0.01 0.04 0.00 0.00 0.00 0.00
1 0 243 3245 0 0 0 0 0 0 0 0 0 0 0 0 4 4 0.00 0.00 0.00 0.00 1.00 0.00 0.00 132 255 1.00 0.00 0.01 0.04 0.00 0.00 0.00 0.00
1 0 214 310 0 0 0 0 0 0 0 0 0 0 0 0 6 8 0.00 0.00 0.00 0.00 1.00 0.00 0.38 142 255 1.00 0.00 0.01 0.03 0.00 0.00 0.00 0.00
1 0 242 3758 0 0 0 0 0 0 0 0 0 0 0 0 7 7 0.00 0.00 0.00 0.00 1.00 0.00 0.00 152 255 1.00 0.00 0.01 0.03 0.00 0.00 0.00 0.00
1 0 310 17135 0 0 0 0 0 0 0 0 0 0 0 0 1 1 0.00 0.00 0.00 0.00 1.00 0.00 0.00 162 255 1.00 0.00 0.01 0.02 0.00 0.00 0.00 0.00
1 0 310 17135 0 0 0 0 0 0 0 0 0 0 0 0 1 1 0.00 0.00 0.00 0.00 1.00 0.00 0.00 172 255 1.00 0.00 0.01 0.02 0.00 0.00 0.00 0.00
1 0 217 3084 0 0 0 0 0 0 0 0 0 0 0 0 2 2 0.00 0.00 0.00 0.00 1.00 0.00 0.00 182 255 1.00 0.00 0.01 0.02 0.00 0.00 0.00 0.00
1 0 286 267 0 0 0 0 0 0 0 0 0 0 0 0 4 4 0.00 0.00 0.00 0.00 1.00 0.00 0.00 192 255 1.00 0.00 0.01 0.02 0.00 0.00 0.00 0.00
1 0 284 310 0 0 0 0 0 0 0 0 0 0 0 0 6 6 0.00 0.00 0.00 0.00 1.00 0.00 0.00 202 255 1.00 0.00 0.00 0.02 0.00 0.00 0.00 0.00
1 0 184 6539 0 0 0 0 0 0 0 0 0 0 0 0 2 2 0.00 0.00 0.00 0.00 1.00 0.00 0.00 212 255 1.00 0.00 0.00 0.02 0.00 0.00 0.00 0.00
1 0 234 664 0 0 0 0 0 0 0 0 0 0 0 0 8 8 0.00 0.00 0.00 0.00 1.00 0.00 0.00 222 255 1.00 0.00 0.00 0.01 0.00 0.00 0.00 0.00
1 0 249 637 0 0 0 0 0 0 0 0 0 0 0 0 6 6 0.00 0.00 0.00 0.00 1.00 0.00 0.00 232 255 1.00 0.00 0.00 0.01 0.00 0.00 0.00 0.00
1 0 229 307 0 0 0 0 0 0 0 0 0 0 0 0 2 2 0.00 0.00 0.00 0.00 1.00 0.00 0.00 242 255 1.00 0.00 0.00 0.01 0.00 0.00 0.00 0.00
1 0 242 372 0 0 0 0 0 0 0 0 0 0 0 0 12 12 0.00 0.00 0.00 0.00 1.00 0.00 0.00 252 255 1.00 0.00 0.00 0.01 0.00 0.00 0.00 0.00
1 0 242 260 0 0 0 0 0 0 0 0 0 0 0 0 22 22 0.00 0.00 0.00 0.00 1.00 0.00 0.00 255 255 1.00 0.00 0.00 0.00 0.00 0.00 0.00 0.00
1 0 244 463 0 0 0 0 0 0 0 0 0 0 0 0 32 32 0.00 0.00 0.00 0.00 1.00 0.00 0.00 255 255 1.00 0.00 0.00 0.00 0.00 0.00 0.00 0.00
1 0 264 35147 0 0 0 0 0 0 0 0 0 0 0 0 1 1 0.00 0.00 0.00 0.00 1.00 0.00 0.00 255 255 1.00 0.00 0.00 0.00 0.00 0.00 0.00 0.00
1 0 200 267 0 0 0 0 0 0 0 0 0 0 0 0 1 1 0.00 0.00 0.00 0.00 1.00 0.00 0.00 255 255 1.00 0.00 0.00 0.00 0.00 0.00 0.00 0.00
1 0 233 625 0 0 0 0 0 0 0 0 0 0 0 0 4 4 0.00 0.00 0.00 0.00 1.00 0.00 0.00 255 255 1.00 0.00 0.00 0.00 0.00 0.00 0.00 0.00
1 0 302 263 0 0 0 0 0 0 0 0 0 0 0 0 7 7 0.00 0.00 0.00 0.00 1.00 0.00 0.00 255 255 1.00 0.00 0.00 0.00 0.00 0.00 0.00 0.00
1 0 195 1946 0 0 0 0 0 0 0 0 0 0 0 0 3 3 0.00 0.00 0.00 0.00 1.00 0.00 0.00 3 255 1.00 0.00 0.33 0.02 0.00 0.00 0.00 0.00
1 0 229 237 0 0 0 0 0 0 0 0 0 0 0 0 6 6 0.00 0.00 0.00 0.00 1.00 0.00 0.00 13 255 1.00 0.00 0.08 0.02 0.00 0.00 0.00 0.00
1 0 213 1946 0 0 0 0 0 0 0 0 0 0 0 0 2 3 0.00 0.00 0.00 0.00 1.00 0.00 0.67 23 255 1.00 0.00 0.04 0.02 0.00 0.00 0.00 0.00
1 0 217 3848 0 0 0 0 0 0 0 0 0 0 0 0 7 7 0.00 0.00 0.00 0.00 1.00 0.00 0.00 7 255 1.00 0.00 0.14 0.02 0.00 0.00 0.00 0.00
1 0 310 3249 0 0 0 0 0 0 0 0 0 0 0 0 5 5 0.00 0.00 0.00 0.00 1.00 0.00 0.00 17 255 1.00 0.00 0.06 0.02 0.00 0.00 0.00 0.00
1 0 311 1357 0 0 0 0 0 0 0 0 0 0 0 0 3 3 0.00 0.00 0.00 0.00 1.00 0.00 0.00 27 255 1.00 0.00 0.04 0.02 0.00 0.00 0.00 0.00
1 0 313 248 0 0 0 0 0 0 0 0 0 0 0 0 1 2 0.00 0.00 0.00 0.00 1.00 0.00 1.00 37 255 1.00 0.00 0.03 0.02 0.00 0.00 0.00 0.00
1 0 338 3249 0 0 0 0 0 0 0 0 0 0 0 0 11 12 0.00 0.00 0.00 0.00 1.00 0.00 0.17 47 255 1.00 0.00 0.02 0.02 0.00 0.00 0.00 0.00
1 0 294 4321 0 0 0 0 0 0 0 0 0 0 0 0 9 9 0.00 0.00 0.00 0.00 1.00 0.00 0.00 9 255 1.00 0.00 0.11 0.02 0.00 0.00 0.00 0.00
1 0 211 4636 0 0 0 0 0 0 0 0 0 0 0 0 6 6 0.00 0.00 0.00 0.00 1.00 0.00 0.00 19 255 1.00 0.00 0.05 0.02 0.00 0.00 0.00 0.00
1 0 210 6108 0 0 0 0 0 0 0 0 0 0 0 0 3 9 0.00 0.00 0.00 0.00 1.00 0.00 0.33 29 255 1.00 0.00 0.03 0.02 0.00 0.00 0.00 0.00
1 0 208 4321 0 0 0 0 0 0 0 0 0 0 0 0 13 14 0.00 0.00 0.00 0.00 1.00 0.00 0.14 39 255 1.00 0.00 0.03 0.02 0.00 0.00 0.00 0.00
1 0 210 245 0 0 0 0 0 0 0 0 0 0 0 0 8 8 0.00 0.00 0.00 0.00 1.00 0.00 0.00 10 255 1.00 0.00 0.10 0.03 0.00 0.00 0.00 0.00
1 0 225 2853 0 0 0 0 0 0 0 0 0 0 0 0 8 16 0.00 0.00 0.00 0.00 1.00 0.00 0.19 20 255 1.00 0.00 0.05 0.03 0.00 0.00 0.00 0.00
1 0 202 259 0 0 0 0 0 0 0 0 0 0 0 0 8 8 0.00 0.00 0.00 0.00 1.00 0.00 0.00 30 255 1.00 0.00 0.03 0.03 0.00 0.00 0.00 0.00
1 0 225 5077 0 0 0 0 0 0 0 0 0 0 0 0 1 1 0.00 0.00 0.00 0.00 1.00 0.00 0.00 1 255 1.00 0.00 1.00 0.04 0.00 0.00 0.00 0.00
1 0 223 1675 0 0 0 0 0 0 0 0 0 0 0 0 3 3 0.00 0.00 0.00 0.00 1.00 0.00 0.00 11 255 1.00 0.00 0.09 0.04 0.00 0.00 0.00 0.00
1 0 226 3878 0 0 0 0 0 0 0 0 0 0 0 0 5 17 0.00 0.00 0.00 0.00 1.00 0.00 0.18 21 255 1.00 0.00 0.05 0.04 0.00 0.00 0.00 0.00
1 0 226 5077 0 0 0 0 0 0 0 0 0 0 0 0 7 13 0.00 0.00 0.00 0.00 1.00 0.00 0.15 31 255 1.00 0.00 0.03 0.04 0.00 0.00 0.00 0.00
1 0 146 16622 0 0 0 0 0 0 0 0 0 0 0 0 1 1 0.00 0.00 0.00 0.00 1.00 0.00 0.00 41 255 1.00 0.00 0.02 0.04 0.00 0.00 0.00 0.00
1 0 209 7423 0 0 0 0 0 0 0 0 0 0 0 0 2 2 0.00 0.00 0.00 0.00 1.00 0.00 0.00 2 255 1.00 0.00 0.50 0.04 0.00 0.00 0.00 0.00
1 0 236 3108 0 0 0 0 0 0 0 0 0 0 0 0 12 12 0.00 0.00 0.00 0.00 1.00 0.00 0.00 12 255 1.00 0.00 0.08 0.04 0.00 0.00 0.00 0.00
1 0 215 3154 0 0 0 0 0 0 0 0 0 0 0 0 22 22 0.00 0.00 0.00 0.00 1.00 0.00 0.00 22 255 1.00 0.00 0.05 0.04 0.00 0.00 0.00 0.00
1 0 317 3157 0 0 0 0 0 0 0 0 0 0 0 0 7 7 0.00 0.00 0.00 0.00 1.00 0.00 0.00 32 255 1.00 0.00 0.03 0.04 0.00 0.00 0.00 0.00
1 0 317 5234 0 0 0 0 0 0 0 0 0 0 0 0 17 17 0.00 0.00 0.00 0.00 1.00 0.00 0.00 42 255 1.00 0.00 0.02 0.04 0.00 0.00 0.00 0.00
1 0 324 8867 0 0 0 0 0 0 0 0 0 0 0 0 1 1 0.00 0.00 0.00 0.00 1.00 0.00 0.00 2 255 1.00 0.00 0.50 0.04 0.00 0.00 0.00 0.00
1 0 337 457 0 0 0 0 0 0 0 0 0 0 0 0 10 10 0.00 0.00 0.00 0.00 1.00 0.00 0.00 10 255 1.00 0.00 0.10 0.04 0.00 0.00 0.00 0.00
1 0 358 1948 0 0 0 0 0 0 0 0 0 0 0 0 20 20 0.00 0.00 0.00 0.00 1.00 0.00 0.00 20 255 1.00 0.00 0.05 0.04 0.00 0.00 0.00 0.00
1 0 352 1809 0 0 0 0 0 0 0 0 0 0 0 0 3 3 0.00 0.00 0.00 0.00 1.00 0.00 0.00 30 255 1.00 0.00 0.03 0.04 0.00 0.00 0.00 0.00
1 0 354 561 0 0 0 0 0 0 0 0 0 0 0 0 1 1 0.00 0.00 0.00 0.00 1.00 0.00 0.00 40 255 1.00 0.00 0.03 0.04 0.00 0.00 0.00 0.00
1 0 184 7462 0 0 0 0 0 0 0 0 0 0 0 0 4 4 0.00 0.00 0.00 0.00 1.00 0.00 0.00 4 255 1.00 0.00 0.25 0.04 0.00 0.00 0.00 0.00
1 0 190 1001 0 0 0 0 0 0 0 0 0 0 0 0 14 14 0.00 0.00 0.00 0.00 1.00 0.00 0.00 14 255 1.00 0.00 0.07 0.04 0.00 0.00 0.00 0.00
1 0 190 1001 0 0 0 0 0 0 0 0 0 0 0 0 5 5 0.00 0.00 0.00 0.00 1.00 0.00 0.00 24 255 1.00 0.00 0.04 0.04 0.00 0.00 0.00 0.00
1 0 189 2092 0 0 0 0 0 0 0 0 0 0 0 0 15 15 0.00 0.00 0.00 0.00 1.00 0.00 0.00 34 255 1.00 0.00 0.03 0.04 0.00 0.00 0.00 0.00
1 0 288 2097 0 0 0 0 0 0 0 0 0 0 0 0 6 6 0.00 0.00 0.00 0.00 1.00 0.00 0.00 44 255 1.00 0.00 0.02 0.04 0.00 0.00 0.00 0.00
1 0 291 1001 0 0 0 0 0 0 0 0 0 0 0 0 16 16 0.00 0.00 0.00 0.00 1.00 0.00 0.00 54 255 1.00 0.00 0.02 0.04 0.00 0.00 0.00 0.00
1 0 237 8920 0 0 0 0 0 0 0 0 0 0 0 0 4 4 0.00 0.00 0.00 0.00 1.00 0.00 0.00 5 255 1.00 0.00 0.20 0.04 0.00 0.00 0.00 0.00
1 0 230 2970 0 0 0 0 0 0 0 0 0 0 0 0 14 17 0.00 0.00 0.00 0.00 1.00 0.00 0.24 15 255 1.00 0.00 0.07 0.04 0.00 0.00 0.00 0.00
1 0 214 1151 0 0 0 0 0 0 0 0 0 0 0 0 9 10 0.00 0.00 0.00 0.00 1.00 0.00 0.20 25 255 1.00 0.00 0.04 0.04 0.00 0.00 0.00 0.00
1 0 229 2803 0 0 0 0 0 0 0 0 0 0 0 0 1 1 0.00 0.00 0.00 0.00 1.00 0.00 0.00 1 255 1.00 0.00 1.00 0.04 0.00 0.00 0.00 0.00
1 0 240 253 0 0 0 0 0 0 0 0 0 0 0 0 1 1 0.00 0.00 0.00 0.00 1.00 0.00 0.00 11 255 1.00 0.00 0.09 0.04 0.00 0.00 0.00 0.00
1 0 287 3746 0 0 0 0 0 0 0 0 0 0 0 0 8 8 0.00 0.00 0.00 0.00 1.00 0.00 0.00 8 255 1.00 0.00 0.12 0.04 0.00 0.00 0.00 0.00
1 0 287 2373 0 0 0 0 0 0 0 0 0 0 0 0 3 3 0.00 0.00 0.00 0.00 1.00 0.00 0.00 18 255 1.00 0.00 0.06 0.04 0.00 0.00 0.00 0.00
1 0 289 3495 0 0 0 0 0 0 0 0 0 0 0 0 6 13 0.00 0.00 0.00 0.00 1.00 0.00 0.23 28 255 1.00 0.00 0.04 0.04 0.00 0.00 0.00 0.00
1 0 289 2833 0 0 0 0 0 0 0 0 0 0 0 0 2 2 0.00 0.00 0.00 0.00 1.00 0.00 0.00 38 255 1.00 0.00 0.03 0.04 0.00 0.00 0.00 0.00
1 0 221 873 0 0 0 0 0 0 0 0 0 0 0 0 4 4 0.00 0.00 0.00 0.00 1.00 0.00 0.00 4 255 1.00 0.00 0.25 0.05 0.00 0.00 0.00 0.00
1 0 200 13763 0 0 0 0 0 0 0 0 0 0 0 0 1 1 0.00 0.00 0.00 0.00 1.00 0.00 0.00 14 255 1.00 0.00 0.07 0.04 0.00 0.00 0.00 0.00
1 0 215 318 0 0 0 0 0 0 0 0 0 0 0 0 4 4 0.00 0.00 0.00 0.00 1.00 0.00 0.00 24 255 1.00 0.00 0.04 0.04 0.00 0.00 0.00 0.00
1 0 343 2529 0 0 0 0 0 0 0 0 0 0 0 0 1 3 0.00 0.00 0.00 0.00 1.00 0.00 1.00 34 255 1.00 0.00 0.03 0.04 0.00 0.00 0.00 0.00
1 0 322 873 0 0 0 0 0 0 0 0 0 0 0 0 11 13 0.00 0.00 0.00 0.00 1.00 0.00 0.23 44 255 1.00 0.00 0.02 0.04 0.00 0.00 0.00 0.00
1 0 362 2280 0 0 0 0 0 0 0 0 0 0 0 0 7 7 0.00 0.00 0.00 0.00 1.00 0.00 0.00 54 255 1.00 0.00 0.02 0.04 0.00 0.00 0.00 0.00
1 0 256 8970 0 0 0 0 0 0 0 0 0 0 0 0 9 9 0.00 0.00 0.00 0.00 1.00 0.00 0.00 64 255 1.00 0.00 0.02 0.03 0.00 0.00 0.00 0.00
1 0 215 13408 0 0 0 0 0 0 0 0 0 0 0 0 6 6 0.00 0.00 0.00 0.00 1.00 0.00 0.00 74 255 1.00 0.00 0.01 0.03 0.00 0.00 0.00 0.00
1 0 232 21433 0 0 0 0 0 0 0 0 0 0 0 0 2 2 0.00 0.00 0.00 0.00 1.00 0.00 0.00 2 255 1.00 0.00 0.50 0.04 0.00 0.00 0.00 0.00
1 0 294 806 0 0 0 0 0 0 0 0 0 0 0 0 12 12 0.00 0.00 0.00 0.00 1.00 0.00 0.00 12 255 1.00 0.00 0.08 0.04 0.00 0.00 0.00 0.00
1 0 289 4798 0 0 0 0 0 0 0 0 0 0 0 0 22 22 0.00 0.00 0.00 0.00 1.00 0.00 0.00 22 255 1.00 0.00 0.05 0.04 0.00 0.00 0.00 0.00
1 0 249 4325 0 0 0 0 0 0 0 0 0 0 0 0 1 2 0.00 0.00 0.00 0.00 1.00 0.00 1.00 32 255 1.00 0.00 0.03 0.03 0.00 0.00 0.00 0.00
1 0 246 381 0 0 0 0 0 0 0 0 0 0 0 0 11 12 0.00 0.00 0.00 0.00 1.00 0.00 0.17 42 255 1.00 0.00 0.02 0.03 0.00 0.00 0.00 0.00
1 0 145 21433 0 0 0 0 0 0 0 0 0 0 0 0 6 6 0.00 0.00 0.00 0.00 1.00 0.00 0.00 52 255 1.00 0.00 0.02 0.03 0.00 0.00 0.00 0.00
1 0 207 806 0 0 0 0 0 0 0 0 0 0 0 0 16 16 0.00 0.00 0.00 0.00 1.00 0.00 0.00 62 255 1.00 0.00 0.02 0.03 0.00 0.00 0.00 0.00
1 0 194 808 0 0 0 0 0 0 0 0 0 0 0 0 26 26 0.00 0.00 0.00 0.00 1.00 0.00 0.00 72 255 1.00 0.00 0.01 0.03 0.00 0.00 0.00 0.00
1 0 308 4603 0 0 0 0 0 0 0 0 0 0 0 0 4 4 0.00 0.00 0.00 0.00 1.00 0.00 0.00 82 255 1.00 0.00 0.01 0.03 0.00 0.00 0.00 0.00
1 0 313 2914 0 0 0 0 0 0 0 0 0 0 0 0 14 14 0.00 0.00 0.00 0.00 1.00 0.00 0.00 92 255 1.00 0.00 0.01 0.03 0.00 0.00 0.00 0.00
1 0 286 1091 0 0 0 0 0 0 0 0 0 0 0 0 24 24 0.00 0.00 0.00 0.00 1.00 0.00 0.00 102 255 1.00 0.00 0.01 0.03 0.00 0.00 0.00 0.00
1 0 274 15580 0 0 0 0 0 0 0 0 0 0 0 0 5 5 0.00 0.00 0.00 0.00 1.00 0.00 0.00 112 255 1.00 0.00 0.01 0.03 0.00 0.00 0.00 0.00
1 0 246 381 0 0 0 0 0 0 0 0 0 0 0 0 15 15 0.00 0.00 0.00 0.00 1.00 0.00 0.00 122 255 1.00 0.00 0.01 0.02 0.00 0.00 0.00 0.00
1 0 211 2393 0 0 0 0 0 0 0 0 0 0 0 0 10 10 0.00 0.00 0.00 0.00 1.00 0.00 0.00 132 255 1.00 0.00 0.01 0.02 0.00 0.00 0.00 0.00
1 0 205 407 0 0 0 0 0 0 0 0 0 0 0 0 20 20 0.00 0.00 0.00 0.00 1.00 0.00 0.00 142 255 1.00 0.00 0.01 0.02 0.00 0.00 0.00 0.00
1 0 228 71 0 0 0 0 0 0 0 0 0 0 0 0 1 1 0.00 0.00 0.00 0.00 1.00 0.00 0.00 152 255 1.00 0.00 0.01 0.02 0.00 0.00 0.00 0.00
1 0 310 4603 0 0 0 0 0 0 0 0 0 0 0 0 8 8 0.00 0.00 0.00 0.00 1.00 0.00 0.00 162 255 1.00 0.00 0.01 0.02 0.00 0.00 0.00 0.00
1 0 288 4993 0 0 0 0 0 0 0 0 0 0 0 0 18 18 0.00 0.00 0.00 0.00 1.00 0.00 0.00 172 255 1.00 0.00 0.01 0.02 0.00 0.00 0.00 0.00
1 0 296 1458 0 0 0 0 0 0 0 0 0 0 0 0 28 28 0.00 0.00 0.00 0.00 1.00 0.00 0.00 182 255 1.00 0.00 0.01 0.01 0.00 0.00 0.00 0.00
1 0 191 604 0 0 0 0 0 0 0 0 0 0 0 0 6 6 0.00 0.00 0.00 0.00 1.00 0.00 0.00 6 255 1.00 0.00 0.17 0.02 0.00 0.00 0.00 0.00
1 0 194 904 0 0 0 0 0 0 0 0 0 0 0 0 16 17 0.00 0.00 0.00 0.00 1.00 0.00 0.12 16 255 1.00 0.00 0.06 0.02 0.00 0.00 0.00 0.00
1 0 170 1439 0 0 0 0 0 0 0 0 0 0 0 0 4 6 0.00 0.00 0.00 0.00 1.00 0.00 0.50 26 255 1.00 0.00 0.04 0.02 0.00 0.00 0.00 0.00
1 0 239 384 0 0 0 0 0 0 0 0 0 0 0 0 14 16 0.00 0.00 0.00 0.00 1.00 0.00 0.19 36 255 1.00 0.00 0.03 0.02 0.00 0.00 0.00 0.00
1 0 175 118 0 0 0 0 0 0 0 0 0 0 0 0 2 2 0.00 0.00 0.00 0.00 1.00 0.00 0.00 46 255 1.00 0.00 0.02 0.02 0.00 0.00 0.00 0.00
1 0 204 1263 0 0 0 0 0 0 0 0 0 0 0 0 7 8 0.00 0.00 0.00 0.00 1.00 0.00 0.25 56 255 1.00 0.00 0.02 0.02 0.00 0.00 0.00 0.00
1 0 203 4584 0 0 0 0 0 0 0 0 0 0 0 0 17 19 0.00 0.00 0.00 0.00 1.00 0.00 0.16 66 255 1.00 0.00 0.02 0.02 0.00 0.00 0.00 0.00
1 0 193 1998 0 0 0 0 0 0 0 0 0 0 0 0 3 4 0.00 0.00 0.00 0.00 1.00 0.00 0.50 76 255 1.00 0.00 0.01 0.01 0.00 0.00 0.00 0.00
1 0 194 904 0 0 0 0 0 0 0 0 0 0 0 0 13 15 0.00 0.00 0.00 0.00 1.00 0.00 0.13 86 255 1.00 0.00 0.01 0.01 0.00 0.00 0.00 0.00
1 0 170 1439 0 0 0 0 0 0 0 0 0 0 0 0 1 4 0.00 0.00 0.00 0.00 1.00 0.00 0.50 96 255 1.00 0.00 0.01 0.01 0.00 0.00 0.00 0.00
1 0 239 384 0 0 0 0 0 0 0 0 0 0 0 0 11 14 0.00 0.00 0.00 0.00 1.00 0.00 0.14 106 255 1.00 0.00 0.01 0.01 0.00 0.00 0.00 0.00
1 0 196 338 0 0 1 0 0 0 0 0 0 0 0 0 21 24 0.00 0.00 0.00 0.00 1.00 0.00 0.08 116 255 1.00 0.00 0.01 0.01 0.00 0.00 0.00 0.00
1 0 198 507 0 0 0 0 0 0 0 0 0 0 0 0 4 4 0.00 0.00 0.00 0.00 1.00 0.00 0.00 126 255 1.00 0.00 0.01 0.01 0.00 0.00 0.00 0.00
1 0 204 1263 0 0 0 0 0 0 0 0 0 0 0 0 14 15 0.00 0.00 0.00 0.00 1.00 0.00 0.13 136 255 1.00 0.00 0.01 0.01 0.00 0.00 0.00 0.00
1 0 146 4132 0 0 0 0 0 0 0 0 0 0 0 0 1 1 0.00 0.00 0.00 0.00 1.00 0.00 0.00 146 255 1.00 0.00 0.01 0.01 0.00 0.00 0.00 0.00
1 0 200 784 0 0 0 0 0 0 0 0 0 0 0 0 4 4 0.00 0.00 0.00 0.00 1.00 0.00 0.00 4 255 1.00 0.00 0.25 0.02 0.00 0.00 0.00 0.00
1 0 200 1324 0 0 0 0 0 0 0 0 0 0 0 0 14 14 0.00 0.00 0.00 0.00 1.00 0.00 0.00 14 255 1.00 0.00 0.07 0.02 0.00 0.00 0.00 0.00
1 0 203 673 0 0 0 0 0 0 0 0 0 0 0 0 9 11 0.00 0.00 0.00 0.00 1.00 0.00 0.18 24 255 1.00 0.00 0.04 0.02 0.00 0.00 0.00 0.00
1 0 192 721 0 0 0 0 0 0 0 0 0 0 0 0 2 2 0.00 0.00 0.00 0.00 1.00 0.00 0.00 2 255 1.00 0.00 0.50 0.02 0.00 0.00 0.00 0.00
1 0 278 6829 0 0 0 0 0 0 0 0 0 0 0 0 1 1 0.00 0.00 0.00 0.00 1.00 0.00 0.00 12 255 1.00 0.00 0.08 0.02 0.00 0.00 0.00 0.00
1 0 279 580 0 0 0 0 0 0 0 0 0 0 0 0 5 6 0.00 0.00 0.00 0.00 1.00 0.00 0.33 22 255 1.00 0.00 0.05 0.02 0.00 0.00 0.00 0.00
1 0 155 8034 0 0 0 0 0 0 0 0 0 0 0 0 1 1 0.00 0.00 0.00 0.00 1.00 0.00 0.00 1 255 1.00 0.00 1.00 0.03 0.00 0.00 0.00 0.00
1 0 214 310 0 0 0 0 0 0 0 0 0 0 0 0 3 3 0.00 0.00 0.00 0.00 1.00 0.00 0.00 11 255 1.00 0.00 0.09 0.03 0.00 0.00 0.00 0.00
1 0 213 1532 0 0 0 0 0 0 0 0 0 0 0 0 7 7 0.00 0.00 0.00 0.00 1.00 0.00 0.00 21 255 1.00 0.00 0.05 0.03 0.00 0.00 0.00 0.00
1 0 196 1505 0 0 0 0 0 0 0 0 0 0 0 0 9 9 0.00 0.00 0.00 0.00 1.00 0.00 0.00 9 255 1.00 0.00 0.11 0.04 0.00 0.00 0.00 0.00
1 0 207 1314 0 0 0 0 0 0 0 0 0 0 0 0 2 2 0.00 0.00 0.00 0.00 1.00 0.00 0.00 19 255 1.00 0.00 0.05 0.03 0.00 0.00 0.00 0.00
1 0 196 1292 0 0 0 0 0 0 0 0 0 0 0 0 9 9 0.00 0.00 0.00 0.00 1.00 0.00 0.00 29 255 1.00 0.00 0.03 0.03 0.00 0.00 0.00 0.00
1 0 201 1069 0 0 0 0 0 0 0 0 0 0 0 0 3 3 0.00 0.00 0.00 0.00 1.00 0.00 0.00 39 255 1.00 0.00 0.03 0.03 0.00 0.00 0.00 0.00
1 0 201 1069 0 0 0 0 0 0 0 0 0 0 0 0 3 3 0.00 0.00 0.00 0.00 1.00 0.00 0.00 49 255 1.00 0.00 0.02 0.03 0.00 0.00 0.00 0.00
1 0 193 1336 0 0 0 0 0 0 0 0 0 0 0 0 3 3 0.00 0.00 0.00 0.00 1.00 0.00 0.00 59 255 1.00 0.00 0.02 0.03 0.00 0.00 0.00 0.00
1 0 200 1021 0 0 0 0 0 0 0 0 0 0 0 0 2 2 0.00 0.00 0.00 0.00 1.00 0.00 0.00 69 255 1.00 0.00 0.01 0.03 0.00 0.00 0.00 0.00
1 0 208 836 0 0 0 0 0 0 0 0 0 0 0 0 2 2 0.00 0.00 0.00 0.00 1.00 0.00 0.00 2 255 1.00 0.00 0.50 0.04 0.00 0.00 0.00 0.00
1 0 210 2471 0 0 0 0 0 0 0 0 0 0 0 0 12 12 0.00 0.00 0.00 0.00 1.00 0.00 0.00 12 255 1.00 0.00 0.08 0.04 0.00 0.00 0.00 0.00
1 0 214 5496 0 0 0 0 0 0 0 0 0 0 0 0 7 7 0.00 0.00 0.00 0.00 1.00 0.00 0.00 22 255 1.00 0.00 0.05 0.04 0.00 0.00 0.00 0.00
1 0 210 2471 0 0 0 0 0 0 0 0 0 0 0 0 10 10 0.00 0.00 0.00 0.00 1.00 0.00 0.00 32 255 1.00 0.00 0.03 0.04 0.00 0.00 0.00 0.00
1 0 319 5496 0 0 0 0 0 0 0 0 0 0 0 0 5 5 0.00 0.00 0.00 0.00 1.00 0.00 0.00 42 255 1.00 0.00 0.02 0.04 0.00 0.00 0.00 0.00
1 0 324 4433 0 0 0 0 0 0 0 0 0 0 0 0 15 15 0.00 0.00 0.00 0.00 1.00 0.00 0.00 52 255 1.00 0.00 0.02 0.04 0.00 0.00 0.00 0.00
1 0 322 7623 0 0 0 0 0 0 0 0 0 0 0 0 3 3 0.00 0.00 0.00 0.00 1.00 0.00 0.00 62 255 1.00 0.00 0.02 0.04 0.00 0.00 0.00 0.00
1 0 325 807 0 0 0 0 0 0 0 0 0 0 0 0 13 13 0.00 0.00 0.00 0.00 1.00 0.00 0.00 72 255 1.00 0.00 0.01 0.04 0.00 0.00 0.00 0.00
1 0 255 1097 0 0 0 0 0 0 0 0 0 0 0 0 2 2 0.00 0.00 0.00 0.00 1.00 0.00 0.00 8 255 1.00 0.00 0.12 0.05 0.00 0.00 0.00 0.00
1 0 325 25113 0 0 0 0 0 0 0 0 0 0 0 0 6 28 0.00 0.00 0.00 0.00 1.00 0.00 0.07 18 255 1.00 0.00 0.06 0.04 0.00 0.00 0.00 0.00
1 0 337 5549 0 0 0 0 0 0 0 0 0 0 0 0 5 6 0.00 0.00 0.00 0.00 1.00 0.00 0.33 10 255 1.00 0.00 0.10 0.04 0.00 0.00 0.00 0.00
1 0 243 520 0 0 0 0 0 0 0 0 0 0 0 0 3 4 0.00 0.00 0.00 0.00 1.00 0.00 0.50 3 255 1.00 0.00 0.33 0.05 0.00 0.00 0.00 0.00
1 0 290 23086 0 0 0 0 0 0 0 0 0 0 0 0 1 2 0.00 0.00 0.00 0.00 1.00 0.00 1.00 2 255 1.00 0.00 0.50 0.05 0.00 0.00 0.00 0.00
1 0 184 20530 0 0 0 0 0 0 0 0 0 0 0 0 1 3 0.00 0.00 0.00 0.00 1.00 0.00 1.00 4 255 1.00 0.00 0.25 0.06 0.00 0.00 0.00 0.00
1 0 232 9743 0 0 0 0 0 0 0 0 0 0 0 0 1 2 0.00 0.00 0.00 0.00 1.00 0.00 1.00 5 255 1.00 0.00 0.20 0.07 0.00 0.00 0.00 0.00
1 0 270 164 0 0 0 0 0 0 0 0 0 0 0 0 1 1 0.00 0.00 0.00 0.00 1.00 0.00 0.00 15 255 1.00 0.00 0.07 0.07 0.00 0.00 0.00 0.00
1 0 200 73 0 0 0 0 0 0 0 0 0 0 0 0 2 4 0.00 0.00 0.00 0.00 1.00 0.00 0.75 25 255 1.00 0.00 0.04 0.06 0.00 0.00 0.00 0.00
1 0 143 9743 0 0 0 0 0 0 0 0 0 0 0 0 1 7 0.00 0.00 0.00 0.00 1.00 0.00 0.43 35 255 1.00 0.00 0.03 0.06 0.00 0.00 0.00 0.00
1 3 260 9743 0 0 0 0 0 0 0 0 0 0 0 0 1 1 0.00 0.00 0.00 0.00 1.00 0.00 0.00 45 255 1.00 0.00 0.02 0.06 0.00 0.00 0.00 0.00
1 0 144 9743 0 0 0 0 0 0 0 0 0 0 0 0 1 6 0.00 0.00 0.00 0.00 1.00 0.00 0.50 55 255 1.00 0.00 0.02 0.06 0.00 0.00 0.00 0.00
1 0 232 9743 0 0 0 0 0 0 0 0 0 0 0 0 1 1 0.00 0.00 0.00 0.00 1.00 0.00 0.00 65 255 1.00 0.00 0.02 0.06 0.00 0.00 0.00 0.00
1 0 331 3971 0 0 0 0 0 0 0 0 0 0 0 0 1 1 0.00 0.00 0.00 0.00 1.00 0.00 0.00 75 255 1.00 0.00 0.01 0.06 0.00 0.00 0.00 0.00
1 0 160 9743 0 0 0 0 0 0 0 0 0 0 0 0 1 1 0.00 0.00 0.00 0.00 1.00 0.00 0.00 85 255 1.00 0.00 0.01 0.06 0.00 0.00 0.00 0.00
1 0 187 5930 0 0 0 0 0 0 0 0 0 0 0 0 1 4 0.00 0.00 0.00 0.00 1.00 0.00 1.00 95 255 1.00 0.00 0.01 0.06 0.00 0.00 0.00 0.00
1 0 224 3339 0 0 0 0 0 0 0 0 0 0 0 0 3 5 0.00 0.00 0.00 0.00 1.00 0.00 0.60 105 255 1.00 0.00 0.01 0.06 0.00 0.00 0.00 0.00
1 0 144 9743 0 0 0 0 0 0 0 0 0 0 0 0 1 6 0.00 0.00 0.00 0.00 1.00 0.00 0.33 115 255 1.00 0.00 0.01 0.05 0.00 0.00 0.00 0.00
1 0 216 458 0 0 0 0 0 0 0 0 0 0 0 0 2 30 0.00 0.00 0.00 0.00 1.00 0.00 0.10 6 255 1.00 0.00 0.17 0.05 0.00 0.00 0.00 0.00
1 0 320 2536 0 0 0 0 0 0 0 0 0 0 0 0 4 4 0.00 0.00 0.00 0.00 1.00 0.00 0.00 4 255 1.00 0.00 0.25 0.05 0.00 0.00 0.00 0.00
1 0 318 760 0 0 0 0 0 0 0 0 0 0 0 0 14 14 0.00 0.00 0.00 0.00 1.00 0.00 0.00 14 255 1.00 0.00 0.07 0.05 0.00 0.00 0.00 0.00
1 0 319 1534 0 0 0 0 0 0 0 0 0 0 0 0 10 20 0.00 0.00 0.00 0.00 1.00 0.00 0.20 24 255 1.00 0.00 0.04 0.05 0.00 0.00 0.00 0.00
1 0 323 4708 0 0 0 0 0 0 0 0 0 0 0 0 10 13 0.00 0.00 0.00 0.00 1.00 0.00 0.15 34 255 1.00 0.00 0.03 0.05 0.00 0.00 0.00 0.00
1 0 328 1562 0 0 0 0 0 0 0 0 0 0 0 0 20 31 0.00 0.00 0.00 0.00 1.00 0.00 0.10 44 255 1.00 0.00 0.02 0.05 0.00 0.00 0.00 0.00
1 0 331 3805 0 0 0 0 0 0 0 0 0 0 0 0 10 12 0.00 0.00 0.00 0.00 1.00 0.00 0.17 54 255 1.00 0.00 0.02 0.05 0.00 0.00 0.00 0.00
1 0 341 898 0 0 0 0 0 0 0 0 0 0 0 0 20 22 0.00 0.00 0.00 0.00 1.00 0.00 0.09 64 255 1.00 0.00 0.02 0.05 0.00 0.00 0.00 0.00
1 0 356 750 0 0 0 0 0 0 0 0 0 0 0 0 6 8 0.00 0.00 0.00 0.00 1.00 0.00 0.25 74 255 1.00 0.00 0.01 0.05 0.00 0.00 0.00 0.00
1 0 352 706 0 0 0 0 0 0 0 0 0 0 0 0 16 20 0.00 0.00 0.00 0.00 1.00 0.00 0.15 84 255 1.00 0.00 0.01 0.05 0.00 0.00 0.00 0.00
1 0 331 3805 0 0 0 0 0 0 0 0 0 0 0 0 6 6 0.00 0.00 0.00 0.00 1.00 0.00 0.00 94 255 1.00 0.00 0.01 0.05 0.00 0.00 0.00 0.00
1 0 323 1158 0 0 0 0 0 0 0 0 0 0 0 0 16 18 0.00 0.00 0.00 0.00 1.00 0.00 0.11 104 255 1.00 0.00 0.01 0.04 0.00 0.00 0.00 0.00
1 0 327 2634 0 0 0 0 0 0 0 0 0 0 0 0 1 5 0.00 0.00 0.00 0.00 1.00 0.00 0.40 3 255 1.00 0.00 0.33 0.03 0.00 0.00 0.00 0.00
1 0 299 5640 0 0 0 0 0 0 0 0 0 0 0 0 1 2 0.00 0.00 0.00 0.00 1.00 0.00 1.00 13 255 1.00 0.00 0.08 0.02 0.00 0.00 0.00 0.00
1 0 274 4841 0 0 0 0 0 0 0 0 0 0 0 0 3 4 0.00 0.00 0.00 0.00 1.00 0.00 0.50 3 255 1.00 0.00 0.33 0.04 0.00 0.00 0.00 0.00
1 0 210 633 0 0 0 0 0 0 0 0 0 0 0 0 1 1 0.00 0.00 0.00 0.00 1.00 0.00 0.00 13 255 1.00 0.00 0.08 0.04 0.00 0.00 0.00 0.00
1 0 338 3647 0 0 0 0 0 0 0 0 0 0 0 0 1 1 0.00 0.00 0.00 0.00 1.00 0.00 0.00 23 255 1.00 0.00 0.04 0.04 0.00 0.00 0.00 0.00
1 0 275 525 0 0 0 0 0 0 0 0 0 0 0 0 3 4 0.00 0.00 0.00 0.00 1.00 0.00 0.50 33 255 1.00 0.00 0.03 0.04 0.00 0.00 0.00 0.00
1 0 325 333 0 0 0 0 0 0 0 0 0 0 0 0 4 4 0.00 0.00 0.00 0.00 1.00 0.00 0.00 43 255 1.00 0.00 0.02 0.04 0.00 0.00 0.00 0.00
1 0 185 4841 0 0 0 0 0 0 0 0 0 0 0 0 3 14 0.00 0.00 0.00 0.00 1.00 0.00 0.14 53 255 1.00 0.00 0.02 0.04 0.00 0.00 0.00 0.00
1 0 202 9590 0 0 0 0 0 0 0 0 0 0 0 0 1 2 0.00 0.00 0.00 0.00 1.00 0.00 1.00 63 255 1.00 0.00 0.02 0.04 0.00 0.00 0.00 0.00
1 0 209 279 0 0 0 0 0 0 0 0 0 0 0 0 6 8 0.00 0.00 0.00 0.00 1.00 0.00 0.25 73 255 1.00 0.00 0.01 0.04 0.00 0.00 0.00 0.00
1 0 201 4841 0 0 0 0 0 0 0 0 0 0 0 0 3 4 0.00 0.00 0.00 0.00 1.00 0.00 0.50 83 255 1.00 0.00 0.01 0.04 0.00 0.00 0.00 0.00
1 0 208 3073 0 0 0 0 0 0 0 0 0 0 0 0 1 2 0.00 0.00 0.00 0.00 1.00 0.00 1.00 93 255 1.00 0.00 0.01 0.04 0.00 0.00 0.00 0.00
1 0 265 5250 0 0 0 0 0 0 0 0 0 0 0 0 2 2 0.00 0.00 0.00 0.00 1.00 0.00 0.00 103 255 1.00 0.00 0.01 0.04 0.00 0.00 0.00 0.00
1 0 209 3073 0 0 0 0 0 0 0 0 0 0 0 0 3 7 0.00 0.00 0.00 0.00 1.00 0.00 0.43 113 255 1.00 0.00 0.01 0.03 0.00 0.00 0.00 0.00
1 0 270 2858 0 0 0 0 0 0 0 0 0 0 0 0 2 3 0.00 0.00 0.00 0.00 1.00 0.00 0.67 123 255 1.00 0.00 0.01 0.03 0.00 0.00 0.00 0.00
1 0 297 3073 0 0 0 0 0 0 0 0 0 0 0 0 2 3 0.00 0.00 0.00 0.00 1.00 0.00 0.67 133 255 1.00 0.00 0.01 0.03 0.00 0.00 0.00 0.00
1 0 312 6325 0 0 0 0 0 0 0 0 0 0 0 0 3 3 0.00 0.00 0.00 0.00 1.00 0.00 0.00 143 255 1.00 0.00 0.01 0.03 0.00 0.00 0.00 0.00
1 0 206 279 0 0 0 0 0 0 0 0 0 0 0 0 1 2 0.00 0.00 0.00 0.00 1.00 0.00 1.00 153 255 1.00 0.00 0.01 0.03 0.00 0.00 0.00 0.00
1 0 243 11037 0 0 0 0 0 0 0 0 0 0 0 0 1 2 0.00 0.00 0.00 0.00 1.00 0.00 1.00 163 255 1.00 0.00 0.01 0.03 0.00 0.00 0.00 0.00
1 0 305 525 0 0 0 0 0 0 0 0 0 0 0 0 1 2 0.00 0.00 0.00 0.00 1.00 0.00 1.00 173 255 1.00 0.00 0.01 0.03 0.00 0.00 0.00 0.00
1 0 202 4841 0 0 0 0 0 0 0 0 0 0 0 0 1 1 0.00 0.00 0.00 0.00 1.00 0.00 0.00 183 255 1.00 0.00 0.01 0.03 0.00 0.00 0.00 0.00
1 0 205 525 0 0 0 0 0 0 0 0 0 0 0 0 1 2 0.00 0.00 0.00 0.00 1.00 0.00 1.00 193 255 1.00 0.00 0.01 0.03 0.00 0.00 0.00 0.00
1 0 225 633 0 0 0 0 0 0 0 0 0 0 0 0 2 2 0.00 0.00 0.00 0.00 1.00 0.00 0.00 203 255 1.00 0.00 0.00 0.03 0.00 0.00 0.00 0.00
1 0 193 4841 0 0 0 0 0 0 0 0 0 0 0 0 2 3 0.00 0.00 0.00 0.00 1.00 0.00 0.67 213 255 1.00 0.00 0.00 0.03 0.00 0.00 0.00 0.00
1 0 230 279 0 0 0 0 0 0 0 0 0 0 0 0 2 2 0.00 0.00 0.00 0.00 1.00 0.00 0.00 223 255 1.00 0.00 0.01 0.03 0.00 0.00 0.00 0.00
1 0 297 3073 0 0 0 0 0 0 0 0 0 0 0 0 2 3 0.00 0.00 0.00 0.00 1.00 0.00 0.67 233 255 1.00 0.00 0.00 0.03 0.00 0.00 0.00 0.00
1 0 301 8694 0 0 0 0 0 0 0 0 0 0 0 0 3 5 0.00 0.00 0.00 0.00 1.00 0.00 0.60 243 255 1.00 0.00 0.00 0.02 0.00 0.00 0.00 0.00
1 0 215 633 0 0 0 0 0 0 0 0 0 0 0 0 2 3 0.00 0.00 0.00 0.00 1.00 0.00 0.67 253 255 1.00 0.00 0.00 0.01 0.00 0.00 0.00 0.00
1 0 326 1337 0 0 0 0 0 0 0 0 0 0 0 0 1 1 0.00 0.00 0.00 0.00 1.00 0.00 0.00 3 255 1.00 0.00 0.33 0.01 0.00 0.00 0.00 0.00
1 0 226 457 0 0 0 0 0 0 0 0 0 0 0 0 1 1 0.00 0.00 0.00 0.00 1.00 0.00 0.00 1 255 1.00 0.00 1.00 0.02 0.00 0.00 0.00 0.00
1 0 243 489 0 0 0 0 0 0 0 0 0 0 0 0 2 11 0.00 0.00 0.00 0.00 1.00 0.00 0.18 5 255 1.00 0.00 0.20 0.02 0.00 0.00 0.00 0.00
1 0 327 2242 0 0 0 0 0 0 0 0 0 0 0 0 7 7 0.00 0.00 0.00 0.00 1.00 0.00 0.00 7 255 1.00 0.00 0.14 0.03 0.00 0.00 0.00 0.00
1 0 328 2169 0 0 0 0 0 0 0 0 0 0 0 0 17 17 0.00 0.00 0.00 0.00 1.00 0.00 0.00 17 255 1.00 0.00 0.06 0.03 0.00 0.00 0.00 0.00
1 0 307 1975 0 0 0 0 0 0 0 0 0 0 0 0 27 27 0.00 0.00 0.00 0.00 1.00 0.00 0.00 27 255 1.00 0.00 0.04 0.03 0.00 0.00 0.00 0.00
1 0 325 6194 0 0 0 0 0 0 0 0 0 0 0 0 10 10 0.00 0.00 0.00 0.00 1.00 0.00 0.00 37 255 1.00 0.00 0.03 0.03 0.00 0.00 0.00 0.00
1 0 299 1504 0 0 0 0 0 0 0 0 0 0 0 0 20 21 0.00 0.00 0.00 0.00 1.00 0.00 0.10 47 255 1.00 0.00 0.02 0.03 0.00 0.00 0.00 0.00
1 0 235 458 0 0 0 0 0 0 0 0 0 0 0 0 10 10 0.10 0.10 0.00 0.00 1.00 0.00 0.00 57 255 1.00 0.00 0.02 0.03 0.02 0.00 0.00 0.00
1 0 307 308 0 0 0 0 0 0 0 0 0 0 0 0 21 21 0.10 0.10 0.00 0.00 1.00 0.00 0.00 67 255 1.00 0.00 0.01 0.03 0.01 0.00 0.00 0.00
1 0 304 342 0 0 0 0 0 0 0 0 0 0 0 0 5 5 0.00 0.00 0.00 0.00 1.00 0.00 0.00 77 255 1.00 0.00 0.01 0.03 0.01 0.00 0.00 0.00
1 0 307 342 0 0 0 0 0 0 0 0 0 0 0 0 15 15 0.00 0.00 0.00 0.00 1.00 0.00 0.00 87 255 1.00 0.00 0.01 0.03 0.01 0.00 0.00 0.00
1 0 309 435 0 0 0 0 0 0 0 0 0 0 0 0 25 25 0.00 0.00 0.00 0.00 1.00 0.00 0.00 97 255 1.00 0.00 0.01 0.03 0.01 0.00 0.00 0.00
1 0 248 2224 0 0 0 0 0 0 0 0 0 0 0 0 6 6 0.00 0.00 0.00 0.00 1.00 0.00 0.00 107 255 1.00 0.00 0.01 0.03 0.01 0.00 0.00 0.00
1 0 225 342 0 0 0 0 0 0 0 0 0 0 0 0 16 16 0.00 0.00 0.00 0.00 1.00 0.00 0.00 117 255 1.00 0.00 0.01 0.03 0.01 0.00 0.00 0.00
1 0 241 494 0 0 0 0 0 0 0 0 0 0 0 0 1 2 0.00 0.00 0.00 0.00 1.00 0.00 1.00 127 255 1.00 0.00 0.02 0.03 0.01 0.00 0.00 0.00
1 0 252 4631 0 0 0 0 0 0 0 0 0 0 0 0 10 12 0.00 0.00 0.00 0.00 1.00 0.00 0.25 137 255 1.00 0.00 0.01 0.03 0.01 0.00 0.00 0.00
1 0 247 1330 0 0 0 0 0 0 0 0 0 0 0 0 8 9 0.00 0.00 0.00 0.00 1.00 0.00 0.22 147 255 1.00 0.00 0.01 0.03 0.01 0.00 0.00 0.00
1 0 255 603 0 0 0 0 0 0 0 0 0 0 0 0 18 21 0.00 0.00 0.00 0.00 1.00 0.00 0.14 157 255 1.00 0.00 0.01 0.03 0.01 0.00 0.00 0.00
1 0 334 342 0 0 0 0 0 0 0 0 0 0 0 0 5 5 0.00 0.00 0.00 0.00 1.00 0.00 0.00 167 255 1.00 0.00 0.01 0.03 0.01 0.00 0.00 0.00
1 0 337 1975 0 0 0 0 0 0 0 0 0 0 0 0 15 15 0.00 0.00 0.00 0.00 1.00 0.00 0.00 177 255 1.00 0.00 0.01 0.03 0.01 0.00 0.00 0.00
1 28 335 4373 0 0 0 0 0 0 0 0 0 0 0 0 25 25 0.00 0.00 0.00 0.00 1.00 0.00 0.00 187 255 1.00 0.00 0.01 0.03 0.01 0.00 0.00 0.00
1 0 244 12469 0 0 0 0 0 0 0 0 0 0 0 0 7 7 0.00 0.00 0.00 0.00 1.00 0.00 0.00 197 255 1.00 0.00 0.01 0.03 0.01 0.00 0.00 0.00
1 0 221 1975 0 0 0 0 0 0 0 0 0 0 0 0 17 17 0.00 0.00 0.00 0.00 1.00 0.00 0.00 207 255 1.00 0.00 0.00 0.03 0.00 0.00 0.00 0.00
1 0 154 18829 0 0 0 0 0 0 0 0 0 0 0 0 1 2 0.00 0.00 0.00 0.00 1.00 0.00 1.00 217 255 1.00 0.00 0.00 0.03 0.00 0.00 0.00 0.00
1 0 213 1504 0 0 0 0 0 0 0 0 0 0 0 0 11 12 0.00 0.00 0.00 0.00 1.00 0.00 0.17 227 255 1.00 0.00 0.00 0.03 0.00 0.00 0.00 0.00
1 0 149 458 0 0 0 0 0 0 0 0 0 0 0 0 1 1 0.00 0.00 0.00 0.00 1.00 0.00 0.00 237 255 1.00 0.00 0.00 0.02 0.00 0.00 0.00 0.00
1 0 217 26956 0 0 0 0 0 0 0 0 0 0 0 0 11 11 0.00 0.00 0.00 0.00 1.00 0.00 0.00 247 255 1.00 0.00 0.00 0.01 0.00 0.00 0.00 0.00
1 0 221 308 0 0 0 0 0 0 0 0 0 0 0 0 21 21 0.00 0.00 0.00 0.00 1.00 0.00 0.00 255 255 1.00 0.00 0.00 0.00 0.00 0.00 0.00 0.00
1 0 218 342 0 0 0 0 0 0 0 0 0 0 0 0 6 6 0.00 0.00 0.00 0.00 1.00 0.00 0.00 255 255 1.00 0.00 0.00 0.00 0.00 0.00 0.00 0.00
1 0 221 2999 0 0 0 0 0 0 0 0 0 0 0 0 16 16 0.00 0.00 0.00 0.00 1.00 0.00 0.00 255 255 1.00 0.00 0.00 0.00 0.00 0.00 0.00 0.00
1 0 241 2242 0 0 0 0 0 0 0 0 0 0 0 0 26 26 0.00 0.00 0.00 0.00 1.00 0.00 0.00 255 255 1.00 0.00 0.00 0.00 0.00 0.00 0.00 0.00
1 0 212 1464 0 0 0 0 0 0 0 0 0 0 0 0 10 11 0.00 0.00 0.00 0.00 1.00 0.00 0.18 255 255 1.00 0.00 0.00 0.00 0.00 0.00 0.00 0.00
1 0 220 696 0 0 0 0 0 0 0 0 0 0 0 0 20 21 0.00 0.00 0.00 0.00 1.00 0.00 0.10 255 255 1.00 0.00 0.00 0.00 0.00 0.00 0.00 0.00
1 0 241 2224 0 0 0 0 0 0 0 0 0 0 0 0 10 10 0.00 0.00 0.00 0.00 1.00 0.00 0.00 255 255 1.00 0.00 0.00 0.00 0.00 0.00 0.00 0.00
1 0 223 435 0 0 0 0 0 0 0 0 0 0 0 0 20 20 0.00 0.00 0.00 0.00 1.00 0.00 0.00 255 255 1.00 0.00 0.00 0.00 0.00 0.00 0.00 0.00
1 0 207 2666 0 0 0 0 0 0 0 0 0 0 0 0 4 5 0.00 0.00 0.00 0.00 1.00 0.00 0.40 4 255 1.00 0.00 0.25 0.01 0.00 0.00 0.00 0.00
1 0 192 16287 0 0 0 0 0 0 0 0 0 0 0 0 4 4 0.00 0.00 0.00 0.00 1.00 0.00 0.00 14 255 1.00 0.00 0.07 0.01 0.00 0.00 0.00 0.00
1 0 220 1899 0 0 0 0 0 0 0 0 0 0 0 0 4 4 0.00 0.00 0.00 0.00 1.00 0.00 0.00 4 255 1.00 0.00 0.25 0.01 0.00 0.00 0.00 0.00
1 0 160 4031 0 0 0 0 0 0 0 0 0 0 0 0 14 14 0.00 0.00 0.00 0.00 1.00 0.00 0.00 14 255 1.00 0.00 0.07 0.01 0.00 0.00 0.00 0.00
1 0 204 1529 0 0 0 0 0 0 0 0 0 0 0 0 10 11 0.00 0.00 0.00 0.00 1.00 0.00 0.18 24 255 1.00 0.00 0.04 0.01 0.00 0.00 0.00 0.00
1 0 185 1192 0 0 0 0 0 0 0 0 0 0 0 0 6 6 0.00 0.00 0.00 0.00 1.00 0.00 0.00 6 255 1.00 0.00 0.17 0.02 0.00 0.00 0.00 0.00
1 0 226 1359 0 0 0 0 0 0 0 0 0 0 0 0 8 12 0.00 0.00 0.00 0.00 1.00 0.00 0.17 16 255 1.00 0.00 0.06 0.02 0.00 0.00 0.00 0.00
1 0 173 4641 0 0 0 0 0 0 0 0 0 0 0 0 1 1 0.00 0.00 0.00 0.00 1.00 0.00 0.00 1 255 1.00 0.00 1.00 0.02 0.00 0.00 0.00 0.00
1 0 180 4382 0 0 0 0 0 0 0 0 0 0 0 0 5 5 0.00 0.00 0.00 0.00 1.00 0.00 0.00 11 255 1.00 0.00 0.09 0.02 0.00 0.00 0.00 0.00
1 0 256 11657 0 0 0 0 0 0 0 0 0 0 0 0 5 5 0.00 0.00 0.00 0.00 1.00 0.00 0.00 21 255 1.00 0.00 0.05 0.02 0.00 0.00 0.00 0.00
1 0 350 1471 0 0 0 0 0 0 0 0 0 0 0 0 3 3 0.00 0.00 0.00 0.00 1.00 0.00 0.00 31 255 1.00 0.00 0.03 0.02 0.00 0.00 0.00 0.00
1 0 349 5304 0 0 0 0 0 0 0 0 0 0 0 0 3 3 0.00 0.00 0.00 0.00 1.00 0.00 0.00 41 255 1.00 0.00 0.02 0.02 0.00 0.00 0.00 0.00
1 0 208 2420 0 0 0 0 0 0 0 0 0 0 0 0 6 10 0.00 0.00 0.00 0.00 1.00 0.00 0.30 6 255 1.00 0.00 0.17 0.03 0.00 0.00 0.00 0.00
1 0 177 14571 0 0 0 0 0 0 0 0 0 0 0 0 1 16 0.00 0.00 0.00 0.00 1.00 0.00 0.19 16 255 1.00 0.00 0.06 0.03 0.00 0.00 0.00 0.00
1 0 219 1556 0 0 0 0 0 0 0 0 0 0 0 0 11 26 0.00 0.00 0.00 0.00 1.00 0.00 0.12 26 255 1.00 0.00 0.04 0.03 0.00 0.00 0.00 0.00
1 0 310 2090 0 0 0 0 0 0 0 0 0 0 0 0 9 9 0.00 0.00 0.00 0.00 1.00 0.00 0.00 36 255 1.00 0.00 0.03 0.03 0.00 0.00 0.00 0.00
1 0 328 603 0 0 0 0 0 0 0 0 0 0 0 0 4 5 0.00 0.00 0.00 0.00 1.00 0.00 0.40 46 255 1.00 0.00 0.02 0.03 0.00 0.00 0.00 0.00
1 0 312 4864 0 0 0 0 0 0 0 0 0 0 0 0 2 2 0.00 0.00 0.00 0.00 1.00 0.00 0.00 2 255 1.00 0.00 0.50 0.03 0.00 0.00 0.00 0.00
1 0 319 3327 0 0 0 0 0 0 0 0 0 0 0 0 1 1 0.00 0.00 0.00 0.00 1.00 0.00 0.00 12 255 1.00 0.00 0.08 0.03 0.00 0.00 0.00 0.00
1 0 322 7936 0 0 0 0 0 0 0 0 0 0 0 0 1 1 0.00 0.00 0.00 0.00 1.00 0.00 0.00 22 255 1.00 0.00 0.05 0.03 0.00 0.00 0.00 0.00
1 0 322 4864 0 0 0 0 0 0 0 0 0 0 0 0 11 11 0.00 0.00 0.00 0.00 1.00 0.00 0.00 32 255 1.00 0.00 0.03 0.03 0.00 0.00 0.00 0.00
1 0 321 19713 0 0 0 0 0 0 0 0 0 0 0 0 5 5 0.00 0.00 0.00 0.00 1.00 0.00 0.00 42 255 1.00 0.00 0.02 0.03 0.00 0.00 0.00 0.00
1 0 322 18177 0 0 0 0 0 0 0 0 0 0 0 0 4 4 0.00 0.00 0.00 0.00 1.00 0.00 0.00 52 255 1.00 0.00 0.02 0.03 0.00 0.00 0.00 0.00
1 0 322 3327 0 0 0 0 0 0 0 0 0 0 0 0 2 2 0.00 0.00 0.00 0.00 1.00 0.00 0.00 62 255 1.00 0.00 0.02 0.03 0.00 0.00 0.00 0.00
1 0 322 18177 0 0 0 0 0 0 0 0 0 0 0 0 2 10 0.00 0.00 0.00 0.00 1.00 0.00 0.30 72 255 1.00 0.00 0.01 0.03 0.00 0.00 0.00 0.00
1 0 233 2880 0 0 0 0 0 0 0 0 0 0 0 0 7 9 0.00 0.00 0.00 0.00 1.00 0.00 0.22 7 255 1.00 0.00 0.14 0.04 0.00 0.00 0.00 0.00
1 0 260 770 0 0 0 0 0 0 0 0 0 0 0 0 5 5 0.00 0.00 0.00 0.00 1.00 0.00 0.00 17 255 1.00 0.00 0.06 0.04 0.00 0.00 0.00 0.00
1 0 334 3264 0 0 0 0 0 0 0 0 0 0 0 0 3 3 0.00 0.00 0.00 0.00 1.00 0.00 0.00 27 255 1.00 0.00 0.04 0.04 0.00 0.00 0.00 0.00
1 0 338 5507 0 0 0 0 0 0 0 0 0 0 0 0 3 3 0.00 0.00 0.00 0.00 1.00 0.00 0.00 37 255 1.00 0.00 0.03 0.03 0.00 0.00 0.00 0.00
1 0 276 763 0 0 0 0 0 0 0 0 0 0 0 0 1 1 0.00 0.00 0.00 0.00 1.00 0.00 0.00 1 255 1.00 0.00 1.00 0.04 0.00 0.00 0.00 0.00
1 0 280 11758 0 0 0 0 0 0 0 0 0 0 0 0 1 1 0.00 0.00 0.00 0.00 1.00 0.00 0.00 11 255 1.00 0.00 0.09 0.03 0.00 0.00 0.00 0.00
1 0 252 304 0 0 0 0 0 0 0 0 0 0 0 0 5 5 0.00 0.00 0.00 0.00 1.00 0.00 0.00 5 255 1.00 0.00 0.20 0.04 0.00 0.00 0.00 0.00
1 0 263 787 0 0 0 0 0 0 0 0 0 0 0 0 1 1 0.00 0.00 0.00 0.00 1.00 0.00 0.00 10 255 1.00 0.00 0.10 0.04 0.00 0.00 0.00 0.00
1 0 258 1548 0 0 0 0 0 0 0 0 0 0 0 0 11 12 0.00 0.00 0.00 0.00 1.00 0.00 0.17 20 255 1.00 0.00 0.05 0.04 0.00 0.00 0.00 0.00
1 0 227 1381 0 0 0 0 0 0 0 0 0 0 0 0 7 9 0.00 0.00 0.00 0.00 1.00 0.00 0.33 30 255 1.00 0.00 0.03 0.04 0.00 0.00 0.00 0.00
1 0 221 2228 0 0 0 0 0 0 0 0 0 0 0 0 8 8 0.00 0.00 0.00 0.00 1.00 0.00 0.00 8 255 1.00 0.00 0.12 0.04 0.00 0.00 0.00 0.00
1 0 297 1212 0 0 0 0 0 0 0 0 0 0 0 0 7 7 0.00 0.00 0.00 0.00 1.00 0.00 0.00 7 255 1.00 0.00 0.14 0.04 0.00 0.00 0.00 0.00
1 0 348 1265 0 0 0 0 0 0 0 0 0 0 0 0 3 3 0.00 0.00 0.00 0.00 1.00 0.00 0.00 17 255 1.00 0.00 0.06 0.04 0.00 0.00 0.00 0.00
1 0 275 3792 0 0 0 0 0 0 0 0 0 0 0 0 13 13 0.00 0.00 0.00 0.00 1.00 0.00 0.00 27 255 1.00 0.00 0.04 0.04 0.00 0.00 0.00 0.00
1 0 343 599 0 0 0 0 0 0 0 0 0 0 0 0 23 23 0.00 0.00 0.00 0.00 1.00 0.00 0.00 37 255 1.00 0.00 0.03 0.04 0.00 0.00 0.00 0.00
1 0 333 508 0 0 0 0 0 0 0 0 0 0 0 0 10 10 0.00 0.00 0.00 0.00 1.00 0.00 0.00 47 255 1.00 0.00 0.02 0.04 0.00 0.00 0.00 0.00
1 0 342 1293 0 0 0 0 0 0 0 0 0 0 0 0 20 20 0.00 0.00 0.00 0.00 1.00 0.00 0.00 57 255 1.00 0.00 0.02 0.04 0.00 0.00 0.00 0.00
1 0 281 1973 0 0 0 0 0 0 0 0 0 0 0 0 7 16 0.00 0.00 0.00 0.00 1.00 0.00 0.19 7 255 1.00 0.00 0.14 0.04 0.00 0.00 0.00 0.00
1 0 317 490 0 0 0 0 0 0 0 0 0 0 0 0 1 29 0.00 0.00 0.00 0.00 1.00 0.00 0.07 17 255 1.00 0.00 0.06 0.04 0.00 0.00 0.00 0.00
1 0 229 1901 0 0 0 0 0 0 0 0 0 0 0 0 5 5 0.00 0.00 0.00 0.00 1.00 0.00 0.00 5 255 1.00 0.00 0.20 0.04 0.00 0.00 0.00 0.00
1 0 241 2891 0 0 0 0 0 0 0 0 0 0 0 0 2 2 0.00 0.00 0.00 0.00 1.00 0.00 0.00 15 255 1.00 0.00 0.07 0.04 0.00 0.00 0.00 0.00
1 0 328 767 0 0 0 0 0 0 0 0 0 0 0 0 8 10 0.00 0.00 0.00 0.00 1.00 0.00 0.30 8 255 1.00 0.00 0.12 0.05 0.00 0.00 0.00 0.00
1 0 328 709 0 0 0 0 0 0 0 0 0 0 0 0 18 20 0.00 0.00 0.00 0.00 1.00 0.00 0.15 18 255 1.00 0.00 0.06 0.05 0.00 0.00 0.00 0.00
1 0 291 709 0 0 0 0 0 0 0 0 0 0 0 0 8 8 0.00 0.00 0.00 0.00 1.00 0.00 0.00 28 255 1.00 0.00 0.04 0.05 0.00 0.00 0.00 0.00
1 0 328 10033 0 0 0 0 0 0 0 0 0 0 0 0 1 1 0.00 0.00 0.00 0.00 1.00 0.00 0.00 38 255 1.00 0.00 0.03 0.05 0.00 0.00 0.00 0.00
1 0 293 5415 0 0 0 0 0 0 0 0 0 0 0 0 11 11 0.00 0.00 0.00 0.00 1.00 0.00 0.00 48 255 1.00 0.00 0.02 0.04 0.00 0.00 0.00 0.00
1 0 160 95 0 0 0 0 0 0 0 0 0 0 0 0 1 1 0.00 0.00 0.00 0.00 1.00 0.00 0.00 1 255 1.00 0.00 1.00 0.05 0.00 0.00 0.00 0.00
1 0 233 95 0 0 0 0 0 0 0 0 0 0 0 0 1 1 0.00 0.00 0.00 0.00 1.00 0.00 0.00 11 255 1.00 0.00 0.09 0.05 0.00 0.00 0.00 0.00
1 0 354 2997 0 0 0 0 0 0 0 0 0 0 0 0 2 39 0.00 0.00 0.00 0.00 1.00 0.00 0.10 5 255 1.00 0.00 0.20 0.06 0.00 0.00 0.00 0.00
1 0 326 2997 0 0 0 0 0 0 0 0 0 0 0 0 2 47 0.00 0.00 0.00 0.00 1.00 0.00 0.11 15 255 1.00 0.00 0.07 0.06 0.00 0.00 0.00 0.00
1 0 202 327 0 0 0 0 0 0 0 0 0 0 0 0 2 7 0.00 0.00 0.00 0.00 1.00 0.00 0.43 25 255 1.00 0.00 0.04 0.05 0.00 0.00 0.00 0.00
1 0 324 3467 0 0 0 0 0 0 0 0 0 0 0 0 4 26 0.00 0.04 0.00 0.00 1.00 0.00 0.15 35 255 1.00 0.00 0.03 0.05 0.00 0.00 0.00 0.00
1 0 340 3329 0 0 0 0 0 0 0 0 0 0 0 0 1 9 0.00 0.00 0.00 0.00 1.00 0.00 0.22 45 255 1.00 0.00 0.02 0.05 0.00 0.00 0.00 0.00
1 0 322 3461 0 0 0 0 0 0 0 0 0 0 0 0 3 23 0.00 0.00 0.00 0.00 1.00 0.00 0.22 55 255 1.00 0.00 0.02 0.05 0.00 0.00 0.00 0.00
1 0 245 327 0 0 0 0 0 0 0 0 0 0 0 0 3 33 0.00 0.00 0.00 0.00 1.00 0.00 0.06 65 255 1.00 0.00 0.02 0.05 0.00 0.00 0.00 0.00
1 216 264 382 0 0 0 0 0 0 0 0 0 0 0 0 1 4 0.00 0.00 0.00 0.00 1.00 0.00 0.50 75 255 1.00 0.00 0.01 0.04 0.00 0.00 0.00 0.00
1 0 209 1820 0 0 0 0 0 0 0 0 0 0 0 0 2 12 0.00 0.00 0.00 0.00 1.00 0.00 0.25 85 255 1.00 0.00 0.01 0.04 0.00 0.00 0.00 0.00
1 0 218 327 0 0 0 0 0 0 0 0 0 0 0 0 4 15 0.00 0.00 0.00 0.00 1.00 0.00 0.27 95 255 1.00 0.00 0.01 0.04 0.00 0.00 0.00 0.00
1 0 337 381 0 0 0 0 0 0 0 0 0 0 0 0 1 33 0.00 0.00 0.00 0.00 1.00 0.00 0.06 105 255 1.00 0.00 0.01 0.04 0.00 0.00 0.00 0.00
1 0 245 2997 0 0 0 0 0 0 0 0 0 0 0 0 1 15 0.00 0.00 0.00 0.00 1.00 0.00 0.13 115 255 1.00 0.00 0.01 0.04 0.00 0.00 0.00 0.00
1 0 235 327 0 0 0 0 0 0 0 0 0 0 0 0 7 34 0.00 0.00 0.00 0.00 1.00 0.00 0.12 125 255 1.00 0.00 0.01 0.04 0.00 0.00 0.00 0.00
1 0 350 3467 0 0 0 0 0 0 0 0 0 0 0 0 1 9 0.00 0.00 0.00 0.00 1.00 0.00 0.33 135 255 1.00 0.00 0.01 0.04 0.00 0.00 0.00 0.00
1 0 342 3329 0 0 0 0 0 0 0 0 0 0 0 0 1 9 0.00 0.00 0.00 0.00 1.00 0.00 0.22 145 255 1.00 0.00 0.01 0.04 0.00 0.00 0.00 0.00
1 0 298 318 0 0 0 0 0 0 0 0 0 0 0 0 8 48 0.00 0.00 0.00 0.00 1.00 0.00 0.08 155 255 1.00 0.00 0.01 0.04 0.00 0.00 0.00 0.00
1 0 312 1650 0 0 0 0 0 0 0 0 0 0 0 0 2 34 0.00 0.00 0.00 0.00 1.00 0.00 0.09 165 255 1.00 0.00 0.01 0.03 0.00 0.00 0.00 0.00
1 0 296 318 0 0 0 0 0 0 0 0 0 0 0 0 8 49 0.00 0.00 0.00 0.00 1.00 0.00 0.08 175 255 1.00 0.00 0.01 0.03 0.00 0.00 0.00 0.00
1 0 404 672 0 0 0 0 0 0 0 0 0 0 0 0 1 2 0.00 0.00 0.00 0.00 1.00 0.00 1.00 1 255 1.00 0.00 1.00 0.03 0.00 0.00 0.00 0.00
1 0 353 10757 0 0 0 0 0 0 0 0 0 0 0 0 1 27 0.00 0.00 0.00 0.00 1.00 0.00 0.11 3 255 1.00 0.00 0.33 0.04 0.00 0.00 0.00 0.00
1 0 252 10757 0 0 0 0 0 0 0 0 0 0 0 0 1 30 0.00 0.00 0.00 0.00 1.00 0.00 0.10 13 255 1.00 0.00 0.08 0.04 0.00 0.00 0.00 0.00
1 0 325 10757 0 0 0 0 0 0 0 0 0 0 0 0 1 1 0.00 0.00 0.00 0.00 1.00 0.00 0.00 23 255 1.00 0.00 0.04 0.04 0.00 0.00 0.00 0.00
1 0 325 5665 0 0 0 0 0 0 0 0 0 0 0 0 1 23 0.00 0.00 0.00 0.00 1.00 0.00 0.22 33 255 1.00 0.00 0.03 0.04 0.00 0.00 0.00 0.00
1 0 0 0 0 0 0 0 0 0 0 0 0 0 0 0 1 1 0.00 0.00 1.00 1.00 1.00 0.00 0.00 6 6 1.00 0.00 0.17 0.00 0.00 0.00 1.00 1.00
1 0 0 0 0 0 0 0 0 0 0 0 0 0 0 0 1 1 0.00 0.00 1.00 1.00 1.00 0.00 0.00 16 16 1.00 0.00 0.06 0.00 0.00 0.00 1.00 1.00
1 0 0 0 0 0 0 0 0 0 0 0 0 0 0 0 1 1 0.00 0.00 1.00 1.00 1.00 0.00 0.00 26 26 1.00 0.00 0.04 0.00 0.00 0.00 1.00 1.00
1 0 0 0 0 0 0 0 0 0 0 0 0 0 0 0 1 1 0.00 0.00 1.00 1.00 1.00 0.00 0.00 36 36 1.00 0.00 0.03 0.00 0.00 0.00 1.00 1.00
1 0 302 4304 0 0 0 0 0 0 0 0 0 0 0 0 10 10 0.00 0.00 0.00 0.00 1.00 0.00 0.00 10 219 1.00 0.00 0.10 0.03 0.00 0.00 0.00 0.00
1 0 300 1394 0 0 0 0 0 0 0 0 0 0 0 0 20 20 0.00 0.00 0.00 0.00 1.00 0.00 0.00 20 219 1.00 0.00 0.05 0.03 0.00 0.00 0.00 0.00
1 0 300 1161 0 0 0 0 0 0 0 0 0 0 0 0 8 25 0.00 0.00 0.00 0.00 1.00 0.00 0.08 30 219 1.00 0.00 0.03 0.03 0.00 0.00 0.00 0.00
1 0 325 1390 0 0 0 0 0 0 0 0 0 0 0 0 3 5 0.00 0.00 0.00 0.00 1.00 0.00 0.60 40 219 1.00 0.00 0.03 0.03 0.00 0.00 0.00 0.00
1 0 325 835 0 0 0 0 0 0 0 0 0 0 0 0 13 15 0.00 0.00 0.00 0.00 1.00 0.00 0.20 50 219 1.00 0.00 0.02 0.03 0.00 0.00 0.00 0.00
1 0 325 1155 0 0 0 0 0 0 0 0 0 0 0 0 23 26 0.00 0.00 0.00 0.00 1.00 0.00 0.15 60 219 1.00 0.00 0.02 0.03 0.00 0.00 0.00 0.00
1 0 338 11627 0 0 0 0 0 0 0 0 0 0 0 0 3 24 0.00 0.00 0.00 0.00 1.00 0.00 0.08 70 219 1.00 0.00 0.01 0.03 0.00 0.00 0.00 0.00
1 0 334 1105 0 0 0 0 0 0 0 0 0 0 0 0 13 36 0.00 0.00 0.00 0.00 1.00 0.00 0.11 80 219 1.00 0.00 0.01 0.03 0.00 0.00 0.00 0.00
1 0 316 17502 0 0 0 0 0 0 0 0 0 0 0 0 2 3 0.00 0.00 0.00 0.00 1.00 0.00 0.67 90 219 1.00 0.00 0.01 0.03 0.00 0.00 0.00 0.00
1 0 357 933 0 0 0 0 0 0 0 0 0 0 0 0 12 13 0.00 0.00 0.00 0.00 1.00 0.00 0.15 100 219 1.00 0.00 0.01 0.03 0.00 0.00 0.00 0.00
1 0 321 1193 0 0 0 0 0 0 0 0 0 0 0 0 8 9 0.00 0.00 0.00 0.00 1.00 0.00 0.22 110 219 1.00 0.00 0.01 0.03 0.00 0.00 0.00 0.00
1 0 309 412 0 0 0 0 0 0 0 0 0 0 0 0 18 19 0.00 0.00 0.00 0.00 1.00 0.00 0.11 120 219 1.00 0.00 0.01 0.03 0.00 0.00 0.00 0.00
1 0 325 1155 0 0 0 0 0 0 0 0 0 0 0 0 28 30 0.00 0.00 0.00 0.00 1.00 0.00 0.10 130 219 1.00 0.00 0.01 0.03 0.00 0.00 0.00 0.00
1 0 371 463 0 0 0 0 0 0 0 0 0 0 0 0 3 12 0.00 0.00 0.00 0.00 1.00 0.00 0.42 140 219 1.00 0.00 0.01 0.03 0.00 0.00 0.00 0.00
1 0 349 412 0 0 0 0 0 0 0 0 0 0 0 0 13 24 0.00 0.00 0.00 0.00 1.00 0.00 0.21 150 219 1.00 0.00 0.01 0.03 0.00 0.00 0.00 0.00
1 0 368 956 0 0 0 0 0 0 0 0 0 0 0 0 23 30 0.00 0.00 0.00 0.00 1.00 0.00 0.10 160 219 1.00 0.00 0.01 0.03 0.00 0.00 0.00 0.00
1 0 355 492 0 0 0 0 0 0 0 0 0 0 0 0 33 43 0.00 0.00 0.00 0.00 1.00 0.00 0.09 170 219 1.00 0.00 0.01 0.03 0.00 0.00 0.00 0.00
1 0 297 1433 0 0 0 0 0 0 0 0 0 0 0 0 10 19 0.00 0.00 0.00 0.00 1.00 0.00 0.21 180 219 1.00 0.00 0.01 0.02 0.00 0.00 0.00 0.00
1 0 296 1538 0 0 0 0 0 0 0 0 0 0 0 0 20 29 0.00 0.00 0.00 0.00 1.00 0.00 0.14 190 219 1.00 0.00 0.01 0.01 0.00 0.00 0.00 0.00
1 0 288 434 0 0 0 0 0 0 0 0 0 0 0 0 30 40 0.00 0.00 0.00 0.00 1.00 0.00 0.12 200 219 1.00 0.00 0.00 0.01 0.00 0.00 0.00 0.00
1 0 200 455 0 0 0 0 0 0 0 0 0 0 0 0 4 7 0.00 0.00 0.00 0.00 1.00 0.00 0.43 210 219 1.00 0.00 0.00 0.01 0.00 0.00 0.00 0.00
1 0 199 447 0 0 0 0 0 0 0 0 0 0 0 0 14 25 0.00 0.00 0.00 0.00 1.00 0.00 0.16 220 220 1.00 0.00 0.00 0.00 0.00 0.00 0.00 0.00
1 0 201 392 0 0 0 0 0 0 0 0 0 0 0 0 24 44 0.00 0.00 0.00 0.00 1.00 0.00 0.09 230 230 1.00 0.00 0.00 0.00 0.00 0.00 0.00 0.00
1 0 198 439 0 0 0 0 0 0 0 0 0 0 0 0 7 13 0.00 0.00 0.00 0.00 1.00 0.00 0.23 240 240 1.00 0.00 0.00 0.00 0.00 0.00 0.00 0.00
1 0 206 602 0 0 0 0 0 0 0 0 0 0 0 0 17 34 0.00 0.00 0.00 0.00 1.00 0.00 0.12 250 250 1.00 0.00 0.00 0.00 0.00 0.00 0.00 0.00
1 0 199 466 0 0 0 0 0 0 0 0 0 0 0 0 27 54 0.00 0.00 0.00 0.00 1.00 0.00 0.07 255 255 1.00 0.00 0.00 0.00 0.00 0.00 0.00 0.00
1 0 286 555 0 0 0 0 0 0 0 0 0 0 0 0 10 21 0.00 0.05 0.00 0.00 1.00 0.00 0.19 255 255 1.00 0.00 0.00 0.00 0.00 0.00 0.00 0.00
1 0 283 362 0 0 0 0 0 0 0 0 0 0 0 0 20 40 0.00 0.03 0.00 0.00 1.00 0.00 0.10 255 255 1.00 0.00 0.00 0.00 0.00 0.00 0.00 0.00
1 0 313 575 0 0 0 0 0 0 0 0 0 0 0 0 3 4 0.00 0.00 0.00 0.00 1.00 0.00 0.50 255 255 1.00 0.00 0.00 0.00 0.00 0.00 0.00 0.00
1 0 311 447 0 0 0 0 0 0 0 0 0 0 0 0 13 17 0.00 0.00 0.00 0.00 1.00 0.00 0.18 255 255 1.00 0.00 0.00 0.00 0.00 0.00 0.00 0.00
1 0 315 458 0 0 0 0 0 0 0 0 0 0 0 0 23 30 0.00 0.00 0.00 0.00 1.00 0.00 0.13 255 255 1.00 0.00 0.00 0.00 0.00 0.00 0.00 0.00
1 0 302 455 0 0 0 0 0 0 0 0 0 0 0 0 7 7 0.00 0.00 0.00 0.00 1.00 0.00 0.00 255 255 1.00 0.00 0.00 0.00 0.00 0.00 0.00 0.00
1 0 305 484 0 0 0 0 0 0 0 0 0 0 0 0 17 19 0.00 0.00 0.00 0.00 1.00 0.00 0.16 255 255 1.00 0.00 0.00 0.00 0.00 0.00 0.00 0.00
1 0 303 546 0 0 0 0 0 0 0 0 0 0 0 0 27 32 0.00 0.00 0.00 0.00 1.00 0.00 0.09 255 255 1.00 0.00 0.00 0.00 0.00 0.00 0.00 0.00
1 0 305 481 0 0 0 0 0 0 0 0 0 0 0 0 2 2 0.00 0.00 0.00 0.00 1.00 0.00 0.00 255 255 1.00 0.00 0.00 0.00 0.00 0.00 0.00 0.00
1 0 302 455 0 0 0 0 0 0 0 0 0 0 0 0 12 13 0.00 0.00 0.00 0.00 1.00 0.00 0.15 255 255 1.00 0.00 0.00 0.00 0.00 0.00 0.00 0.00
1 0 303 511 0 0 0 0 0 0 0 0 0 0 0 0 22 24 0.00 0.00 0.00 0.00 1.00 0.00 0.12 255 255 1.00 0.00 0.00 0.00 0.00 0.00 0.00 0.00
1 0 305 506 0 0 0 0 0 0 0 0 0 0 0 0 32 38 0.00 0.00 0.00 0.00 1.00 0.00 0.11 255 255 1.00 0.00 0.00 0.00 0.00 0.00 0.00 0.00
1 0 283 293 0 0 0 0 0 0 0 0 0 0 0 0 7 8 0.00 0.00 0.00 0.00 1.00 0.00 0.25 255 255 1.00 0.00 0.00 0.00 0.00 0.00 0.00 0.00
1 0 279 412 0 0 0 0 0 0 0 0 0 0 0 0 17 18 0.00 0.00 0.00 0.00 1.00 0.00 0.11 255 255 1.00 0.00 0.00 0.00 0.00 0.00 0.00 0.00
1 0 292 671 0 0 0 0 0 0 0 0 0 0 0 0 27 29 0.00 0.00 0.00 0.00 1.00 0.00 0.10 255 255 1.00 0.00 0.00 0.00 0.00 0.00 0.00 0.00
1 0 248 19280 0 0 0 0 0 0 0 0 0 0 0 0 1 1 0.00 0.00 0.00 0.00 1.00 0.00 0.00 255 255 1.00 0.00 0.00 0.00 0.00 0.00 0.00 0.00
1 0 305 516 0 0 0 0 0 0 0 0 0 0 0 0 11 12 0.00 0.00 0.00 0.00 1.00 0.00 0.17 255 255 1.00 0.00 0.00 0.00 0.00 0.00 0.00 0.00
1 0 305 2216 0 0 0 0 0 0 0 0 0 0 0 0 21 23 0.00 0.00 0.00 0.00 1.00 0.00 0.13 255 255 1.00 0.00 0.00 0.00 0.00 0.00 0.00 0.00
1 0 305 458 0 0 0 0 0 0 0 0 0 0 0 0 31 37 0.00 0.00 0.00 0.00 1.00 0.00 0.11 255 255 1.00 0.00 0.00 0.00 0.00 0.00 0.00 0.00
1 0 290 516 0 0 0 0 0 0 0 0 0 0 0 0 6 10 0.00 0.00 0.00 0.00 1.00 0.00 0.40 255 255 1.00 0.00 0.00 0.00 0.00 0.00 0.00 0.00
1 0 288 511 0 0 0 0 0 0 0 0 0 0 0 0 16 32 0.00 0.00 0.00 0.00 1.00 0.00 0.16 255 255 1.00 0.00 0.00 0.00 0.00 0.00 0.00 0.00
1 0 288 492 0 0 0 0 0 0 0 0 0 0 0 0 26 49 0.00 0.00 0.00 0.00 1.00 0.00 0.08 255 255 1.00 0.00 0.00 0.00 0.00 0.00 0.00 0.00
1 0 224 1433 0 0 0 0 0 0 0 0 0 0 0 0 9 10 0.00 0.00 0.00 0.00 1.00 0.00 0.20 255 255 1.00 0.00 0.00 0.00 0.00 0.00 0.00 0.00
1 0 223 1538 0 0 0 0 0 0 0 0 0 0 0 0 19 20 0.00 0.00 0.00 0.00 1.00 0.00 0.10 255 255 1.00 0.00 0.00 0.00 0.00 0.00 0.00 0.00
1 0 215 434 0 0 0 0 0 0 0 0 0 0 0 0 29 31 0.00 0.00 0.00 0.00 1.00 0.00 0.10 255 255 1.00 0.00 0.00 0.00 0.00 0.00 0.00 0.00
1 0 243 1526 0 0 0 0 0 0 0 0 0 0 0 0 3 3 0.00 0.00 0.00 0.00 1.00 0.00 0.00 255 255 1.00 0.00 0.00 0.00 0.00 0.00 0.00 0.00
1 0 231 573 0 0 0 0 0 0 0 0 0 0 0 0 13 14 0.00 0.00 0.00 0.00 1.00 0.00 0.14 255 255 1.00 0.00 0.00 0.00 0.00 0.00 0.00 0.00
1 0 230 484 0 0 0 0 0 0 0 0 0 0 0 0 23 24 0.00 0.00 0.00 0.00 1.00 0.00 0.08 255 255 1.00 0.00 0.00 0.00 0.00 0.00 0.00 0.00
1 0 230 482 0 0 0 0 0 0 0 0 0 0 0 0 33 38 0.00 0.00 0.00 0.00 1.00 0.00 0.08 255 255 1.00 0.00 0.00 0.00 0.00 0.00 0.00 0.00
1 0 225 2251 0 0 0 0 0 0 0 0 0 0 0 0 43 55 0.00 0.00 0.00 0.00 1.00 0.00 0.07 255 255 1.00 0.00 0.00 0.00 0.00 0.00 0.00 0.00
1 0 215 912 0 0 0 0 0 0 0 0 0 0 0 0 5 5 0.00 0.00 0.00 0.00 1.00 0.00 0.00 255 255 1.00 0.00 0.00 0.00 0.00 0.00 0.00 0.00
1 0 224 526 0 0 0 0 0 0 0 0 0 0 0 0 15 16 0.00 0.00 0.00 0.00 1.00 0.00 0.12 255 255 1.00 0.00 0.00 0.00 0.00 0.00 0.00 0.00
1 0 208 1395 0 0 0 0 0 0 0 0 0 0 0 0 25 27 0.00 0.00 0.00 0.00 1.00 0.00 0.07 255 255 1.00 0.00 0.00 0.00 0.00 0.00 0.00 0.00
1 0 216 458 0 0 0 0 0 0 0 0 0 0 0 0 35 38 0.00 0.00 0.00 0.00 1.00 0.00 0.08 255 255 1.00 0.00 0.00 0.00 0.00 0.00 0.00 0.00
1 0 231 751 0 0 0 0 0 0 0 0 0 0 0 0 8 11 0.00 0.00 0.00 0.00 1.00 0.00 0.27 255 255 1.00 0.00 0.00 0.00 0.00 0.00 0.00 0.00
1 0 209 362 0 0 0 0 0 0 0 0 0 0 0 0 1 1 0.00 0.00 0.00 0.00 1.00 0.00 0.00 255 255 1.00 0.00 0.00 0.00 0.00 0.00 0.00 0.00
1 0 224 1433 0 0 0 0 0 0 0 0 0 0 0 0 11 12 0.00 0.00 0.00 0.00 1.00 0.00 0.17 255 255 1.00 0.00 0.00 0.00 0.00 0.00 0.00 0.00
1 0 223 1761 0 0 0 0 0 0 0 0 0 0 0 0 21 22 0.00 0.00 0.00 0.00 1.00 0.00 0.09 255 255 1.00 0.00 0.00 0.00 0.00 0.00 0.00 0.00
1 0 215 434 0 0 0 0 0 0 0 0 0 0 0 0 31 33 0.00 0.00 0.00 0.00 1.00 0.00 0.09 255 255 1.00 0.00 0.00 0.00 0.00 0.00 0.00 0.00
1 0 261 612 0 0 0 0 0 0 0 0 0 0 0 0 3 5 0.00 0.00 0.00 0.00 1.00 0.00 0.60 255 255 1.00 0.00 0.00 0.00 0.00 0.00 0.00 0.00
1 0 225 1390 0 0 0 0 0 0 0 0 0 0 0 0 4 4 0.00 0.00 0.00 0.00 1.00 0.00 0.00 255 255 1.00 0.00 0.00 0.00 0.00 0.00 0.00 0.00
1 0 225 835 0 0 0 0 0 0 0 0 0 0 0 0 14 14 0.00 0.00 0.00 0.00 1.00 0.00 0.00 255 255 1.00 0.00 0.00 0.00 0.00 0.00 0.00 0.00
1 0 222 671 0 0 0 0 0 0 0 0 0 0 0 0 24 25 0.00 0.00 0.00 0.00 1.00 0.00 0.08 255 255 1.00 0.00 0.00 0.00 0.00 0.00 0.00 0.00
1 0 224 1664 0 0 0 0 0 0 0 0 0 0 0 0 34 37 0.00 0.00 0.00 0.00 1.00 0.00 0.08 255 255 1.00 0.00 0.00 0.00 0.00 0.00 0.00 0.00
1 0 325 1044 0 0 0 0 0 0 0 0 0 0 0 0 8 8 0.00 0.00 0.00 0.00 1.00 0.00 0.00 255 255 1.00 0.00 0.00 0.00 0.00 0.00 0.00 0.00
1 0 310 2446 0 0 0 0 0 0 0 0 0 0 0 0 18 19 0.00 0.00 0.00 0.00 1.00 0.00 0.11 255 255 1.00 0.00 0.00 0.00 0.00 0.00 0.00 0.00
1 0 316 421 0 0 0 0 0 0 0 0 0 0 0 0 28 29 0.00 0.00 0.00 0.00 1.00 0.00 0.07 255 255 1.00 0.00 0.00 0.00 0.00 0.00 0.00 0.00
1 0 212 293 0 0 0 0 0 0 0 0 0 0 0 0 2 3 0.00 0.00 0.00 0.00 1.00 0.00 0.67 255 255 1.00 0.00 0.00 0.00 0.00 0.00 0.00 0.00
1 0 208 412 0 0 0 0 0 0 0 0 0 0 0 0 12 13 0.00 0.00 0.00 0.00 1.00 0.00 0.15 255 255 1.00 0.00 0.00 0.00 0.00 0.00 0.00 0.00
1 0 216 4304 0 0 0 0 0 0 0 0 0 0 0 0 8 8 0.00 0.00 0.00 0.00 1.00 0.00 0.00 255 255 1.00 0.00 0.00 0.00 0.00 0.00 0.00 0.00
1 0 218 309 0 0 0 0 0 0 0 0 0 0 0 0 17 17 0.00 0.00 0.00 0.00 1.00 0.00 0.00 255 255 1.00 0.00 0.00 0.00 0.00 0.00 0.00 0.00
1 0 216 594 0 0 0 0 0 0 0 0 0 0 0 0 4 4 0.00 0.00 0.00 0.00 1.00 0.00 0.00 255 255 1.00 0.00 0.00 0.00 0.00 0.00 0.00 0.00
1 0 252 11627 0 0 0 0 0 0 0 0 0 0 0 0 1 1 0.00 0.00 0.00 0.00 1.00 0.00 0.00 255 255 1.00 0.00 0.00 0.00 0.00 0.00 0.00 0.00
1 0 224 1155 0 0 0 0 0 0 0 0 0 0 0 0 22 24 0.00 0.00 0.00 0.00 1.00 0.00 0.12 255 255 1.00 0.00 0.00 0.00 0.00 0.00 0.00 0.00
1 0 221 671 0 0 0 0 0 0 0 0 0 0 0 0 23 25 0.00 0.00 0.00 0.00 1.00 0.00 0.12 255 255 1.00 0.00 0.00 0.00 0.00 0.00 0.00 0.00
1 0 215 421 0 0 0 0 0 0 0 0 0 0 0 0 31 33 0.00 0.00 0.00 0.00 1.00 0.00 0.09 255 255 1.00 0.00 0.00 0.00 0.00 0.00 0.00 0.00
1 0 224 1433 0 0 0 0 0 0 0 0 0 0 0 0 4 4 0.00 0.00 0.00 0.00 1.00 0.00 0.00 255 255 1.00 0.00 0.00 0.00 0.00 0.00 0.00 0.00
1 0 223 1538 0 0 0 0 0 0 0 0 0 0 0 0 14 15 0.00 0.00 0.00 0.00 1.00 0.00 0.13 255 255 1.00 0.00 0.00 0.00 0.00 0.00 0.00 0.00
1 0 217 751 0 0 0 0 0 0 0 0 0 0 0 0 24 25 0.00 0.00 0.00 0.00 1.00 0.00 0.08 255 255 1.00 0.00 0.00 0.00 0.00 0.00 0.00 0.00
1 0 223 1053 0 0 0 0 0 0 0 0 0 0 0 0 34 37 0.00 0.00 0.00 0.00 1.00 0.00 0.08 255 255 1.00 0.00 0.00 0.00 0.00 0.00 0.00 0.00
1 0 201 575 0 0 0 0 0 0 0 0 0 0 0 0 8 13 0.00 0.00 0.00 0.00 1.00 0.00 0.23 255 255 1.00 0.00 0.00 0.00 0.00 0.00 0.00 0.00
1 0 201 392 0 0 0 0 0 0 0 0 0 0 0 0 18 29 0.00 0.00 0.00 0.00 1.00 0.00 0.10 255 255 1.00 0.00 0.00 0.00 0.00 0.00 0.00 0.00
1 0 203 484 0 0 0 0 0 0 0 0 0 0 0 0 1 6 0.00 0.00 0.00 0.00 1.00 0.00 0.67 255 255 1.00 0.00 0.00 0.00 0.00 0.00 0.00 0.00
1 0 203 516 0 0 0 0 0 0 0 0 0 0 0 0 11 25 0.00 0.00 0.00 0.00 1.00 0.00 0.16 255 255 1.00 0.00 0.00 0.00 0.00 0.00 0.00 0.00
1 0 203 506 0 0 0 0 0 0 0 0 0 0 0 0 21 45 0.00 0.00 0.00 0.00 1.00 0.00 0.09 255 255 1.00 0.00 0.00 0.00 0.00 0.00 0.00 0.00
1 0 211 2926 0 0 0 0 0 0 0 0 0 0 0 0 4 4 0.00 0.00 0.00 0.00 1.00 0.00 0.00 255 255 1.00 0.00 0.00 0.00 0.00 0.00 0.00 0.00
1 0 218 1213 0 0 0 0 0 0 0 0 0 0 0 0 14 14 0.00 0.00 0.00 0.00 1.00 0.00 0.00 255 255 1.00 0.00 0.00 0.00 0.00 0.00 0.00 0.00
1 0 215 1152 0 0 0 0 0 0 0 0 0 0 0 0 24 24 0.00 0.00 0.00 0.00 1.00 0.00 0.00 255 255 1.00 0.00 0.00 0.00 0.00 0.00 0.00 0.00
1 0 252 11627 0 0 0 0 0 0 0 0 0 0 0 0 3 3 0.00 0.00 0.00 0.00 1.00 0.00 0.00 255 255 1.00 0.00 0.00 0.00 0.00 0.00 0.00 0.00
1 0 248 1105 0 0 0 0 0 0 0 0 0 0 0 0 13 16 0.00 0.00 0.00 0.00 1.00 0.00 0.25 255 255 1.00 0.00 0.00 0.00 0.00 0.00 0.00 0.00
1 0 290 751 0 0 0 0 0 0 0 0 0 0 0 0 2 2 0.00 0.00 0.00 0.00 1.00 0.00 0.00 255 255 1.00 0.00 0.00 0.00 0.00 0.00 0.00 0.00
1 0 298 626 0 0 0 0 0 0 0 0 0 0 0 0 6 7 0.00 0.00 0.00 0.00 1.00 0.00 0.29 255 255 1.00 0.00 0.00 0.00 0.00 0.00 0.00 0.00
1 0 294 1380 0 0 0 0 0 0 0 0 0 0 0 0 16 17 0.00 0.00 0.00 0.00 1.00 0.00 0.12 255 255 1.00 0.00 0.00 0.00 0.00 0.00 0.00 0.00
1 0 284 2251 0 0 0 0 0 0 0 0 0 0 0 0 8 9 0.00 0.00 0.00 0.00 1.00 0.00 0.22 255 255 1.00 0.00 0.00 0.00 0.00 0.00 0.00 0.00
1 0 280 290 0 0 0 0 0 0 0 0 0 0 0 0 7 19 0.00 0.00 0.00 0.00 1.00 0.00 0.11 255 255 1.00 0.00 0.00 0.00 0.00 0.00 0.00 0.00
1 0 288 751 0 0 0 0 0 0 0 0 0 0 0 0 17 29 0.00 0.00 0.00 0.00 1.00 0.00 0.07 255 255 1.00 0.00 0.00 0.00 0.00 0.00 0.00 0.00
1 0 292 671 0 0 0 0 0 0 0 0 0 0 0 0 27 34 0.00 0.00 0.00 0.00 1.00 0.00 0.09 255 255 1.00 0.00 0.00 0.00 0.00 0.00 0.00 0.00
1 0 328 590 0 0 0 0 0 0 0 0 0 0 0 0 1 1 0.00 0.00 0.00 0.00 1.00 0.00 0.00 255 255 1.00 0.00 0.00 0.00 0.00 0.00 0.00 0.00
1 0 293 602 0 0 0 0 0 0 0 0 0 0 0 0 9 20 0.00 0.00 0.00 0.00 1.00 0.00 0.25 255 255 1.00 0.00 0.00 0.00 0.00 0.00 0.00 0.00
1 0 290 520 0 0 0 0 0 0 0 0 0 0 0 0 19 39 0.00 0.00 0.00 0.00 1.00 0.00 0.13 255 255 1.00 0.00 0.00 0.00 0.00 0.00 0.00 0.00
1 0 207 912 0 0 0 0 0 0 0 0 0 0 0 0 2 2 0.00 0.00 0.00 0.00 1.00 0.00 0.00 255 255 1.00 0.00 0.00 0.00 0.00 0.00 0.00 0.00
1 0 206 392 0 0 0 0 0 0 0 0 0 0 0 0 12 12 0.00 0.00 0.00 0.00 1.00 0.00 0.00 255 255 1.00 0.00 0.00 0.00 0.00 0.00 0.00 0.00
1 0 215 1538 0 0 0 0 0 0 0 0 0 0 0 0 22 24 0.00 0.00 0.00 0.00 1.00 0.00 0.12 255 255 1.00 0.00 0.00 0.00 0.00 0.00 0.00 0.00
1 0 216 1433 0 0 0 0 0 0 0 0 0 0 0 0 32 34 0.00 0.00 0.00 0.00 1.00 0.00 0.09 255 255 1.00 0.00 0.00 0.00 0.00 0.00 0.00 0.00
1 0 225 1155 0 0 0 0 0 0 0 0 0 0 0 0 6 8 0.00 0.00 0.00 0.00 1.00 0.00 0.38 255 255 1.00 0.00 0.00 0.00 0.00 0.00 0.00 0.00
1 0 209 412 0 0 0 0 0 0 0 0 0 0 0 0 16 18 0.00 0.00 0.00 0.00 1.00 0.00 0.17 255 255 1.00 0.00 0.00 0.00 0.00 0.00 0.00 0.00
1 0 216 434 0 0 0 0 0 0 0 0 0 0 0 0 26 28 0.00 0.00 0.00 0.00 1.00 0.00 0.11 255 255 1.00 0.00 0.00 0.00 0.00 0.00 0.00 0.00
1 0 217 458 0 0 0 0 0 0 0 0 0 0 0 0 36 40 0.00 0.00 0.00 0.00 1.00 0.00 0.10 255 255 1.00 0.00 0.00 0.00 0.00 0.00 0.00 0.00
1 0 219 406 0 0 0 0 0 0 0 0 0 0 0 0 10 17 0.00 0.00 0.00 0.00 1.00 0.00 0.18 255 255 1.00 0.00 0.00 0.00 0.00 0.00 0.00 0.00
1 0 220 482 0 0 0 0 0 0 0 0 0 0 0 0 20 37 0.00 0.00 0.00 0.00 1.00 0.00 0.11 255 255 1.00 0.00 0.00 0.00 0.00 0.00 0.00 0.00
1 0 290 575 0 0 0 0 0 0 0 0 0 0 0 0 3 6 0.00 0.00 0.00 0.00 1.00 0.00 0.50 255 255 1.00 0.00 0.00 0.00 0.00 0.00 0.00 0.00
1 0 286 2446 0 0 0 0 0 0 0 0 0 0 0 0 13 24 0.00 0.00 0.00 0.00 1.00 0.00 0.17 255 255 1.00 0.00 0.00 0.00 0.00 0.00 0.00 0.00
1 0 292 520 0 0 0 0 0 0 0 0 0 0 0 0 23 43 0.00 0.00 0.00 0.00 1.00 0.00 0.09 255 255 1.00 0.00 0.00 0.00 0.00 0.00 0.00 0.00
1 0 317 516 0 0 0 0 0 0 0 0 0 0 0 0 6 7 0.00 0.00 0.00 0.00 1.00 0.00 0.29 255 255 1.00 0.00 0.00 0.00 0.00 0.00 0.00 0.00
1 0 315 511 0 0 0 0 0 0 0 0 0 0 0 0 16 21 0.00 0.00 0.00 0.00 1.00 0.00 0.14 255 255 1.00 0.00 0.00 0.00 0.00 0.00 0.00 0.00
1 0 315 492 0 0 0 0 0 0 0 0 0 0 0 0 26 33 0.00 0.00 0.00 0.00 1.00 0.00 0.12 255 255 1.00 0.00 0.00 0.00 0.00 0.00 0.00 0.00
1 0 304 455 0 0 0 0 0 0 0 0 0 0 0 0 10 10 0.00 0.00 0.00 0.00 1.00 0.00 0.00 255 255 1.00 0.00 0.00 0.00 0.00 0.00 0.00 0.00
1 0 307 484 0 0 0 0 0 0 0 0 0 0 0 0 20 22 0.00 0.00 0.00 0.00 1.00 0.00 0.14 255 255 1.00 0.00 0.00 0.00 0.00 0.00 0.00 0.00
1 0 300 362 0 0 0 0 0 0 0 0 0 0 0 0 30 35 0.00 0.00 0.00 0.00 1.00 0.00 0.09 255 255 1.00 0.00 0.00 0.00 0.00 0.00 0.00 0.00
1 0 306 9585 0 0 0 0 0 0 0 0 0 0 0 0 5 5 0.00 0.00 0.00 0.00 1.00 0.00 0.00 255 255 1.00 0.00 0.00 0.00 0.00 0.00 0.00 0.00
1 0 309 1767 0 0 0 0 0 0 0 0 0 0 0 0 15 16 0.00 0.00 0.00 0.00 1.00 0.00 0.12 255 255 1.00 0.00 0.00 0.00 0.00 0.00 0.00 0.00
1 0 303 466 0 0 0 0 0 0 0 0 0 0 0 0 25 29 0.00 0.00 0.00 0.00 1.00 0.00 0.10 255 255 1.00 0.00 0.00 0.00 0.00 0.00 0.00 0.00
1 0 312 487 0 0 0 0 0 0 0 0 0 0 0 0 35 41 0.00 0.00 0.00 0.00 1.00 0.00 0.10 255 255 1.00 0.00 0.00 0.00 0.00 0.00 0.00 0.00
1 0 297 1433 0 0 0 0 0 0 0 0 0 0 0 0 10 11 0.00 0.00 0.00 0.00 1.00 0.00 0.18 255 255 1.00 0.00 0.00 0.00 0.00 0.00 0.00 0.00
1 0 296 1761 0 0 0 0 0 0 0 0 0 0 0 0 20 21 0.00 0.00 0.00 0.00 1.00 0.00 0.10 255 255 1.00 0.00 0.00 0.00 0.00 0.00 0.00 0.00
1 0 288 434 0 0 0 0 0 0 0 0 0 0 0 0 30 32 0.00 0.00 0.00 0.00 1.00 0.00 0.09 255 255 1.00 0.00 0.00 0.00 0.00 0.00 0.00 0.00
1 0 305 575 0 0 0 0 0 0 0 0 0 0 0 0 4 4 0.00 0.00 0.00 0.00 1.00 0.00 0.00 255 255 1.00 0.00 0.00 0.00 0.00 0.00 0.00 0.00
1 0 308 1658 0 0 0 0 0 0 0 0 0 0 0 0 14 16 0.00 0.00 0.00 0.00 1.00 0.00 0.19 255 255 1.00 0.00 0.00 0.00 0.00 0.00 0.00 0.00
1 0 303 466 0 0 0 0 0 0 0 0 0 0 0 0 24 27 0.00 0.00 0.00 0.00 1.00 0.00 0.11 255 255 1.00 0.00 0.00 0.00 0.00 0.00 0.00 0.00
1 0 312 487 0 0 0 0 0 0 0 0 0 0 0 0 34 40 0.00 0.00 0.00 0.00 1.00 0.00 0.10 255 255 1.00 0.00 0.00 0.00 0.00 0.00 0.00 0.00
1 0 287 439 0 0 0 0 0 0 0 0 0 0 0 0 9 18 0.00 0.00 0.00 0.00 1.00 0.00 0.22 255 255 1.00 0.00 0.00 0.00 0.00 0.00 0.00 0.00
1 0 292 482 0 0 0 0 0 0 0 0 0 0 0 0 19 39 0.00 0.00 0.00 0.00 1.00 0.00 0.13 255 255 1.00 0.00 0.00 0.00 0.00 0.00 0.00 0.00
1 0 288 575 0 0 0 0 0 0 0 0 0 0 0 0 2 16 0.00 0.00 0.00 0.00 1.00 0.00 0.25 255 255 1.00 0.00 0.00 0.00 0.00 0.00 0.00 0.00
1 0 288 546 0 0 0 0 0 0 0 0 0 0 0 0 12 20 0.00 0.00 0.00 0.00 1.00 0.00 0.15 255 255 1.00 0.00 0.00 0.00 0.00 0.00 0.00 0.00
1 0 286 447 0 0 0 0 0 0 0 0 0 0 0 0 22 38 0.00 0.00 0.00 0.00 1.00 0.00 0.08 255 255 1.00 0.00 0.00 0.00 0.00 0.00 0.00 0.00
1 0 313 4154 0 0 0 0 0 0 0 0 0 0 0 0 5 6 0.00 0.00 0.00 0.00 1.00 0.00 0.33 255 255 1.00 0.00 0.00 0.00 0.00 0.00 0.00 0.00
1 0 301 516 0 0 0 0 0 0 0 0 0 0 0 0 15 17 0.00 0.00 0.00 0.00 1.00 0.00 0.18 255 255 1.00 0.00 0.00 0.00 0.00 0.00 0.00 0.00
1 0 316 1422 0 0 0 0 0 0 0 0 0 0 0 0 25 27 0.00 0.00 0.00 0.00 1.00 0.00 0.11 255 255 1.00 0.00 0.00 0.00 0.00 0.00 0.00 0.00
1 0 309 467 0 0 0 0 0 0 0 0 0 0 0 0 35 39 0.00 0.00 0.00 0.00 1.00 0.00 0.08 255 255 1.00 0.00 0.00 0.00 0.00 0.00 0.00 0.00
1 0 301 458 0 0 0 0 0 0 0 0 0 0 0 0 45 50 0.00 0.00 0.00 0.00 1.00 0.00 0.08 255 255 1.00 0.00 0.00 0.00 0.00 0.00 0.00 0.00
1 0 287 455 0 0 0 0 0 0 0 0 0 0 0 0 7 12 0.00 0.00 0.00 0.00 1.00 0.00 0.25 255 255 1.00 0.00 0.00 0.00 0.00 0.00 0.00 0.00
1 0 288 511 0 0 0 0 0 0 0 0 0 0 0 0 17 32 0.00 0.00 0.00 0.00 1.00 0.00 0.12 255 255 1.00 0.00 0.00 0.00 0.00 0.00 0.00 0.00
1 0 288 492 0 0 0 0 0 0 0 0 0 0 0 0 27 50 0.00 0.00 0.00 0.00 1.00 0.00 0.08 255 255 1.00 0.00 0.00 0.00 0.00 0.00 0.00 0.00
1 0 289 406 0 0 0 0 0 0 0 0 0 0 0 0 10 33 0.00 0.00 0.00 0.00 1.00 0.00 0.15 255 255 1.00 0.00 0.00 0.00 0.00 0.00 0.00 0.00
1 0 289 434 0 0 0 0 0 0 0 0 0 0 0 0 20 54 0.00 0.00 0.00 0.00 1.00 0.00 0.11 255 255 1.00 0.00 0.00 0.00 0.00 0.00 0.00 0.00
1 0 196 410 0 0 0 0 0 0 0 0 0 0 0 0 3 11 0.00 0.00 0.00 0.00 1.00 0.00 0.27 3 255 1.00 0.00 0.33 0.01 0.00 0.00 0.00 0.00
1 0 206 3080 0 0 0 0 0 0 0 0 0 0 0 0 13 45 0.00 0.00 0.00 0.00 1.00 0.00 0.09 13 255 1.00 0.00 0.08 0.01 0.00 0.00 0.00 0.00
1 0 197 1256 0 0 0 0 0 0 0 0 0 0 0 0 5 15 0.00 0.00 0.00 0.00 1.00 0.00 0.20 23 255 1.00 0.00 0.04 0.01 0.00 0.00 0.00 0.00
1 0 200 1276 0 0 0 0 0 0 0 0 0 0 0 0 15 49 0.00 0.00 0.00 0.00 1.00 0.00 0.08 33 255 1.00 0.00 0.03 0.01 0.00 0.00 0.00 0.00
1 0 292 12335 0 0 0 0 0 0 0 0 0 0 0 0 7 20 0.14 0.05 0.00 0.00 1.00 0.00 0.20 43 255 1.00 0.00 0.02 0.01 0.02 0.00 0.00 0.00
1 0 284 5208 0 0 0 0 0 0 0 0 0 0 0 0 17 52 0.06 0.02 0.00 0.00 1.00 0.00 0.08 53 255 1.00 0.00 0.02 0.01 0.02 0.00 0.00 0.00
1 0 298 375 0 0 0 0 0 0 0 0 0 0 0 0 1 15 0.00 0.00 0.00 0.00 1.00 0.00 0.20 63 255 1.00 0.00 0.02 0.01 0.02 0.00 0.00 0.00
1 0 291 12334 0 0 0 0 0 0 0 0 0 0 0 0 7 21 0.00 0.00 0.00 0.00 1.00 0.00 0.24 73 255 1.00 0.00 0.01 0.01 0.01 0.00 0.00 0.00
1 0 284 5208 0 0 0 0 0 0 0 0 0 0 0 0 17 52 0.00 0.00 0.00 0.00 1.00 0.00 0.08 83 255 1.00 0.00 0.01 0.01 0.01 0.00 0.00 0.00
1 0 199 844 0 0 0 0 0 0 0 0 0 0 0 0 9 33 0.00 0.00 0.00 0.00 1.00 0.00 0.09 93 255 1.00 0.00 0.01 0.01 0.01 0.00 0.00 0.00
1 0 146 32439 0 0 0 0 0 0 0 0 0 0 0 0 1 1 0.00 0.00 0.00 0.00 1.00 0.00 0.00 103 255 1.00 0.00 0.01 0.01 0.01 0.00 0.00 0.00
1 0 200 264 0 0 0 0 0 0 0 0 0 0 0 0 11 38 0.00 0.00 0.00 0.00 1.00 0.00 0.11 113 255 1.00 0.00 0.01 0.01 0.01 0.00 0.00 0.00
1 0 284 1280 0 0 0 0 0 0 0 0 0 0 0 0 3 7 0.00 0.00 0.00 0.00 1.00 0.00 0.57 123 255 1.00 0.00 0.01 0.01 0.01 0.00 0.00 0.00
1 0 293 3080 0 0 0 0 0 0 0 0 0 0 0 0 13 37 0.00 0.00 0.00 0.00 1.00 0.00 0.14 133 255 1.00 0.00 0.01 0.01 0.01 0.00 0.00 0.00
1 0 222 1569 0 0 0 0 0 0 0 0 0 0 0 0 5 14 0.00 0.00 0.00 0.00 1.00 0.00 0.21 143 255 1.00 0.00 0.01 0.01 0.01 0.00 0.00 0.00
1 0 217 1276 0 0 0 0 0 0 0 0 0 0 0 0 15 51 0.00 0.00 0.00 0.00 1.00 0.00 0.08 153 255 1.00 0.00 0.01 0.01 0.01 0.00 0.00 0.00
1 0 293 12334 0 0 0 0 0 0 0 0 0 0 0 0 7 21 0.00 0.00 0.00 0.00 1.00 0.00 0.19 163 255 1.00 0.00 0.01 0.01 0.01 0.00 0.00 0.00
1 0 286 5208 0 0 0 0 0 0 0 0 0 0 0 0 17 53 0.00 0.00 0.00 0.00 1.00 0.00 0.08 173 255 1.00 0.00 0.01 0.01 0.01 0.00 0.00 0.00
1 0 300 375 0 0 0 0 0 0 0 0 0 0 0 0 1 17 0.00 0.00 0.00 0.00 1.00 0.00 0.18 183 255 1.00 0.00 0.01 0.01 0.01 0.00 0.00 0.00
1 0 287 261 0 0 0 0 0 0 0 0 0 0 0 0 7 32 0.00 0.00 0.00 0.00 1.00 0.00 0.16 193 255 1.00 0.00 0.01 0.01 0.01 0.00 0.00 0.00
1 0 286 5208 0 0 0 0 0 0 0 0 0 0 0 0 17 52 0.00 0.00 0.00 0.00 1.00 0.00 0.08 203 255 1.00 0.00 0.00 0.01 0.00 0.00 0.00 0.00
1 0 286 751 0 0 0 0 0 0 0 0 0 0 0 0 9 28 0.00 0.00 0.00 0.00 1.00 0.00 0.11 213 255 1.00 0.00 0.00 0.01 0.00 0.00 0.00 0.00
1 0 279 32439 0 0 0 0 0 0 0 0 0 0 0 0 1 1 0.00 0.00 0.00 0.00 1.00 0.00 0.00 223 255 1.00 0.00 0.00 0.01 0.00 0.00 0.00 0.00
1 0 286 844 0 0 0 0 0 0 0 0 0 0 0 0 11 39 0.00 0.00 0.00 0.00 1.00 0.00 0.10 233 255 1.00 0.00 0.00 0.01 0.00 0.00 0.00 0.00
1 0 283 410 0 0 0 0 0 0 0 0 0 0 0 0 3 28 0.00 0.00 0.00 0.00 1.00 0.00 0.18 243 255 1.00 0.00 0.00 0.01 0.00 0.00 0.00 0.00
1 0 293 3080 0 0 0 0 0 0 0 0 0 0 0 0 13 50 0.00 0.00 0.00 0.00 1.00 0.00 0.10 253 255 1.00 0.00 0.00 0.01 0.00 0.00 0.00 0.00
1 0 207 17353 0 0 0 0 0 0 0 0 0 0 0 0 4 6 0.00 0.00 0.00 0.00 1.00 0.00 0.50 5 255 1.00 0.00 0.20 0.01 0.00 0.00 0.00 0.00
1 0 212 1997 0 0 0 0 0 0 0 0 0 0 0 0 2 2 0.00 0.00 0.00 0.00 1.00 0.00 0.00 15 255 1.00 0.00 0.07 0.01 0.00 0.00 0.00 0.00
1 0 158 7698 0 0 0 0 0 0 0 0 0 0 0 0 1 1 0.00 0.00 0.00 0.00 1.00 0.00 0.00 1 255 1.00 0.00 1.00 0.01 0.00 0.00 0.00 0.00
1 0 215 1007 0 0 0 0 0 0 0 0 0 0 0 0 6 6 0.00 0.00 0.00 0.00 1.00 0.00 0.00 6 255 1.00 0.00 0.17 0.02 0.00 0.00 0.00 0.00
1 0 227 4430 0 0 0 0 0 0 0 0 0 0 0 0 4 4 0.00 0.00 0.00 0.00 1.00 0.00 0.00 16 255 1.00 0.00 0.06 0.02 0.00 0.00 0.00 0.00
1 0 178 6128 0 0 0 0 0 0 0 0 0 0 0 0 1 1 0.00 0.00 0.00 0.00 1.00 0.00 0.00 26 255 1.00 0.00 0.04 0.02 0.00 0.00 0.00 0.00
1 0 234 901 0 0 0 0 0 0 0 0 0 0 0 0 11 11 0.00 0.00 0.00 0.00 1.00 0.00 0.00 36 255 1.00 0.00 0.03 0.02 0.00 0.00 0.00 0.00
1 0 222 1226 0 0 0 0 0 0 0 0 0 0 0 0 8 8 0.00 0.00 0.00 0.00 1.00 0.00 0.00 46 255 1.00 0.00 0.02 0.02 0.00 0.00 0.00 0.00
1 0 224 690 0 0 0 0 0 0 0 0 0 0 0 0 6 6 0.00 0.00 0.00 0.00 1.00 0.00 0.00 6 255 1.00 0.00 0.17 0.02 0.00 0.00 0.00 0.00
1 0 166 13899 0 0 0 0 0 0 0 0 0 0 0 0 16 16 0.00 0.00 0.00 0.00 1.00 0.00 0.00 16 255 1.00 0.00 0.06 0.02 0.00 0.00 0.00 0.00
1 0 203 239 0 0 0 0 0 0 0 0 0 0 0 0 1 1 0.00 0.00 0.00 0.00 1.00 0.00 0.00 26 255 1.00 0.00 0.04 0.02 0.00 0.00 0.00 0.00
1 0 261 399 0 0 0 0 0 0 0 0 0 0 0 0 10 10 0.00 0.00 0.00 0.00 1.00 0.00 0.00 36 255 1.00 0.00 0.03 0.02 0.00 0.00 0.00 0.00
1 0 256 1547 0 0 0 0 0 0 0 0 0 0 0 0 20 20 0.00 0.00 0.00 0.00 1.00 0.00 0.00 46 255 1.00 0.00 0.02 0.02 0.00 0.00 0.00 0.00
1 0 292 8594 0 0 0 0 0 0 0 0 0 0 0 0 3 3 0.00 0.00 0.00 0.00 1.00 0.00 0.00 3 255 1.00 0.00 0.33 0.03 0.00 0.00 0.00 0.00
1 0 313 546 0 0 0 0 0 0 0 0 0 0 0 0 8 8 0.00 0.00 0.00 0.00 1.00 0.00 0.00 8 255 1.00 0.00 0.12 0.04 0.00 0.00 0.00 0.00
1 0 312 402 0 0 0 0 0 0 0 0 0 0 0 0 18 18 0.00 0.00 0.00 0.00 1.00 0.00 0.00 18 255 1.00 0.00 0.06 0.04 0.00 0.00 0.00 0.00
1 0 317 1798 0 0 0 0 0 0 0 0 0 0 0 0 28 28 0.00 0.00 0.00 0.00 1.00 0.00 0.00 28 255 1.00 0.00 0.04 0.04 0.00 0.00 0.00 0.00
1 0 244 783 0 0 0 0 0 0 0 0 0 0 0 0 1 3 0.00 0.00 0.00 0.00 1.00 0.00 0.67 2 255 1.00 0.00 0.50 0.04 0.00 0.00 0.00 0.00
1 0 204 394 0 0 0 0 0 0 0 0 0 0 0 0 2 7 0.00 0.00 0.00 0.00 1.00 0.00 0.43 10 255 1.00 0.00 0.10 0.04 0.00 0.00 0.00 0.00
1 0 205 4109 0 0 0 0 0 0 0 0 0 0 0 0 2 2 0.00 0.00 0.00 0.00 1.00 0.00 0.00 20 255 1.00 0.00 0.05 0.04 0.00 0.00 0.00 0.00
1 0 203 337 0 0 0 0 0 0 0 0 0 0 0 0 6 7 0.00 0.00 0.00 0.00 1.00 0.00 0.29 30 255 1.00 0.00 0.03 0.04 0.00 0.00 0.00 0.00
1 0 305 1496 0 0 0 0 0 0 0 0 0 0 0 0 3 3 0.00 0.00 0.00 0.00 1.00 0.00 0.00 3 255 1.00 0.00 0.33 0.05 0.00 0.00 0.00 0.00
1 0 225 3776 0 0 0 0 0 0 0 0 0 0 0 0 1 2 0.00 0.00 0.00 0.00 1.00 0.00 1.00 8 255 1.00 0.00 0.12 0.05 0.00 0.00 0.00 0.00
1 0 197 448 0 0 0 0 0 0 0 0 0 0 0 0 1 1 0.00 0.00 0.00 0.00 1.00 0.00 0.00 3 255 1.00 0.00 0.33 0.07 0.00 0.00 0.00 0.00
1 0 282 18880 0 0 0 0 0 0 0 0 0 0 0 0 6 7 0.00 0.00 0.00 0.00 1.00 0.00 0.29 10 255 1.00 0.00 0.10 0.07 0.00 0.00 0.00 0.00
1 0 282 18880 0 0 0 0 0 0 0 0 0 0 0 0 9 13 0.00 0.00 0.00 0.00 1.00 0.00 0.23 20 255 1.00 0.00 0.05 0.07 0.00 0.00 0.00 0.00
1 0 284 3608 0 0 0 0 0 0 0 0 0 0 0 0 8 9 0.00 0.00 0.00 0.00 1.00 0.00 0.22 30 255 1.00 0.00 0.03 0.07 0.00 0.00 0.00 0.00
1 0 207 1279 0 0 0 0 0 0 0 0 0 0 0 0 3 3 0.00 0.00 0.00 0.00 1.00 0.00 0.00 40 255 1.00 0.00 0.03 0.07 0.00 0.00 0.00 0.00
1 0 197 15085 0 0 0 0 0 0 0 0 0 0 0 0 2 2 0.00 0.00 0.00 0.00 1.00 0.00 0.00 50 255 1.00 0.00 0.02 0.06 0.00 0.00 0.00 0.00
1 0 144 7431 0 0 0 0 0 0 0 0 0 0 0 0 1 1 0.00 0.00 0.00 0.00 1.00 0.00 0.00 60 255 1.00 0.00 0.02 0.06 0.00 0.00 0.00 0.00
1 0 198 3608 0 0 0 0 0 0 0 0 0 0 0 0 11 12 0.00 0.00 0.00 0.00 1.00 0.00 0.17 70 255 1.00 0.00 0.01 0.06 0.00 0.00 0.00 0.00
1 0 198 3608 0 0 0 0 0 0 0 0 0 0 0 0 6 7 0.00 0.00 0.00 0.00 1.00 0.00 0.29 80 255 1.00 0.00 0.01 0.06 0.00 0.00 0.00 0.00
1 0 198 3487 0 0 0 0 0 0 0 0 0 0 0 0 5 5 0.00 0.00 0.00 0.00 1.00 0.00 0.00 90 255 1.00 0.00 0.01 0.06 0.00 0.00 0.00 0.00
1 0 207 1279 0 0 0 0 0 0 0 0 0 0 0 0 4 4 0.00 0.00 0.00 0.00 1.00 0.00 0.00 100 255 1.00 0.00 0.01 0.05 0.00 0.00 0.00 0.00
1 0 229 1284 0 0 0 0 0 0 0 0 0 0 0 0 1 1 0.00 0.00 0.00 0.00 1.00 0.00 0.00 110 255 1.00 0.00 0.01 0.05 0.00 0.00 0.00 0.00
1 0 302 2605 0 0 0 0 0 0 0 0 0 0 0 0 9 13 0.00 0.00 0.00 0.00 1.00 0.00 0.23 9 255 1.00 0.00 0.11 0.06 0.00 0.00 0.00 0.00
1 0 216 2605 0 0 0 0 0 0 0 0 0 0 0 0 8 8 0.00 0.00 0.00 0.00 1.00 0.00 0.00 19 255 1.00 0.00 0.05 0.06 0.00 0.00 0.00 0.00
1 0 216 2605 0 0 0 0 0 0 0 0 0 0 0 0 7 7 0.00 0.00 0.00 0.00 1.00 0.00 0.00 29 255 1.00 0.00 0.03 0.06 0.00 0.00 0.00 0.00
1 0 202 894 0 0 0 0 0 0 0 0 0 0 0 0 6 6 0.00 0.00 0.00 0.00 1.00 0.00 0.00 6 255 1.00 0.00 0.17 0.06 0.00 0.00 0.00 0.00
1 0 202 2545 0 0 0 0 0 0 0 0 0 0 0 0 16 16 0.00 0.00 0.00 0.00 1.00 0.00 0.00 16 255 1.00 0.00 0.06 0.05 0.00 0.00 0.00 0.00
1 0 202 1080 0 0 0 0 0 0 0 0 0 0 0 0 26 26 0.00 0.00 0.00 0.00 1.00 0.00 0.00 26 255 1.00 0.00 0.04 0.05 0.00 0.00 0.00 0.00
1 0 213 5446 0 0 0 0 0 0 0 0 0 0 0 0 2 3 0.00 0.00 0.00 0.00 1.00 0.00 0.67 4 255 1.00 0.00 0.25 0.05 0.00 0.00 0.00 0.00
1 0 296 47702 0 0 0 0 0 0 0 0 0 0 0 0 5 9 0.00 0.00 0.00 0.00 1.00 0.00 0.22 9 255 1.00 0.00 0.11 0.06 0.00 0.00 0.00 0.00
1 0 297 2447 0 0 0 0 0 0 0 0 0 0 0 0 2 14 0.00 0.00 0.00 0.00 1.00 0.00 0.14 2 255 1.00 0.00 0.50 0.05 0.00 0.00 0.00 0.00
1 0 294 920 0 0 0 0 0 0 0 0 0 0 0 0 8 8 0.00 0.00 0.00 0.00 1.00 0.00 0.00 8 255 1.00 0.00 0.12 0.06 0.00 0.00 0.00 0.00
1 0 294 866 0 0 0 0 0 0 0 0 0 0 0 0 18 18 0.00 0.00 0.00 0.00 1.00 0.00 0.00 18 255 1.00 0.00 0.06 0.06 0.00 0.00 0.00 0.00
1 0 293 898 0 0 0 0 0 0 0 0 0 0 0 0 28 28 0.00 0.00 0.00 0.00 1.00 0.00 0.00 28 255 1.00 0.00 0.04 0.06 0.00 0.00 0.00 0.00
1 0 296 839 0 0 0 0 0 0 0 0 0 0 0 0 38 38 0.00 0.00 0.00 0.00 1.00 0.00 0.00 38 255 1.00 0.00 0.03 0.05 0.00 0.00 0.00 0.00
1 0 304 1854 0 0 0 0 0 0 0 0 0 0 0 0 10 11 0.00 0.00 0.00 0.00 1.00 0.00 0.18 48 255 1.00 0.00 0.02 0.04 0.00 0.00 0.00 0.00
1 0 305 879 0 0 0 0 0 0 0 0 0 0 0 0 1 1 0.00 0.00 0.00 0.00 1.00 0.00 0.00 58 255 1.00 0.00 0.02 0.03 0.00 0.00 0.00 0.00
1 0 304 1854 0 0 0 0 0 0 0 0 0 0 0 0 11 12 0.00 0.00 0.00 0.00 1.00 0.00 0.17 68 255 1.00 0.00 0.01 0.03 0.00 0.00 0.00 0.00
1 0 324 13371 0 0 0 0 0 0 0 0 0 0 0 0 3 3 0.00 0.00 0.00 0.00 1.00 0.00 0.00 78 255 1.00 0.00 0.01 0.03 0.00 0.00 0.00 0.00
1 0 322 4252 0 0 0 0 0 0 0 0 0 0 0 0 13 13 0.00 0.00 0.00 0.00 1.00 0.00 0.00 88 255 1.00 0.00 0.01 0.03 0.00 0.00 0.00 0.00
1 0 181 1578 0 0 0 0 0 0 0 0 0 0 0 0 3 4 0.00 0.00 0.00 0.00 1.00 0.00 0.50 3 255 1.00 0.00 0.33 0.04 0.00 0.00 0.00 0.00
1 0 219 3178 0 0 0 0 0 0 0 0 0 0 0 0 4 4 0.00 0.00 0.00 0.00 1.00 0.00 0.00 4 255 1.00 0.00 0.25 0.04 0.00 0.00 0.00 0.00
1 0 210 1417 0 0 0 0 0 0 0 0 0 0 0 0 14 14 0.00 0.00 0.00 0.00 1.00 0.00 0.00 14 255 1.00 0.00 0.07 0.04 0.00 0.00 0.00 0.00
1 0 312 8053 0 0 0 0 0 0 0 0 0 0 0 0 6 6 0.00 0.00 0.00 0.00 1.00 0.00 0.00 24 255 1.00 0.00 0.04 0.04 0.00 0.00 0.00 0.00
1 0 311 2900 0 0 0 0 0 0 0 0 0 0 0 0 16 16 0.00 0.00 0.00 0.00 1.00 0.00 0.00 34 255 1.00 0.00 0.03 0.04 0.00 0.00 0.00 0.00
1 0 229 524 0 0 0 0 0 0 0 0 0 0 0 0 8 8 0.00 0.00 0.00 0.00 1.00 0.00 0.00 8 255 1.00 0.00 0.12 0.04 0.00 0.00 0.00 0.00
1 0 229 1247 0 0 0 0 0 0 0 0 0 0 0 0 18 18 0.00 0.00 0.00 0.00 1.00 0.00 0.00 18 255 1.00 0.00 0.06 0.04 0.00 0.00 0.00 0.00
1 0 171 6172 0 0 0 0 0 0 0 0 0 0 0 0 5 5 0.00 0.00 0.00 0.00 1.00 0.00 0.00 28 255 1.00 0.00 0.04 0.04 0.00 0.00 0.00 0.00
1 0 237 1093 0 0 0 0 0 0 0 0 0 0 0 0 1 1 0.00 0.00 0.00 0.00 1.00 0.00 0.00 38 255 1.00 0.00 0.03 0.04 0.00 0.00 0.00 0.00
1 0 236 1019 0 0 0 0 0 0 0 0 0 0 0 0 11 11 0.00 0.00 0.00 0.00 1.00 0.00 0.00 48 255 1.00 0.00 0.02 0.04 0.00 0.00 0.00 0.00
1 0 229 1256 0 0 0 0 0 0 0 0 0 0 0 0 7 7 0.00 0.00 0.00 0.00 1.00 0.00 0.00 58 255 1.00 0.00 0.02 0.04 0.00 0.00 0.00 0.00
1 0 233 1120 0 0 0 0 0 0 0 0 0 0 0 0 3 3 0.00 0.00 0.00 0.00 1.00 0.00 0.00 68 255 1.00 0.00 0.01 0.04 0.00 0.00 0.00 0.00
1 0 230 627 0 0 0 0 0 0 0 0 0 0 0 0 13 13 0.00 0.00 0.00 0.00 1.00 0.00 0.00 78 255 1.00 0.00 0.01 0.04 0.00 0.00 0.00 0.00
1 0 232 762 0 0 0 0 0 0 0 0 0 0 0 0 23 23 0.00 0.00 0.00 0.00 1.00 0.00 0.00 88 255 1.00 0.00 0.01 0.03 0.00 0.00 0.00 0.00
1 0 230 1120 0 0 0 0 0 0 0 0 0 0 0 0 4 4 0.00 0.00 0.00 0.00 1.00 0.00 0.00 98 255 1.00 0.00 0.01 0.02 0.00 0.00 0.00 0.00
1 0 227 627 0 0 0 0 0 0 0 0 0 0 0 0 14 14 0.00 0.00 0.00 0.00 1.00 0.00 0.00 108 255 1.00 0.00 0.01 0.02 0.00 0.00 0.00 0.00
1 0 229 1041 0 0 0 0 0 0 0 0 0 0 0 0 24 25 0.00 0.00 0.00 0.00 1.00 0.00 0.08 118 255 1.00 0.00 0.01 0.02 0.00 0.00 0.00 0.00
1 0 227 334 0 0 0 0 0 0 0 0 0 0 0 0 5 5 0.00 0.00 0.00 0.00 1.00 0.00 0.00 128 255 1.00 0.00 0.01 0.02 0.00 0.00 0.00 0.00
1 0 228 579 0 0 0 0 0 0 0 0 0 0 0 0 15 15 0.00 0.00 0.00 0.00 1.00 0.00 0.00 138 255 1.00 0.00 0.01 0.02 0.00 0.00 0.00 0.00
1 0 229 661 0 0 0 0 0 0 0 0 0 0 0 0 25 25 0.00 0.00 0.00 0.00 1.00 0.00 0.00 148 255 1.00 0.00 0.01 0.02 0.00 0.00 0.00 0.00
1 0 230 1736 0 0 0 0 0 0 0 0 0 0 0 0 6 6 0.00 0.00 0.00 0.00 1.00 0.00 0.00 158 255 1.00 0.00 0.01 0.02 0.00 0.00 0.00 0.00
1 0 230 1041 0 0 0 0 0 0 0 0 0 0 0 0 16 16 0.00 0.00 0.00 0.00 1.00 0.00 0.00 168 255 1.00 0.00 0.01 0.02 0.00 0.00 0.00 0.00
1 0 228 582 0 0 0 0 0 0 0 0 0 0 0 0 26 26 0.00 0.00 0.00 0.00 1.00 0.00 0.00 178 255 1.00 0.00 0.01 0.02 0.00 0.00 0.00 0.00
1 0 221 2272 0 0 0 0 0 0 0 0 0 0 0 0 3 3 0.00 0.00 0.00 0.00 1.00 0.00 0.00 3 255 1.00 0.00 0.33 0.02 0.00 0.00 0.00 0.00
1 0 215 1358 0 0 0 0 0 0 0 0 0 0 0 0 13 13 0.00 0.00 0.00 0.00 1.00 0.00 0.00 13 255 1.00 0.00 0.08 0.02 0.00 0.00 0.00 0.00
1 0 216 7066 0 0 0 0 0 0 0 0 0 0 0 0 23 23 0.00 0.00 0.00 0.00 1.00 0.00 0.00 23 255 1.00 0.00 0.04 0.02 0.00 0.00 0.00 0.00
1 0 223 1472 0 0 0 0 0 0 0 0 0 0 0 0 6 6 0.00 0.00 0.00 0.00 1.00 0.00 0.00 33 255 1.00 0.00 0.03 0.02 0.00 0.00 0.00 0.00
1 0 222 2279 0 0 0 0 0 0 0 0 0 0 0 0 16 16 0.00 0.00 0.00 0.00 1.00 0.00 0.00 43 255 1.00 0.00 0.02 0.02 0.00 0.00 0.00 0.00
1 0 222 1449 0 0 0 0 0 0 0 0 0 0 0 0 26 26 0.00 0.00 0.00 0.00 1.00 0.00 0.00 53 255 1.00 0.00 0.02 0.02 0.00 0.00 0.00 0.00
1 0 218 2342 0 0 0 0 0 0 0 0 0 0 0 0 9 9 0.00 0.00 0.00 0.00 1.00 0.00 0.00 63 255 1.00 0.00 0.02 0.02 0.00 0.00 0.00 0.00
1 0 221 1404 0 0 0 0 0 0 0 0 0 0 0 0 19 19 0.00 0.00 0.00 0.00 1.00 0.00 0.00 73 255 1.00 0.00 0.01 0.01 0.00 0.00 0.00 0.00
1 0 151 11337 0 0 0 0 0 0 0 0 0 0 0 0 2 2 0.00 0.00 0.00 0.00 1.00 0.00 0.00 83 255 1.00 0.00 0.01 0.01 0.00 0.00 0.00 0.00
1 0 218 1548 0 0 0 0 0 0 0 0 0 0 0 0 12 12 0.00 0.00 0.00 0.00 1.00 0.00 0.00 93 255 1.00 0.00 0.01 0.01 0.00 0.00 0.00 0.00
1 0 221 1404 0 0 0 0 0 0 0 0 0 0 0 0 22 22 0.00 0.00 0.00 0.00 1.00 0.00 0.00 103 255 1.00 0.00 0.01 0.01 0.00 0.00 0.00 0.00
1 0 310 6567 0 0 0 0 0 0 0 0 0 0 0 0 5 5 0.00 0.00 0.00 0.00 1.00 0.00 0.00 5 255 1.00 0.00 0.20 0.02 0.00 0.00 0.00 0.00
1 0 309 2417 0 0 0 0 0 0 0 0 0 0 0 0 15 15 0.00 0.00 0.00 0.00 1.00 0.00 0.00 15 255 1.00 0.00 0.07 0.02 0.00 0.00 0.00 0.00
1 0 338 1426 0 0 0 0 0 0 0 0 0 0 0 0 3 3 0.00 0.00 0.00 0.00 1.00 0.00 0.00 25 255 1.00 0.00 0.04 0.02 0.00 0.00 0.00 0.00
1 0 328 1296 0 0 0 0 0 0 0 0 0 0 0 0 13 13 0.00 0.00 0.00 0.00 1.00 0.00 0.00 35 255 1.00 0.00 0.03 0.02 0.00 0.00 0.00 0.00
1 0 335 1632 0 0 0 0 0 0 0 0 0 0 1 0 23 23 0.00 0.00 0.00 0.00 1.00 0.00 0.00 45 255 1.00 0.00 0.02 0.02 0.00 0.00 0.00 0.00
1 0 151 46341 0 0 0 0 0 0 0 0 0 0 0 0 2 2 0.00 0.00 0.00 0.00 1.00 0.00 0.00 2 255 1.00 0.00 0.50 0.03 0.00 0.00 0.00 0.00
1 0 164 1967 0 0 0 0 0 0 0 0 0 0 0 0 2 2 0.00 0.00 0.00 0.00 1.00 0.00 0.00 12 255 1.00 0.00 0.08 0.03 0.00 0.00 0.00 0.00
1 0 343 60130 0 0 0 0 0 0 0 0 0 0 0 0 2 2 0.00 0.00 0.00 0.00 1.00 0.00 0.00 22 255 1.00 0.00 0.05 0.03 0.00 0.00 0.00 0.00
1 0 240 3012 0 0 0 0 0 0 0 0 0 0 0 0 1 22 0.00 0.00 0.00 0.00 1.00 0.00 0.14 1 255 1.00 0.00 1.00 0.04 0.00 0.00 0.00 0.00
1 0 208 2323 0 0 0 0 0 0 0 0 0 0 0 0 5 5 0.00 0.00 0.00 0.00 1.00 0.00 0.00 5 255 1.00 0.00 0.20 0.04 0.00 0.00 0.00 0.00
1 0 208 2645 0 0 0 0 0 0 0 0 0 0 0 0 15 15 0.00 0.00 0.00 0.00 1.00 0.00 0.00 15 255 1.00 0.00 0.07 0.04 0.00 0.00 0.00 0.00
1 0 233 2957 0 0 0 0 0 0 0 0 0 0 0 0 5 5 0.00 0.00 0.00 0.00 1.00 0.00 0.00 5 255 1.00 0.00 0.20 0.05 0.00 0.00 0.00 0.00
1 0 229 1568 0 0 0 0 0 0 0 0 0 0 0 0 15 15 0.00 0.00 0.00 0.00 1.00 0.00 0.00 15 255 1.00 0.00 0.07 0.05 0.00 0.00 0.00 0.00
1 0 233 6857 0 0 0 0 0 0 0 0 0 0 0 0 25 25 0.00 0.00 0.00 0.00 1.00 0.00 0.00 25 255 1.00 0.00 0.04 0.05 0.00 0.00 0.00 0.00
1 0 229 1599 0 0 0 0 0 0 0 0 0 0 0 0 35 35 0.00 0.00 0.00 0.00 1.00 0.00 0.00 35 255 1.00 0.00 0.03 0.04 0.00 0.00 0.00 0.00
1 0 232 1010 0 0 0 0 0 0 0 0 0 0 0 0 45 45 0.00 0.00 0.00 0.00 1.00 0.00 0.00 45 255 1.00 0.00 0.02 0.04 0.00 0.00 0.00 0.00
1 0 225 3191 0 0 0 0 0 0 0 0 0 0 0 0 7 9 0.00 0.00 0.00 0.00 1.00 0.00 0.33 7 255 1.00 0.00 0.14 0.05 0.00 0.00 0.00 0.00
1 0 232 3191 0 0 0 0 0 0 0 0 0 0 0 0 17 21 0.00 0.00 0.00 0.00 1.00 0.00 0.14 17 255 1.00 0.00 0.06 0.05 0.00 0.00 0.00 0.00
1 0 184 3463 0 0 0 0 0 0 0 0 0 0 0 0 1 1 0.00 0.00 0.00 0.00 1.00 0.00 0.00 10 255 1.00 0.00 0.10 0.05 0.00 0.00 0.00 0.00
1 0 240 521 0 0 0 0 0 0 0 0 0 0 0 0 4 4 0.00 0.00 0.00 0.00 1.00 0.00 0.00 4 255 1.00 0.00 0.25 0.06 0.00 0.00 0.00 0.00
1 0 237 376 0 0 0 0 0 0 0 0 0 0 0 0 14 14 0.00 0.00 0.00 0.00 1.00 0.00 0.00 14 255 1.00 0.00 0.07 0.06 0.00 0.00 0.00 0.00
1 0 232 364 0 0 0 0 0 0 0 0 0 0 0 0 9 10 0.00 0.00 0.00 0.00 1.00 0.00 0.20 24 255 1.00 0.00 0.04 0.06 0.00 0.00 0.00 0.00
1 0 222 253 0 0 0 0 0 0 0 0 0 0 0 0 2 2 0.00 0.00 0.00 0.00 1.00 0.00 0.00 34 255 1.00 0.00 0.03 0.06 0.00 0.00 0.00 0.00
1 0 248 445 0 0 0 0 0 0 0 0 0 0 0 0 12 12 0.00 0.00 0.00 0.00 1.00 0.00 0.00 44 255 1.00 0.00 0.02 0.06 0.00 0.00 0.00 0.00
1 0 241 1249 0 0 0 0 0 0 0 0 0 0 0 0 5 5 0.00 0.00 0.00 0.00 1.00 0.00 0.00 54 255 1.00 0.00 0.02 0.06 0.00 0.00 0.00 0.00
1 0 232 348 0 0 0 0 0 0 0 0 0 0 0 0 15 15 0.00 0.00 0.00 0.00 1.00 0.00 0.00 64 255 1.00 0.00 0.02 0.05 0.00 0.00 0.00 0.00
1 0 226 867 0 0 0 0 0 0 0 0 0 0 0 0 8 8 0.00 0.00 0.00 0.00 1.00 0.00 0.00 74 255 1.00 0.00 0.01 0.05 0.00 0.00 0.00 0.00
1 0 160 3706 0 0 0 0 0 0 0 0 0 0 0 0 4 6 0.00 0.00 0.00 0.00 1.00 0.00 0.33 4 255 1.00 0.00 0.25 0.06 0.00 0.00 0.00 0.00
1 0 160 3706 0 0 0 0 0 0 0 0 0 0 0 0 1 1 0.00 0.00 0.00 0.00 1.00 0.00 0.00 14 255 1.00 0.00 0.07 0.06 0.00 0.00 0.00 0.00
1 0 211 8482 0 0 0 0 0 0 0 0 0 0 0 0 3 3 0.00 0.00 0.00 0.00 1.00 0.00 0.00 24 255 1.00 0.00 0.04 0.06 0.00 0.00 0.00 0.00
1 0 274 1214 0 0 0 0 0 0 0 0 0 0 0 0 1 6 0.00 0.00 0.00 0.00 1.00 0.00 0.33 8 255 1.00 0.00 0.12 0.06 0.00 0.00 0.00 0.00
1 0 282 3724 0 0 0 0 0 0 0 0 0 0 0 0 4 6 0.00 0.00 0.00 0.00 1.00 0.00 0.33 9 255 1.00 0.00 0.11 0.05 0.00 0.00 0.00 0.00
1 0 292 21495 0 0 0 0 0 0 0 0 0 0 0 0 7 7 0.00 0.00 0.00 0.00 1.00 0.00 0.00 19 255 1.00 0.00 0.05 0.05 0.00 0.00 0.00 0.00
1 0 294 2497 0 0 0 0 0 0 0 0 0 0 0 0 17 17 0.00 0.00 0.00 0.00 1.00 0.00 0.00 29 255 1.00 0.00 0.03 0.05 0.00 0.00 0.00 0.00
1 0 297 3285 0 0 0 0 0 0 0 0 0 0 0 0 27 27 0.00 0.00 0.00 0.00 1.00 0.00 0.00 39 255 1.00 0.00 0.03 0.04 0.00 0.00 0.00 0.00
1 0 295 2538 0 0 0 0 0 0 0 0 0 0 0 0 37 37 0.00 0.00 0.00 0.00 1.00 0.00 0.00 49 255 1.00 0.00 0.02 0.04 0.00 0.00 0.00 0.00
1 0 297 53306 0 0 0 0 0 0 0 0 0 0 0 0 9 10 0.00 0.00 0.00 0.00 1.00 0.00 0.20 59 255 1.00 0.00 0.02 0.04 0.00 0.00 0.00 0.00
1 0 297 27928 0 0 1 0 0 1 0 0 0 0 0 0 1 1 0.00 0.00 0.00 0.00 1.00 0.00 0.00 69 255 1.00 0.00 0.01 0.04 0.00 0.00 0.00 0.00
1 0 300 3830 0 0 0 0 0 0 0 0 0 0 0 0 11 12 0.00 0.00 0.00 0.00 1.00 0.00 0.17 79 255 1.00 0.00 0.01 0.04 0.00 0.00 0.00 0.00
1 0 293 5568 0 0 0 0 0 0 0 0 0 0 0 0 21 22 0.00 0.00 0.00 0.00 1.00 0.00 0.09 89 255 1.00 0.00 0.01 0.04 0.00 0.00 0.00 0.00
1 0 298 6221 0 0 0 0 0 0 0 0 0 0 0 0 31 33 0.00 0.00 0.00 0.00 1.00 0.00 0.09 99 255 1.00 0.00 0.01 0.04 0.00 0.00 0.00 0.00
1 0 293 4839 0 0 0 0 0 0 0 0 0 0 0 0 41 43 0.00 0.00 0.00 0.00 1.00 0.00 0.07 109 255 1.00 0.00 0.01 0.02 0.00 0.00 0.00 0.00
1 0 295 2616 0 0 0 0 0 0 0 0 0 0 0 0 3 4 0.00 0.00 0.00 0.00 1.00 0.00 0.50 119 255 1.00 0.00 0.01 0.02 0.00 0.00 0.00 0.00
1 0 296 3972 0 0 0 0 0 0 0 0 0 0 0 0 7 8 0.00 0.00 0.00 0.00 1.00 0.00 0.25 129 255 1.00 0.00 0.01 0.02 0.00 0.00 0.00 0.00
1 0 297 1512 0 0 0 0 0 0 0 0 0 0 0 0 17 18 0.00 0.00 0.00 0.00 1.00 0.00 0.11 139 255 1.00 0.00 0.01 0.02 0.00 0.00 0.00 0.00
1 0 285 4277 0 0 0 0 0 0 0 0 0 0 0 0 4 4 0.00 0.00 0.00 0.00 1.00 0.00 0.00 4 255 1.00 0.00 0.25 0.02 0.00 0.00 0.00 0.00
1 0 286 3311 0 0 0 0 0 0 0 0 0 0 0 0 14 14 0.00 0.00 0.00 0.00 1.00 0.00 0.00 14 255 1.00 0.00 0.07 0.02 0.00 0.00 0.00 0.00
1 0 301 1160 0 0 0 0 0 0 0 0 0 0 0 0 10 10 0.00 0.00 0.00 0.00 1.00 0.00 0.00 24 255 1.00 0.00 0.04 0.02 0.00 0.00 0.00 0.00
1 0 323 2514 0 0 0 0 0 0 0 0 0 0 0 0 3 3 0.00 0.00 0.00 0.00 1.00 0.00 0.00 7 255 1.00 0.00 0.14 0.02 0.00 0.00 0.00 0.00
1 0 177 350 0 0 0 0 0 0 0 0 0 0 0 0 4 12 0.00 0.00 0.00 0.00 1.00 0.00 0.25 17 255 1.00 0.00 0.06 0.02 0.00 0.00 0.00 0.00
1 0 264 2856 0 0 0 0 0 0 0 0 0 0 0 0 1 1 0.00 0.00 0.00 0.00 1.00 0.00 0.00 27 255 1.00 0.00 0.04 0.02 0.00 0.00 0.00 0.00
1 0 315 9998 0 0 0 0 0 0 0 0 0 0 0 0 7 7 0.00 0.00 0.00 0.00 1.00 0.00 0.00 37 255 1.00 0.00 0.03 0.02 0.00 0.00 0.00 0.00
1 0 287 387 0 0 0 0 0 0 0 0 0 0 0 0 1 2 0.00 0.00 0.00 0.00 1.00 0.00 1.00 2 255 1.00 0.00 0.50 0.03 0.00 0.00 0.00 0.00
1 0 209 577 0 0 0 0 0 0 0 0 0 0 0 0 10 10 0.00 0.00 0.00 0.00 1.00 0.00 0.00 10 255 1.00 0.00 0.10 0.03 0.00 0.00 0.00 0.00
1 0 196 251 0 0 0 0 0 0 0 0 0 0 0 0 8 8 0.00 0.00 0.00 0.00 1.00 0.00 0.00 20 255 1.00 0.00 0.05 0.03 0.00 0.00 0.00 0.00
1 0 220 4123 0 0 0 0 0 0 0 0 0 0 0 0 1 2 0.00 0.00 0.00 0.00 1.00 0.00 1.00 6 255 1.00 0.00 0.17 0.03 0.00 0.00 0.00 0.00
1 0 293 4123 0 0 0 0 0 0 0 0 0 0 0 0 3 4 0.00 0.00 0.00 0.00 1.00 0.00 0.50 16 255 1.00 0.00 0.06 0.03 0.00 0.00 0.00 0.00
1 0 289 7507 0 0 0 0 0 0 0 0 0 0 0 0 13 14 0.00 0.00 0.00 0.00 1.00 0.00 0.14 26 255 1.00 0.00 0.04 0.03 0.00 0.00 0.00 0.00
1 0 289 7507 0 0 0 0 0 0 0 0 0 0 0 0 10 11 0.00 0.00 0.00 0.00 1.00 0.00 0.18 36 255 1.00 0.00 0.03 0.03 0.00 0.00 0.00 0.00
1 0 219 426 0 0 0 0 0 0 0 0 0 0 0 0 7 8 0.00 0.00 0.00 0.00 1.00 0.00 0.25 46 255 1.00 0.00 0.02 0.03 0.00 0.00 0.00 0.00
1 0 163 9033 0 0 0 0 0 0 0 0 0 0 0 0 4 4 0.00 0.00 0.00 0.00 1.00 0.00 0.00 56 255 1.00 0.00 0.02 0.03 0.00 0.00 0.00 0.00
1 0 235 25211 0 0 0 0 0 0 0 0 0 0 0 0 1 1 0.00 0.00 0.00 0.00 1.00 0.00 0.00 66 255 1.00 0.00 0.02 0.03 0.00 0.00 0.00 0.00
1 0 245 353 0 0 0 0 0 0 0 0 0 0 0 0 5 5 0.00 0.00 0.00 0.00 1.00 0.00 0.00 76 255 1.00 0.00 0.01 0.03 0.00 0.00 0.00 0.00
1 0 246 1860 0 0 0 0 0 0 0 0 0 0 0 0 1 1 0.00 0.00 0.00 0.00 1.00 0.00 0.00 86 255 1.00 0.00 0.01 0.03 0.00 0.00 0.00 0.00
1 0 311 1667 0 0 0 0 0 0 0 0 0 0 0 0 4 4 0.00 0.00 0.00 0.00 1.00 0.00 0.00 96 255 1.00 0.00 0.01 0.03 0.00 0.00 0.00 0.00
1 0 319 14686 0 0 0 0 0 0 0 0 0 0 0 0 1 1 0.00 0.00 0.00 0.00 1.00 0.00 0.00 106 255 1.00 0.00 0.01 0.03 0.00 0.00 0.00 0.00
1 0 320 1745 0 0 0 0 0 0 0 0 0 0 0 0 11 12 0.00 0.00 0.00 0.00 1.00 0.00 0.17 116 255 1.00 0.00 0.01 0.03 0.00 0.00 0.00 0.00
1 0 348 6065 0 0 0 0 0 0 0 0 0 0 0 0 2 2 0.00 0.00 0.00 0.00 1.00 0.00 0.00 126 255 1.00 0.00 0.01 0.03 0.00 0.00 0.00 0.00
1 0 285 1556 0 0 0 0 0 0 0 0 0 0 0 0 3 3 0.00 0.00 0.00 0.00 1.00 0.00 0.00 136 255 1.00 0.00 0.01 0.03 0.00 0.00 0.00 0.00
1 0 336 9308 0 0 0 0 0 0 0 0 0 0 0 0 1 8 0.00 0.00 0.00 0.00 1.00 0.00 0.38 1 255 1.00 0.00 1.00 0.03 0.00 0.00 0.00 0.00
1 0 340 7764 0 0 0 0 0 0 0 0 0 0 0 0 2 12 0.00 0.00 0.00 0.00 1.00 0.00 0.17 11 255 1.00 0.00 0.09 0.03 0.00 0.00 0.00 0.00
1 0 262 10939 0 0 0 0 0 0 0 0 0 0 0 0 1 2 0.00 0.00 0.00 0.00 1.00 0.00 1.00 10 255 1.00 0.00 0.10 0.03 0.00 0.00 0.00 0.00
1 0 271 10939 0 0 0 0 0 0 0 0 0 0 0 0 1 1 0.00 0.00 0.00 0.00 1.00 0.00 0.00 20 255 1.00 0.00 0.05 0.03 0.00 0.00 0.00 0.00
1 0 296 3120 0 0 0 0 0 0 0 0 0 0 0 0 5 5 0.00 0.00 0.00 0.00 1.00 0.00 0.00 5 255 1.00 0.00 0.20 0.03 0.00 0.00 0.00 0.00
1 0 292 812 0 0 0 0 0 0 0 0 0 0 0 0 15 15 0.00 0.00 0.00 0.00 1.00 0.00 0.00 15 255 1.00 0.00 0.07 0.03 0.00 0.00 0.00 0.00
1 0 180 6654 0 0 0 0 0 0 0 0 0 0 0 0 1 5 0.00 0.00 0.00 0.00 1.00 0.00 0.60 1 255 1.00 0.00 1.00 0.04 0.00 0.00 0.00 0.00
1 0 270 597 0 0 0 0 0 0 0 0 0 0 0 0 6 6 0.00 0.00 0.00 0.00 1.00 0.00 0.00 8 255 1.00 0.00 0.12 0.05 0.00 0.00 0.00 0.00
1 0 238 1179 0 0 0 0 0 0 0 0 0 0 0 0 3 3 0.00 0.00 0.00 0.00 1.00 0.00 0.00 18 255 1.00 0.00 0.06 0.04 0.00 0.00 0.00 0.00
1 0 164 5179 0 0 0 0 0 0 0 0 0 0 0 0 1 1 0.00 0.00 0.00 0.00 1.00 0.00 0.00 1 255 1.00 0.00 1.00 0.05 0.00 0.00 0.00 0.00
1 0 307 142 0 0 0 0 0 0 0 0 0 0 0 0 2 2 0.00 0.00 0.00 0.00 1.00 0.00 0.00 11 255 1.00 0.00 0.09 0.05 0.00 0.00 0.00 0.00
1 0 288 1052 0 0 0 0 0 0 0 0 0 0 0 0 3 16 0.00 0.00 0.00 0.00 1.00 0.00 0.25 3 255 1.00 0.00 0.33 0.05 0.00 0.00 0.00 0.00
1 0 297 3751 0 0 0 0 0 0 0 0 0 0 0 0 2 2 0.00 0.00 0.00 0.00 1.00 0.00 0.00 13 255 1.00 0.00 0.08 0.05 0.00 0.00 0.00 0.00
1 0 246 4364 0 0 0 0 0 0 0 0 0 0 0 0 2 2 0.00 0.00 0.00 0.00 1.00 0.00 0.00 23 255 1.00 0.00 0.04 0.05 0.00 0.00 0.00 0.00
1 0 246 4364 0 0 0 0 0 0 0 0 0 0 0 0 1 1 0.00 0.00 0.00 0.00 1.00 0.00 0.00 33 255 1.00 0.00 0.03 0.05 0.00 0.00 0.00 0.00
1 0 295 3751 0 0 0 0 0 0 0 0 0 0 0 0 2 2 0.00 0.00 0.00 0.00 1.00 0.00 0.00 43 255 1.00 0.00 0.02 0.05 0.00 0.00 0.00 0.00
1 0 287 7551 0 0 0 0 0 0 0 0 0 0 0 0 1 1 0.00 0.00 0.00 0.00 1.00 0.00 0.00 1 255 1.00 0.00 1.00 0.05 0.00 0.00 0.00 0.00
1 0 311 344 0 0 0 0 0 0 0 0 0 0 0 0 4 4 0.00 0.00 0.00 0.00 1.00 0.00 0.00 11 255 1.00 0.00 0.09 0.05 0.00 0.00 0.00 0.00
1 0 222 3740 0 0 0 0 0 0 0 0 0 0 0 0 3 3 0.00 0.00 0.00 0.00 1.00 0.00 0.00 6 255 1.00 0.00 0.17 0.06 0.00 0.00 0.00 0.00
1 0 239 359 0 0 0 0 0 0 0 0 0 0 0 0 4 4 0.00 0.00 0.00 0.00 1.00 0.00 0.00 4 255 1.00 0.00 0.25 0.07 0.00 0.00 0.00 0.00
1 0 233 710 0 0 0 0 0 0 0 0 0 0 0 0 8 31 0.00 0.00 0.00 0.00 1.00 0.00 0.10 14 255 1.00 0.00 0.07 0.07 0.00 0.00 0.00 0.00
1 0 261 4165 0 0 0 0 0 0 0 0 0 0 0 0 8 11 0.00 0.00 0.00 0.00 1.00 0.00 0.18 24 255 1.00 0.00 0.04 0.07 0.00 0.00 0.00 0.00
1 0 233 4165 0 0 0 0 0 0 0 0 0 0 0 0 8 8 0.00 0.00 0.00 0.00 1.00 0.00 0.00 34 255 1.00 0.00 0.03 0.07 0.00 0.00 0.00 0.00
1 0 233 710 0 0 0 0 0 0 0 0 0 0 0 0 8 8 0.00 0.00 0.00 0.00 1.00 0.00 0.00 44 255 1.00 0.00 0.02 0.07 0.00 0.00 0.00 0.00
1 0 309 2576 0 0 0 0 0 0 0 0 0 0 0 0 2 2 0.00 0.00 0.00 0.00 1.00 0.00 0.00 54 255 1.00 0.00 0.02 0.07 0.00 0.00 0.00 0.00
1 0 329 2576 0 0 0 0 0 0 0 0 0 0 0 0 2 5 0.00 0.00 0.00 0.00 1.00 0.00 0.40 64 255 1.00 0.00 0.02 0.07 0.00 0.00 0.00 0.00
1 0 301 1081 0 0 0 0 0 0 0 0 0 0 0 0 2 2 0.00 0.00 0.00 0.00 1.00 0.00 0.00 74 255 1.00 0.00 0.01 0.06 0.00 0.00 0.00 0.00
1 0 309 2431 0 0 0 0 0 0 0 0 0 0 0 0 2 3 0.00 0.00 0.00 0.00 1.00 0.00 0.67 84 255 1.00 0.00 0.01 0.06 0.00 0.00 0.00 0.00
1 0 288 1081 0 0 0 0 0 0 0 0 0 0 0 0 2 3 0.00 0.00 0.00 0.00 1.00 0.00 0.67 94 255 1.00 0.00 0.01 0.06 0.00 0.00 0.00 0.00
1 0 309 2576 0 0 0 0 0 0 0 0 0 0 0 0 6 6 0.00 0.00 0.00 0.00 1.00 0.00 0.00 104 255 1.00 0.00 0.01 0.05 0.00 0.00 0.00 0.00
1 0 329 2431 0 0 0 0 0 0 0 0 0 0 0 0 6 6 0.00 0.00 0.00 0.00 1.00 0.00 0.00 114 255 1.00 0.00 0.01 0.05 0.00 0.00 0.00 0.00
1 0 301 2431 0 0 0 0 0 0 0 0 0 0 0 0 6 6 0.00 0.00 0.00 0.00 1.00 0.00 0.00 124 255 1.00 0.00 0.01 0.05 0.00 0.00 0.00 0.00
1 0 309 2576 0 0 0 0 0 0 0 0 0 0 0 0 6 6 0.00 0.00 0.00 0.00 1.00 0.00 0.00 134 255 1.00 0.00 0.01 0.04 0.00 0.00 0.00 0.00
1 0 320 2361 0 0 0 0 0 0 0 0 0 0 0 0 3 13 0.00 0.00 0.00 0.00 1.00 0.00 0.15 3 255 1.00 0.00 0.33 0.05 0.00 0.00 0.00 0.00
1 0 169 4322 0 0 0 0 0 0 0 0 0 0 0 0 1 1 0.00 0.00 0.00 0.00 1.00 0.00 0.00 13 255 1.00 0.00 0.08 0.05 0.00 0.00 0.00 0.00
1 0 304 2648 0 0 0 0 0 0 0 0 0 0 0 0 2 2 0.00 0.00 0.00 0.00 1.00 0.00 0.00 9 255 1.00 0.00 0.11 0.04 0.00 0.00 0.00 0.00
1 0 252 3727 0 0 0 0 0 0 0 0 0 0 0 0 5 5 0.00 0.00 0.00 0.00 1.00 0.00 0.00 19 255 1.00 0.00 0.05 0.04 0.00 0.00 0.00 0.00
1 0 146 5037 0 0 0 0 0 0 0 0 0 0 0 0 1 1 0.00 0.00 0.00 0.00 1.00 0.00 0.00 29 255 1.00 0.00 0.03 0.04 0.00 0.00 0.00 0.00
1 0 216 2648 0 0 0 0 0 0 0 0 0 0 0 0 4 4 0.00 0.00 0.00 0.00 1.00 0.00 0.00 39 255 1.00 0.00 0.03 0.04 0.00 0.00 0.00 0.00
1 0 213 37236 0 0 0 0 0 0 0 0 0 0 0 0 7 7 0.00 0.00 0.00 0.00 1.00 0.00 0.00 49 255 1.00 0.00 0.02 0.04 0.00 0.00 0.00 0.00
1 0 188 452 0 0 0 0 0 0 0 0 0 0 0 0 2 3 0.00 0.00 0.00 0.00 1.00 0.00 0.67 3 255 1.00 0.00 0.33 0.04 0.00 0.00 0.00 0.00
1 0 204 1207 0 0 0 0 0 0 0 0 0 0 0 0 6 23 0.00 0.00 0.00 0.00 1.00 0.00 0.13 13 255 1.00 0.00 0.08 0.04 0.00 0.00 0.00 0.00
1 0 222 11740 0 0 0 0 0 0 0 0 0 0 0 0 6 8 0.00 0.00 0.00 0.00 1.00 0.00 0.38 23 255 1.00 0.00 0.04 0.04 0.00 0.00 0.00 0.00
1 0 318 476 0 0 0 0 0 0 0 0 0 0 0 0 1 2 0.00 0.00 0.00 0.00 1.00 0.00 1.00 33 255 1.00 0.00 0.03 0.03 0.00 0.00 0.00 0.00
1 0 271 4090 0 0 0 0 0 0 0 0 0 0 0 0 1 2 0.00 0.00 0.00 0.00 1.00 0.00 1.00 43 255 1.00 0.00 0.02 0.03 0.00 0.00 0.00 0.00
1 0 231 4288 0 0 0 0 0 0 0 0 0 0 0 0 9 31 0.00 0.00 0.00 0.00 1.00 0.00 0.16 9 255 1.00 0.00 0.11 0.03 0.00 0.00 0.00 0.00
1 0 291 1207 0 0 0 0 0 0 0 0 0 0 0 0 4 4 0.00 0.00 0.00 0.00 1.00 0.00 0.00 19 255 1.00 0.00 0.05 0.03 0.00 0.00 0.00 0.00
1 0 302 4288 0 0 0 0 0 0 0 0 0 0 0 0 14 17 0.00 0.00 0.00 0.00 1.00 0.00 0.24 29 255 1.00 0.00 0.03 0.03 0.00 0.00 0.00 0.00
1 0 223 6540 0 0 0 0 0 0 0 0 0 0 0 0 4 9 0.00 0.00 0.00 0.00 1.00 0.00 0.44 39 255 1.00 0.00 0.03 0.03 0.00 0.00 0.00 0.00
1 0 204 18279 0 0 0 0 0 0 0 0 0 0 0 0 1 1 0.00 0.00 0.00 0.00 1.00 0.00 0.00 49 255 1.00 0.00 0.02 0.03 0.00 0.00 0.00 0.00
1 0 237 1021 0 0 0 0 0 0 0 0 0 0 0 0 7 24 0.00 0.00 0.00 0.00 1.00 0.00 0.08 59 255 1.00 0.00 0.02 0.03 0.00 0.00 0.00 0.00
1 0 224 966 0 0 0 0 0 0 0 0 0 0 0 0 1 2 0.00 0.00 0.00 0.00 1.00 0.00 1.00 69 255 1.00 0.00 0.01 0.03 0.00 0.00 0.00 0.00
1 0 382 6496 0 0 0 0 0 0 0 0 0 0 0 0 1 37 0.00 0.00 0.00 0.00 1.00 0.00 0.16 1 255 1.00 0.00 1.00 0.03 0.00 0.00 0.00 0.00
1 0 454 3114 0 0 0 0 0 0 0 0 0 0 0 0 1 1 0.00 0.00 0.00 0.00 1.00 0.00 0.00 6 255 1.00 0.00 0.17 0.04 0.00 0.00 0.00 0.00
1 0 211 5885 0 0 0 0 0 0 0 0 0 0 0 0 1 1 0.00 0.00 0.00 0.00 1.00 0.00 0.00 1 255 1.00 0.00 1.00 0.06 0.00 0.00 0.00 0.00
1 0 274 1066 0 0 0 0 0 0 0 0 0 0 0 0 3 3 0.00 0.00 0.00 0.00 1.00 0.00 0.00 11 255 1.00 0.00 0.09 0.06 0.00 0.00 0.00 0.00
1 0 231 12561 0 0 0 0 0 0 0 0 0 0 0 0 5 5 0.00 0.00 0.00 0.00 1.00 0.00 0.00 21 255 1.00 0.00 0.05 0.06 0.00 0.00 0.00 0.00
1 0 204 334 0 0 0 0 0 0 0 0 0 0 0 0 7 7 0.00 0.00 0.00 0.00 1.00 0.00 0.00 7 255 1.00 0.00 0.14 0.06 0.00 0.00 0.00 0.00
1 0 197 980 0 0 0 0 0 0 0 0 0 0 0 0 4 4 0.00 0.00 0.00 0.00 1.00 0.00 0.00 17 255 1.00 0.00 0.06 0.06 0.00 0.00 0.00 0.00
1 0 231 13798 0 0 0 0 0 0 0 0 0 0 0 0 1 1 0.00 0.00 0.00 0.00 1.00 0.00 0.00 27 255 1.00 0.00 0.04 0.05 0.00 0.00 0.00 0.00
1 0 280 1288 0 0 0 0 0 0 0 0 0 0 0 0 11 11 0.00 0.00 0.00 0.00 1.00 0.00 0.00 37 255 1.00 0.00 0.03 0.05 0.00 0.00 0.00 0.00
1 0 318 634 0 0 0 0 0 0 0 0 0 0 0 0 8 8 0.00 0.00 0.00 0.00 1.00 0.00 0.00 47 255 1.00 0.00 0.02 0.05 0.00 0.00 0.00 0.00
1 0 323 5661 0 0 0 0 0 0 0 0 0 0 0 0 3 3 0.00 0.00 0.00 0.00 1.00 0.00 0.00 57 255 1.00 0.00 0.02 0.05 0.00 0.00 0.00 0.00
1 0 316 558 0 0 0 0 0 0 0 0 0 0 0 0 13 13 0.00 0.00 0.00 0.00 1.00 0.00 0.00 67 255 1.00 0.00 0.01 0.05 0.00 0.00 0.00 0.00
1 0 293 5683 0 0 0 0 0 0 0 0 0 0 0 0 9 9 0.00 0.00 0.00 0.00 1.00 0.00 0.00 77 255 1.00 0.00 0.01 0.05 0.00 0.00 0.00 0.00
1 0 282 8240 0 0 0 0 0 0 0 0 0 0 0 0 5 6 0.00 0.00 0.00 0.00 1.00 0.00 0.33 6 255 1.00 0.00 0.17 0.05 0.00 0.00 0.00 0.00
1 0 292 8240 0 0 0 0 0 0 0 0 0 0 0 0 15 16 0.00 0.00 0.00 0.00 1.00 0.00 0.12 16 255 1.00 0.00 0.06 0.05 0.00 0.00 0.00 0.00
1 0 211 1089 0 0 0 0 0 0 0 0 0 0 0 0 7 7 0.00 0.00 0.00 0.00 1.00 0.00 0.00 7 255 1.00 0.00 0.14 0.05 0.00 0.00 0.00 0.00
1 0 270 1985 0 0 0 0 0 0 0 0 0 0 0 0 4 4 0.00 0.00 0.00 0.00 1.00 0.00 0.00 17 255 1.00 0.00 0.06 0.05 0.00 0.00 0.00 0.00
1 0 292 2565 0 0 0 0 0 0 0 0 0 0 0 0 4 4 0.00 0.00 0.00 0.00 1.00 0.00 0.00 27 255 1.00 0.00 0.04 0.05 0.00 0.00 0.00 0.00
1 0 333 1354 0 0 0 0 0 0 0 0 0 0 0 0 5 5 0.00 0.00 0.00 0.00 1.00 0.00 0.00 37 255 1.00 0.00 0.03 0.05 0.00 0.00 0.00 0.00
1 0 386 1196 0 0 0 0 0 0 0 0 0 0 0 0 2 2 0.00 0.00 0.00 0.00 1.00 0.00 0.00 47 255 1.00 0.00 0.02 0.05 0.00 0.00 0.00 0.00
1 0 405 1811 0 0 0 0 0 0 0 0 0 0 0 0 2 2 0.00 0.00 0.00 0.00 1.00 0.00 0.00 57 255 1.00 0.00 0.02 0.05 0.00 0.00 0.00 0.00
1 0 282 1097 0 0 0 0 0 0 0 0 0 0 0 0 3 3 0.00 0.00 0.00 0.00 1.00 0.00 0.00 3 255 1.00 0.00 0.33 0.05 0.00 0.00 0.00 0.00
1 0 283 1410 0 0 0 0 0 0 0 0 0 0 0 0 13 13 0.00 0.00 0.00 0.00 1.00 0.00 0.00 13 255 1.00 0.00 0.08 0.05 0.00 0.00 0.00 0.00
1 0 290 7318 0 0 0 0 0 0 0 0 0 0 0 0 5 5 0.00 0.00 0.00 0.00 1.00 0.00 0.00 23 255 1.00 0.00 0.04 0.05 0.00 0.00 0.00 0.00
1 0 258 15495 0 0 0 0 0 0 0 0 0 0 0 0 2 3 0.00 0.00 0.00 0.00 1.00 0.00 0.67 7 255 1.00 0.00 0.14 0.05 0.00 0.00 0.00 0.00
1 0 334 1665 0 0 0 0 0 0 0 0 0 0 0 0 8 8 0.00 0.00 0.00 0.00 1.00 0.00 0.00 8 255 1.00 0.00 0.12 0.06 0.00 0.00 0.00 0.00
1 0 333 259 0 0 0 0 0 0 0 0 0 0 0 0 3 4 0.00 0.00 0.00 0.00 1.00 0.00 0.50 18 255 1.00 0.00 0.06 0.05 0.00 0.00 0.00 0.00
1 0 329 754 0 0 0 0 0 0 0 0 0 0 0 0 8 9 0.00 0.00 0.00 0.00 1.00 0.00 0.22 28 255 1.00 0.00 0.04 0.04 0.00 0.00 0.00 0.00
1 0 221 9710 0 0 0 0 0 0 0 0 0 0 0 0 3 4 0.00 0.00 0.00 0.00 1.00 0.00 0.50 6 255 1.00 0.00 0.17 0.03 0.00 0.00 0.00 0.00
1 0 334 10676 0 0 0 0 0 0 0 0 0 0 0 0 2 2 0.00 0.00 0.00 0.00 1.00 0.00 0.00 16 255 1.00 0.00 0.06 0.03 0.00 0.00 0.00 0.00
1 0 238 11487 0 0 0 0 0 0 0 0 0 0 0 0 1 3 0.00 0.00 0.00 0.00 1.00 0.00 0.67 2 255 1.00 0.00 0.50 0.03 0.00 0.00 0.00 0.00
1 0 339 5555 0 0 0 0 0 0 0 0 0 0 0 0 9 11 0.00 0.00 0.00 0.00 1.00 0.00 0.18 9 255 1.00 0.00 0.11 0.04 0.00 0.00 0.00 0.00
1 0 317 1058 0 0 0 0 0 0 0 0 0 0 0 0 19 20 0.00 0.00 0.00 0.00 1.00 0.00 0.10 19 255 1.00 0.00 0.05 0.04 0.00 0.00 0.00 0.00
1 0 331 471 0 0 0 0 0 0 0 0 0 0 0 0 3 3 0.00 0.00 0.00 0.00 1.00 0.00 0.00 29 255 1.00 0.00 0.03 0.04 0.00 0.00 0.00 0.00
1 0 339 477 0 0 0 0 0 0 0 0 0 0 0 0 13 14 0.00 0.00 0.00 0.00 1.00 0.00 0.14 39 255 1.00 0.00 0.03 0.04 0.00 0.00 0.00 0.00
1 0 376 6191 0 0 0 0 0 0 0 0 0 0 0 0 2 2 0.00 0.00 0.00 0.00 1.00 0.00 0.00 49 255 1.00 0.00 0.02 0.04 0.00 0.00 0.00 0.00
1 0 377 5741 0 0 0 0 0 0 0 0 0 0 0 0 2 2 0.00 0.00 0.00 0.00 1.00 0.00 0.00 59 255 1.00 0.00 0.02 0.04 0.00 0.00 0.00 0.00
1 0 373 7692 0 0 0 0 0 0 0 0 0 0 0 0 5 6 0.00 0.00 0.00 0.00 1.00 0.00 0.33 69 255 1.00 0.00 0.01 0.04 0.00 0.00 0.00 0.00
1 0 377 5741 0 0 0 0 0 0 0 0 0 0 0 0 2 2 0.00 0.00 0.00 0.00 1.00 0.00 0.00 79 255 1.00 0.00 0.01 0.03 0.00 0.00 0.00 0.00
1 0 326 580 0 0 0 0 0 0 0 0 0 0 0 0 5 5 0.00 0.00 0.00 0.00 1.00 0.00 0.00 5 255 1.00 0.00 0.20 0.04 0.00 0.00 0.00 0.00
1 0 320 613 0 0 0 0 0 0 0 0 0 0 0 0 15 15 0.00 0.00 0.00 0.00 1.00 0.00 0.00 15 255 1.00 0.00 0.07 0.03 0.00 0.00 0.00 0.00
1 0 237 5970 0 0 0 0 0 0 0 0 0 0 0 0 1 1 0.00 0.00 0.00 0.00 1.00 0.00 0.00 1 255 1.00 0.00 1.00 0.04 0.00 0.00 0.00 0.00
1 0 154 541 0 0 0 0 0 0 0 0 0 0 0 0 4 6 0.00 0.00 0.00 0.00 1.00 0.00 0.33 10 255 1.00 0.00 0.10 0.04 0.00 0.00 0.00 0.00
1 0 184 3766 0 0 0 0 0 0 0 0 0 0 0 0 8 8 0.00 0.00 0.00 0.00 1.00 0.00 0.00 8 255 1.00 0.00 0.12 0.04 0.00 0.00 0.00 0.00
1 0 189 7712 0 0 0 0 0 0 0 0 0 0 0 0 4 4 0.00 0.00 0.00 0.00 1.00 0.00 0.00 18 255 1.00 0.00 0.06 0.04 0.00 0.00 0.00 0.00
1 0 184 8633 0 0 0 0 0 0 0 0 0 0 0 0 4 4 0.00 0.00 0.00 0.00 1.00 0.00 0.00 28 255 1.00 0.00 0.04 0.04 0.00 0.00 0.00 0.00
1 0 182 3582 0 0 0 0 0 0 0 0 0 0 0 0 14 14 0.00 0.00 0.00 0.00 1.00 0.00 0.00 38 255 1.00 0.00 0.03 0.04 0.00 0.00 0.00 0.00
1 0 196 83009 0 0 0 0 0 0 0 0 0 0 0 0 3 3 0.00 0.00 0.00 0.00 1.00 0.00 0.00 48 255 1.00 0.00 0.02 0.04 0.00 0.00 0.00 0.00
1 0 202 8101 0 0 0 0 0 0 0 0 0 0 0 0 10 10 0.00 0.00 0.00 0.00 1.00 0.00 0.00 10 255 1.00 0.00 0.10 0.04 0.00 0.00 0.00 0.00
1 0 193 294 0 0 0 0 0 0 0 0 0 0 0 0 3 5 0.00 0.00 0.00 0.00 1.00 0.00 0.40 10 255 1.00 0.00 0.10 0.04 0.00 0.00 0.00 0.00
1 0 232 6850 0 0 0 0 0 0 0 0 0 0 0 0 2 2 0.00 0.00 0.00 0.00 1.00 0.00 0.00 20 255 1.00 0.00 0.05 0.04 0.00 0.00 0.00 0.00
1 10 188 122 0 0 0 0 0 0 0 0 0 0 0 0 3 8 0.00 0.00 0.00 0.00 1.00 0.00 0.25 6 255 1.00 0.00 0.17 0.04 0.00 0.00 0.00 0.00
1 0 211 2806 0 0 0 0 0 0 0 0 0 0 0 0 3 30 0.00 0.00 0.00 0.00 1.00 0.00 0.07 3 255 1.00 0.00 0.33 0.05 0.00 0.00 0.00 0.00
1 0 223 2806 0 0 0 0 0 0 0 0 0 0 0 0 2 2 0.00 0.00 0.00 0.00 1.00 0.00 0.00 13 255 1.00 0.00 0.08 0.04 0.00 0.00 0.00 0.00
1 0 221 915 0 0 0 0 0 0 0 0 0 0 0 0 1 20 0.00 0.00 0.00 0.00 1.00 0.00 0.15 3 255 1.00 0.00 0.33 0.05 0.00 0.00 0.00 0.00
1 0 265 432 0 0 0 0 0 0 0 0 0 0 0 0 1 1 0.00 0.00 0.00 0.00 1.00 0.00 0.00 3 255 1.00 0.00 0.33 0.06 0.00 0.00 0.00 0.00
1 0 297 1785 0 0 0 0 0 0 0 0 0 0 0 0 3 4 0.00 0.00 0.00 0.00 1.00 0.00 0.50 5 255 1.00 0.00 0.20 0.06 0.00 0.00 0.00 0.00
1 0 309 1084 0 0 0 0 0 0 0 0 0 0 0 0 9 9 0.00 0.00 0.00 0.00 1.00 0.00 0.00 15 255 1.00 0.00 0.07 0.06 0.00 0.00 0.00 0.00
1 0 313 2952 0 0 0 0 0 0 0 0 0 0 0 0 8 8 0.00 0.00 0.00 0.00 1.00 0.00 0.00 25 255 1.00 0.00 0.04 0.06 0.00 0.00 0.00 0.00
1 0 204 2654 0 0 0 0 0 0 0 0 0 0 0 0 1 3 0.00 0.00 0.00 0.00 1.00 0.00 1.00 35 255 1.00 0.00 0.03 0.06 0.00 0.00 0.00 0.00
1 0 222 430 0 0 0 0 0 0 0 0 0 0 0 0 5 6 0.00 0.00 0.00 0.00 1.00 0.00 0.33 45 255 1.00 0.00 0.02 0.06 0.00 0.00 0.00 0.00
1 0 229 614 0 0 0 0 0 0 0 0 0 0 0 0 4 4 0.00 0.00 0.00 0.00 1.00 0.00 0.00 55 255 1.00 0.00 0.02 0.06 0.00 0.00 0.00 0.00
1 0 165 299 0 0 0 0 0 0 0 0 0 0 0 0 14 14 0.00 0.00 0.00 0.00 1.00 0.00 0.00 65 255 1.00 0.00 0.02 0.06 0.00 0.00 0.00 0.00
1 0 220 3372 0 0 0 0 0 0 0 0 0 0 0 0 4 4 0.00 0.00 0.00 0.00 1.00 0.00 0.00 7 255 1.00 0.00 0.14 0.06 0.00 0.00 0.00 0.00
1 0 226 11024 0 0 0 0 0 0 0 0 0 0 0 0 7 7 0.00 0.00 0.00 0.00 1.00 0.00 0.00 7 255 1.00 0.00 0.14 0.06 0.00 0.00 0.00 0.00
1 0 232 1956 0 0 0 0 0 0 0 0 0 0 0 0 4 4 0.00 0.00 0.00 0.00 1.00 0.00 0.00 17 255 1.00 0.00 0.06 0.06 0.00 0.00 0.00 0.00
1 0 232 1925 0 0 0 0 0 0 0 0 0 0 0 0 14 14 0.00 0.00 0.00 0.00 1.00 0.00 0.00 27 255 1.00 0.00 0.04 0.06 0.00 0.00 0.00 0.00
1 0 232 6641 0 0 0 0 0 0 0 0 0 0 0 0 5 27 0.00 0.00 0.00 0.00 1.00 0.00 0.07 37 255 1.00 0.00 0.03 0.05 0.00 0.00 0.00 0.00
1 0 241 1985 0 0 0 0 0 0 0 0 0 0 0 0 15 37 0.00 0.00 0.00 0.00 1.00 0.00 0.05 47 255 1.00 0.00 0.02 0.05 0.00 0.00 0.00 0.00
1 0 321 1940 0 0 0 0 0 0 0 0 0 0 0 0 9 9 0.00 0.00 0.00 0.00 1.00 0.00 0.00 9 255 1.00 0.00 0.11 0.05 0.00 0.00 0.00 0.00
1 0 324 6484 0 0 0 0 0 0 0 0 0 0 0 0 19 19 0.00 0.00 0.00 0.00 1.00 0.00 0.00 19 255 1.00 0.00 0.05 0.05 0.00 0.00 0.00 0.00
1 0 337 3791 0 0 0 0 0 0 0 0 0 0 0 0 10 10 0.00 0.00 0.00 0.00 1.00 0.00 0.00 29 255 1.00 0.00 0.03 0.05 0.00 0.00 0.00 0.00
1 0 331 8638 0 0 0 0 0 0 0 0 0 0 0 0 6 6 0.00 0.00 0.00 0.00 1.00 0.00 0.00 39 255 1.00 0.00 0.03 0.05 0.00 0.00 0.00 0.00
1 0 206 987 0 0 0 0 0 0 0 0 0 0 0 0 2 2 0.00 0.00 0.00 0.00 1.00 0.00 0.00 2 255 1.00 0.00 0.50 0.05 0.00 0.00 0.00 0.00
1 0 278 22106 0 0 0 0 0 0 0 0 0 0 0 0 2 2 0.00 0.00 0.00 0.00 1.00 0.00 0.00 12 255 1.00 0.00 0.08 0.05 0.08 0.00 0.00 0.00
1 0 282 3336 0 0 0 0 0 0 0 0 0 0 0 0 2 2 0.00 0.00 0.00 0.00 1.00 0.00 0.00 22 255 1.00 0.00 0.05 0.05 0.05 0.00 0.00 0.00
1 0 215 4408 0 0 0 0 0 0 0 0 0 0 0 0 2 2 0.00 0.00 0.00 0.00 1.00 0.00 0.00 2 255 1.00 0.00 0.50 0.05 0.00 0.00 0.00 0.00
1 0 222 3777 0 0 0 0 0 0 0 0 0 0 0 0 6 7 0.00 0.00 0.00 0.00 1.00 0.00 0.29 8 255 1.00 0.00 0.12 0.05 0.00 0.00 0.00 0.00
1 0 222 16404 0 0 0 0 0 0 0 0 0 0 0 0 16 33 0.00 0.00 0.00 0.00 1.00 0.00 0.06 18 255 1.00 0.00 0.06 0.05 0.00 0.00 0.00 0.00
1 0 289 2920 0 0 0 0 0 0 0 0 0 0 0 0 10 14 0.00 0.00 0.00 0.00 1.00 0.00 0.14 10 255 1.00 0.00 0.10 0.05 0.00 0.00 0.00 0.00
1 0 197 1691 0 0 0 0 0 0 0 0 0 0 0 0 5 5 0.00 0.00 0.00 0.00 1.00 0.00 0.00 5 255 1.00 0.00 0.20 0.05 0.00 0.00 0.00 0.00
1 0 197 2771 0 0 0 0 0 0 0 0 0 0 0 0 15 15 0.00 0.00 0.00 0.00 1.00 0.00 0.00 15 255 1.00 0.00 0.07 0.04 0.00 0.00 0.00 0.00
1 0 235 3586 0 0 0 0 0 0 0 0 0 0 0 0 10 10 0.00 0.00 0.00 0.00 1.00 0.00 0.00 25 255 1.00 0.00 0.04 0.04 0.00 0.00 0.00 0.00
1 0 299 1305 0 0 0 0 0 0 0 0 0 0 0 0 5 6 0.00 0.00 0.00 0.00 1.00 0.00 0.33 5 255 1.00 0.00 0.20 0.04 0.00 0.00 0.00 0.00
1 0 315 968 0 0 0 0 0 0 0 0 0 0 0 0 4 4 0.00 0.00 0.00 0.00 1.00 0.00 0.00 15 255 1.00 0.00 0.07 0.04 0.00 0.00 0.00 0.00
1 0 311 3128 0 0 0 0 0 0 0 0 0 0 0 0 5 5 0.00 0.00 0.00 0.00 1.00 0.00 0.00 8 255 1.00 0.00 0.12 0.04 0.00 0.00 0.00 0.00
1 0 300 1581 0 0 0 0 0 0 0 0 0 0 0 0 15 15 0.00 0.00 0.00 0.00 1.00 0.00 0.00 18 255 1.00 0.00 0.06 0.04 0.00 0.00 0.00 0.00
1 0 225 22881 0 0 0 0 0 0 0 0 0 0 0 0 1 1 0.00 0.00 0.00 0.00 1.00 0.00 0.00 1 255 1.00 0.00 1.00 0.05 0.00 0.00 0.00 0.00
1 0 283 1236 0 0 0 0 0 0 0 0 0 0 0 0 9 12 0.00 0.00 0.00 0.00 1.00 0.00 0.17 9 255 1.00 0.00 0.11 0.05 0.00 0.00 0.00 0.00
1 0 282 2318 0 0 0 0 0 0 0 0 0 0 0 0 19 22 0.00 0.00 0.00 0.00 1.00 0.00 0.09 19 255 1.00 0.00 0.05 0.04 0.00 0.00 0.00 0.00
1 0 283 4221 0 0 0 0 0 0 0 0 0 0 0 0 29 32 0.00 0.00 0.00 0.00 1.00 0.00 0.06 29 255 1.00 0.00 0.03 0.04 0.00 0.00 0.00 0.00
1 0 284 914 0 0 0 0 0 0 0 0 0 0 0 0 9 28 0.00 0.00 0.00 0.00 1.00 0.00 0.07 39 255 1.00 0.00 0.03 0.04 0.00 0.00 0.00 0.00
1 0 283 4770 0 0 0 0 0 0 0 0 0 0 0 0 19 47 0.00 0.00 0.00 0.00 1.00 0.00 0.04 49 255 1.00 0.00 0.02 0.04 0.00 0.00 0.00 0.00
1 0 285 2783 0 0 0 0 0 0 0 0 0 0 0 0 29 57 0.00 0.00 0.00 0.00 1.00 0.00 0.04 59 255 1.00 0.00 0.02 0.04 0.00 0.00 0.00 0.00
1 0 325 2434 0 0 0 0 0 0 0 0 0 0 0 0 9 9 0.00 0.00 0.00 0.00 1.00 0.00 0.00 69 255 1.00 0.00 0.01 0.04 0.00 0.00 0.00 0.00
1 0 308 1410 0 0 0 0 0 0 0 0 0 0 0 0 19 19 0.00 0.00 0.00 0.00 1.00 0.00 0.00 79 255 1.00 0.00 0.01 0.04 0.00 0.00 0.00 0.00
1 0 314 9987 0 0 0 0 0 0 0 0 0 0 0 0 29 29 0.00 0.00 0.00 0.00 1.00 0.00 0.00 89 255 1.00 0.00 0.01 0.04 0.00 0.00 0.00 0.00
1 0 282 684 0 0 0 0 0 0 0 0 0 0 0 0 7 7 0.00 0.00 0.00 0.00 1.00 0.00 0.00 99 255 1.00 0.00 0.01 0.04 0.00 0.00 0.00 0.00
1 0 283 4770 0 0 0 0 0 0 0 0 0 0 0 0 17 17 0.00 0.00 0.00 0.00 1.00 0.00 0.00 109 255 1.00 0.00 0.01 0.04 0.00 0.00 0.00 0.00
1 0 283 1084 0 0 0 0 0 0 0 0 0 0 0 0 27 27 0.00 0.00 0.00 0.00 1.00 0.00 0.00 119 255 1.00 0.00 0.01 0.04 0.00 0.00 0.00 0.00
1 0 200 7908 0 0 0 0 0 0 0 0 0 0 0 0 7 7 0.00 0.00 0.00 0.00 1.00 0.00 0.00 129 255 1.00 0.00 0.01 0.04 0.00 0.00 0.00 0.00
1 0 200 18214 0 0 0 0 0 0 0 0 0 0 0 0 17 17 0.00 0.00 0.00 0.00 1.00 0.00 0.00 139 255 1.00 0.00 0.01 0.04 0.00 0.00 0.00 0.00
1 0 199 1056 0 0 0 0 0 0 0 0 0 0 0 0 27 27 0.00 0.00 0.00 0.00 1.00 0.00 0.00 149 255 1.00 0.00 0.01 0.03 0.00 0.00 0.00 0.00
1 0 210 515 0 0 0 0 0 0 0 0 0 0 0 0 7 7 0.00 0.00 0.00 0.00 1.00 0.00 0.00 159 255 1.00 0.00 0.01 0.03 0.00 0.00 0.00 0.00
1 0 230 5261 0 0 0 0 0 0 0 0 0 0 0 0 17 17 0.00 0.00 0.00 0.00 1.00 0.00 0.00 169 255 1.00 0.00 0.01 0.02 0.00 0.00 0.00 0.00
1 0 218 1041 0 0 0 0 0 0 0 0 0 0 0 0 27 28 0.00 0.00 0.00 0.00 1.00 0.00 0.07 179 255 1.00 0.00 0.01 0.02 0.00 0.00 0.00 0.00
1 0 231 12537 0 0 0 0 0 0 0 0 0 0 0 0 1 7 0.00 0.00 0.00 0.00 1.00 0.00 0.43 1 255 1.00 0.00 1.00 0.03 0.00 0.00 0.00 0.00
1 0 264 4256 0 0 0 0 0 0 0 0 0 0 0 0 8 26 0.00 0.00 0.00 0.00 1.00 0.00 0.12 11 255 1.00 0.00 0.09 0.03 0.00 0.00 0.00 0.00
1 0 255 3324 0 0 0 0 0 0 0 0 0 0 0 0 9 9 0.00 0.00 0.00 0.00 1.00 0.00 0.00 21 255 1.00 0.00 0.05 0.02 0.00 0.00 0.00 0.00
1 0 255 3324 0 0 0 0 0 0 0 0 0 0 0 0 9 9 0.00 0.00 0.00 0.00 1.00 0.00 0.00 31 255 1.00 0.00 0.03 0.02 0.00 0.00 0.00 0.00
1 0 194 1276 0 0 0 0 0 0 0 0 0 0 0 0 2 2 0.00 0.00 0.00 0.00 1.00 0.00 0.00 6 255 1.00 0.00 0.17 0.02 0.00 0.00 0.00 0.00
1 0 196 8626 0 0 0 0 0 0 0 0 0 0 0 0 12 12 0.00 0.00 0.00 0.00 1.00 0.00 0.00 16 255 1.00 0.00 0.06 0.02 0.00 0.00 0.00 0.00
1 0 240 2833 0 0 0 0 0 0 0 0 0 0 0 0 2 13 0.00 0.00 0.00 0.00 1.00 0.00 0.23 26 255 1.00 0.00 0.04 0.02 0.00 0.00 0.00 0.00
1 0 192 1533 0 0 0 0 0 0 0 0 0 0 0 0 6 8 0.00 0.00 0.00 0.00 1.00 0.00 0.25 36 255 1.00 0.00 0.03 0.02 0.00 0.00 0.00 0.00
1 0 193 1560 0 0 0 0 0 0 0 0 0 0 0 0 16 22 0.00 0.00 0.00 0.00 1.00 0.00 0.09 46 255 1.00 0.00 0.02 0.02 0.00 0.00 0.00 0.00
1 0 248 7345 0 0 0 0 0 0 0 0 0 0 0 0 1 10 0.00 0.00 0.00 0.00 1.00 0.00 0.40 4 255 1.00 0.00 0.25 0.02 0.00 0.00 0.00 0.00
1 0 337 256 0 0 0 0 0 0 0 0 0 0 0 0 1 5 0.00 0.00 0.00 0.00 1.00 0.00 0.40 8 255 1.00 0.00 0.12 0.02 0.00 0.00 0.00 0.00
1 0 310 1582 0 0 0 0 0 0 0 0 0 0 0 0 7 7 0.00 0.00 0.00 0.00 1.00 0.00 0.00 7 255 1.00 0.00 0.14 0.03 0.00 0.00 0.00 0.00
1 0 317 3506 0 0 0 0 0 0 0 0 0 0 0 0 2 16 0.00 0.00 0.00 0.00 1.00 0.00 0.19 17 255 1.00 0.00 0.06 0.03 0.00 0.00 0.00 0.00
1 0 284 2253 0 0 0 0 0 0 0 0 0 0 0 0 4 5 0.00 0.00 0.00 0.00 1.00 0.00 0.40 27 255 1.00 0.00 0.04 0.03 0.00 0.00 0.00 0.00
1 0 283 5595 0 0 0 0 0 0 0 0 0 0 0 0 14 14 0.00 0.00 0.00 0.00 1.00 0.00 0.00 37 255 1.00 0.00 0.03 0.03 0.00 0.00 0.00 0.00
1 0 267 6927 0 0 0 0 0 0 0 0 0 0 0 0 1 1 0.00 0.00 0.00 0.00 1.00 0.00 0.00 1 255 1.00 0.00 1.00 0.03 0.00 0.00 0.00 0.00
1 0 291 28344 0 0 0 0 0 0 0 0 0 0 0 0 11 11 0.00 0.00 0.00 0.00 1.00 0.00 0.00 11 255 1.00 0.00 0.09 0.03 0.00 0.00 0.00 0.00
1 0 342 2263 0 0 0 0 0 0 0 0 0 0 0 0 21 21 0.00 0.00 0.00 0.00 1.00 0.00 0.00 21 255 1.00 0.00 0.05 0.03 0.00 0.00 0.00 0.00
1 0 322 337 0 0 0 0 0 0 0 0 0 0 0 0 1 19 0.00 0.00 0.00 0.00 1.00 0.00 0.11 3 255 1.00 0.00 0.33 0.04 0.00 0.00 0.00 0.00
1 0 147 4665 0 0 0 0 0 0 0 0 0 0 0 0 2 4 0.00 0.00 0.00 0.00 1.00 0.00 0.50 2 255 1.00 0.00 0.50 0.05 0.00 0.00 0.00 0.00
1 0 202 6222 0 0 0 0 0 0 0 0 0 0 0 0 6 7 0.00 0.00 0.00 0.00 1.00 0.00 0.29 6 255 1.00 0.00 0.17 0.05 0.00 0.00 0.00 0.00
1 0 286 937 0 0 0 0 0 0 0 0 0 0 0 0 4 4 0.00 0.00 0.00 0.00 1.00 0.00 0.00 4 255 1.00 0.00 0.25 0.05 0.00 0.00 0.00 0.00
1 0 287 1278 0 0 0 0 0 0 0 0 0 0 0 0 14 14 0.00 0.00 0.00 0.00 1.00 0.00 0.00 14 255 1.00 0.00 0.07 0.05 0.00 0.00 0.00 0.00
1 0 200 937 0 0 0 0 0 0 0 0 0 0 0 0 7 7 0.00 0.00 0.00 0.00 1.00 0.00 0.00 24 255 1.00 0.00 0.04 0.05 0.00 0.00 0.00 0.00
1 0 224 340 0 0 0 0 0 0 0 0 0 0 0 0 1 1 0.00 0.00 0.00 0.00 1.00 0.00 0.00 34 255 1.00 0.00 0.03 0.05 0.00 0.00 0.00 0.00
1 0 204 364 0 0 0 0 0 0 0 0 0 0 0 0 10 10 0.00 0.00 0.00 0.00 1.00 0.00 0.00 44 255 1.00 0.00 0.02 0.05 0.00 0.00 0.00 0.00
1 0 314 2085 0 0 0 0 0 0 0 0 0 0 0 0 3 3 0.00 0.00 0.00 0.00 1.00 0.00 0.00 3 255 1.00 0.00 0.33 0.05 0.00 0.00 0.00 0.00
1 0 319 2053 0 0 0 0 0 0 0 0 0 0 0 0 13 13 0.00 0.00 0.00 0.00 1.00 0.00 0.00 13 255 1.00 0.00 0.08 0.05 0.00 0.00 0.00 0.00
1 0 317 4497 0 0 0 0 0 0 0 0 0 0 0 0 23 23 0.00 0.00 0.00 0.00 1.00 0.00 0.00 23 255 1.00 0.00 0.04 0.05 0.00 0.00 0.00 0.00
1 0 316 32271 0 0 0 0 0 0 0 0 0 0 0 0 2 2 0.00 0.00 0.00 0.00 1.00 0.00 0.00 33 255 1.00 0.00 0.03 0.05 0.00 0.00 0.00 0.00
1 0 314 301 0 0 0 0 0 0 0 0 0 0 0 0 12 12 0.00 0.00 0.00 0.00 1.00 0.00 0.00 43 255 1.00 0.00 0.02 0.05 0.00 0.00 0.00 0.00
1 0 268 190 0 0 0 0 0 0 0 0 0 0 0 0 1 1 0.00 0.00 0.00 0.00 1.00 0.00 0.00 2 255 1.00 0.00 0.50 0.05 0.00 0.00 0.00 0.00
1 0 201 1474 0 0 0 0 0 0 0 0 0 0 0 0 6 6 0.00 0.00 0.00 0.00 1.00 0.00 0.00 6 255 1.00 0.00 0.17 0.06 0.00 0.00 0.00 0.00
1 0 143 13098 0 0 0 0 0 0 0 0 0 0 0 0 16 16 0.00 0.00 0.00 0.00 1.00 0.00 0.00 16 255 1.00 0.00 0.06 0.06 0.00 0.00 0.00 0.00
1 0 317 1618 0 0 0 0 0 0 0 0 0 0 0 0 8 8 0.00 0.00 0.00 0.00 1.00 0.00 0.00 26 255 1.00 0.00 0.04 0.06 0.00 0.00 0.00 0.00
1 0 308 295 0 0 0 0 0 0 0 0 0 0 0 0 18 18 0.00 0.00 0.00 0.00 1.00 0.00 0.00 36 255 1.00 0.00 0.03 0.05 0.00 0.00 0.00 0.00
1 0 147 3232 0 0 0 0 0 0 0 0 0 0 0 0 9 9 0.00 0.00 0.00 0.00 1.00 0.00 0.00 9 255 1.00 0.00 0.11 0.06 0.00 0.00 0.00 0.00
1 0 325 17030 0 0 0 0 0 0 0 0 0 0 0 0 1 1 0.00 0.00 0.00 0.00 1.00 0.00 0.00 1 255 1.00 0.00 1.00 0.06 0.00 0.00 0.00 0.00
1 0 208 1660 0 0 0 0 0 0 0 0 0 0 0 0 6 6 0.00 0.00 0.00 0.00 1.00 0.00 0.00 6 255 1.00 0.00 0.17 0.07 0.00 0.00 0.00 0.00
1 0 209 762 0 0 0 0 0 0 0 0 0 0 0 0 16 16 0.00 0.00 0.00 0.00 1.00 0.00 0.00 16 255 1.00 0.00 0.06 0.07 0.00 0.00 0.00 0.00
1 0 211 12922 0 0 0 0 0 0 0 0 0 0 0 0 26 26 0.00 0.00 0.00 0.00 1.00 0.00 0.00 26 255 1.00 0.00 0.04 0.07 0.00 0.00 0.00 0.00
1 0 232 31603 0 0 0 0 0 0 0 0 0 0 0 0 3 29 0.00 0.00 0.00 0.00 1.00 0.00 0.07 36 255 1.00 0.00 0.03 0.07 0.00 0.00 0.00 0.00
1 0 297 1856 0 0 0 0 0 0 0 0 0 0 0 0 13 39 0.00 0.00 0.00 0.00 1.00 0.00 0.05 46 255 1.00 0.00 0.02 0.07 0.00 0.00 0.00 0.00
1 0 296 354 0 0 0 0 0 0 0 0 0 0 0 0 23 30 0.00 0.00 0.00 0.00 1.00 0.00 0.07 56 255 1.00 0.00 0.02 0.07 0.00 0.00 0.00 0.00
1 0 301 882 0 0 0 0 0 0 0 0 0 0 0 0 33 40 0.00 0.00 0.00 0.00 1.00 0.00 0.05 66 255 1.00 0.00 0.02 0.06 0.00 0.00 0.00 0.00
1 0 244 21113 0 0 0 0 0 0 0 0 0 0 0 0 1 1 0.00 0.00 0.00 0.00 1.00 0.00 0.00 76 255 1.00 0.00 0.01 0.05 0.00 0.00 0.00 0.00
1 0 314 5790 0 0 0 0 0 0 0 0 0 0 0 0 2 2 0.00 0.00 0.00 0.00 1.00 0.00 0.00 86 255 1.00 0.00 0.01 0.05 0.00 0.00 0.00 0.00
1 0 321 12922 0 0 0 0 0 0 0 0 0 0 0 0 12 15 0.00 0.00 0.00 0.00 1.00 0.00 0.13 96 255 1.00 0.00 0.01 0.05 0.00 0.00 0.00 0.00
1 0 219 2904 0 0 0 0 0 0 0 0 0 0 0 0 9 9 0.00 0.00 0.00 0.00 1.00 0.00 0.00 106 255 1.00 0.00 0.01 0.05 0.00 0.00 0.00 0.00
1 0 213 882 0 0 0 0 0 0 0 0 0 0 0 0 19 19 0.00 0.00 0.00 0.00 1.00 0.00 0.00 116 255 1.00 0.00 0.01 0.05 0.00 0.00 0.00 0.00
1 0 214 1491 0 0 0 0 0 0 0 0 0 0 0 0 29 29 0.00 0.00 0.00 0.00 1.00 0.00 0.00 126 255 1.00 0.00 0.01 0.05 0.00 0.00 0.00 0.00
1 0 221 1856 0 0 0 0 0 0 0 0 0 0 0 0 6 6 0.00 0.00 0.00 0.00 1.00 0.00 0.00 136 255 1.00 0.00 0.01 0.05 0.00 0.00 0.00 0.00
1 0 221 1856 0 0 0 0 0 0 0 0 0 0 0 0 7 19 0.00 0.00 0.00 0.00 1.00 0.00 0.16 146 255 1.00 0.00 0.01 0.04 0.00 0.00 0.00 0.00
1 0 226 5790 0 0 0 0 0 0 0 0 0 0 0 0 10 14 0.00 0.00 0.00 0.00 1.00 0.00 0.14 156 255 1.00 0.00 0.01 0.04 0.00 0.00 0.00 0.00
1 0 190 622 0 0 0 0 0 0 0 0 0 0 0 0 5 5 0.00 0.00 0.00 0.00 1.00 0.00 0.00 5 255 1.00 0.00 0.20 0.05 0.00 0.00 0.00 0.00
1 0 200 337 0 0 0 0 0 0 0 0 0 0 0 0 15 15 0.00 0.00 0.00 0.00 1.00 0.00 0.00 15 255 1.00 0.00 0.07 0.05 0.00 0.00 0.00 0.00
1 0 199 788 0 0 0 0 0 0 0 0 0 0 0 0 25 25 0.00 0.00 0.00 0.00 1.00 0.00 0.00 25 255 1.00 0.00 0.04 0.05 0.00 0.00 0.00 0.00
1 0 182 24929 0 0 0 0 0 0 0 0 0 0 0 0 2 3 0.00 0.00 0.00 0.00 1.00 0.00 0.67 35 255 1.00 0.00 0.03 0.03 0.00 0.00 0.00 0.00
1 0 245 6534 0 0 0 0 0 0 0 0 0 0 0 0 12 12 0.00 0.00 0.00 0.00 1.00 0.00 0.00 45 255 1.00 0.00 0.02 0.03 0.00 0.00 0.00 0.00
1 0 245 3876 0 0 0 0 0 0 0 0 0 0 0 0 6 14 0.00 0.00 0.00 0.00 1.00 0.00 0.21 55 255 1.00 0.00 0.02 0.03 0.00 0.00 0.00 0.00
1 0 289 1660 0 0 0 0 0 0 0 0 0 0 0 0 1 5 0.00 0.00 0.00 0.00 1.00 0.00 0.40 65 255 1.00 0.00 0.02 0.03 0.00 0.00 0.00 0.00
1 0 301 3276 0 0 0 0 0 0 0 0 0 0 0 0 11 16 0.00 0.00 0.00 0.00 1.00 0.00 0.19 75 255 1.00 0.00 0.01 0.02 0.00 0.00 0.00 0.00
1 0 295 946 0 0 0 0 0 0 0 0 0 0 0 0 21 29 0.00 0.00 0.00 0.00 1.00 0.00 0.10 85 255 1.00 0.00 0.01 0.02 0.00 0.00 0.00 0.00
1 0 293 13599 0 0 0 0 0 0 0 0 0 0 0 0 31 39 0.00 0.00 0.00 0.00 1.00 0.00 0.08 95 255 1.00 0.00 0.01 0.01 0.00 0.00 0.00 0.00
1 0 284 659 0 0 0 0 0 0 0 0 0 0 0 0 8 8 0.00 0.00 0.00 0.00 1.00 0.00 0.00 105 255 1.00 0.00 0.01 0.01 0.00 0.00 0.00 0.00
1 0 291 882 0 0 0 0 0 0 0 0 0 0 0 0 18 18 0.00 0.00 0.00 0.00 1.00 0.00 0.00 115 255 1.00 0.00 0.01 0.01 0.00 0.00 0.00 0.00
1 0 286 337 0 0 0 0 0 0 0 0 0 0 0 0 28 28 0.00 0.00 0.00 0.00 1.00 0.00 0.00 125 255 1.00 0.00 0.01 0.01 0.00 0.00 0.00 0.00
1 0 296 659 0 0 0 0 0 0 0 0 0 0 0 0 5 5 0.00 0.00 0.00 0.00 1.00 0.00 0.00 135 255 1.00 0.00 0.01 0.01 0.00 0.00 0.00 0.00
1 0 346 11327 0 0 0 0 0 0 0 0 0 0 0 0 15 15 0.00 0.00 0.00 0.00 1.00 0.00 0.00 145 255 1.00 0.00 0.01 0.01 0.00 0.00 0.00 0.00
1 0 302 788 0 0 0 0 0 0 0 0 0 0 0 0 2 3 0.00 0.00 0.00 0.00 1.00 0.00 0.67 155 255 1.00 0.00 0.01 0.01 0.00 0.00 0.00 0.00
1 0 303 337 0 0 0 0 0 0 0 0 0 0 0 0 12 13 0.00 0.00 0.00 0.00 1.00 0.00 0.15 165 255 1.00 0.00 0.01 0.01 0.00 0.00 0.00 0.00
1 0 309 4988 0 0 0 0 0 0 0 0 0 0 0 0 22 24 0.00 0.00 0.00 0.00 1.00 0.00 0.12 175 255 1.00 0.00 0.01 0.01 0.00 0.00 0.00 0.00
1 0 373 1016 0 0 0 0 0 0 0 0 0 0 0 0 32 34 0.00 0.00 0.00 0.00 1.00 0.00 0.09 185 255 1.00 0.00 0.01 0.01 0.00 0.00 0.00 0.00
1 0 301 1792 0 0 0 0 0 0 0 0 0 0 0 0 4 4 0.00 0.00 0.00 0.00 1.00 0.00 0.00 195 255 1.00 0.00 0.01 0.01 0.00 0.00 0.00 0.00
1 0 298 354 0 0 0 0 0 0 0 0 0 0 0 0 14 17 0.00 0.00 0.00 0.00 1.00 0.00 0.12 205 255 1.00 0.00 0.00 0.01 0.00 0.00 0.00 0.00
1 0 247 22773 0 0 0 0 0 0 0 0 0 0 0 0 14 27 0.00 0.00 0.00 0.00 1.00 0.00 0.07 215 255 1.00 0.00 0.00 0.01 0.00 0.00 0.00 0.00
1 0 310 6534 0 0 0 0 0 0 0 0 0 0 0 0 11 11 0.00 0.00 0.00 0.00 1.00 0.00 0.00 225 255 1.00 0.00 0.00 0.01 0.00 0.00 0.00 0.00
1 0 293 946 0 0 0 0 0 0 0 0 0 0 0 0 21 21 0.00 0.00 0.00 0.00 1.00 0.00 0.00 235 255 1.00 0.00 0.00 0.01 0.00 0.00 0.00 0.00
1 0 292 1491 0 0 0 0 0 0 0 0 0 0 0 0 31 31 0.00 0.00 0.00 0.00 1.00 0.00 0.00 245 255 1.00 0.00 0.00 0.01 0.00 0.00 0.00 0.00
1 0 284 810 0 0 0 0 0 0 0 0 0 0 0 0 40 40 0.00 0.00 0.00 0.00 1.00 0.00 0.00 255 255 1.00 0.00 0.00 0.00 0.00 0.00 0.00 0.00
1 0 320 622 0 0 0 0 0 0 0 0 0 0 0 0 14 14 0.07 0.07 0.00 0.00 1.00 0.00 0.00 255 255 1.00 0.00 0.00 0.00 0.00 0.00 0.00 0.00
1 0 333 6534 0 0 0 0 0 0 0 0 0 0 0 0 24 25 0.04 0.04 0.00 0.00 1.00 0.00 0.08 255 255 1.00 0.00 0.00 0.00 0.00 0.00 0.00 0.00
1 0 245 3876 0 0 0 0 0 0 0 0 0 0 0 0 9 10 0.00 0.00 0.00 0.00 1.00 0.00 0.20 255 255 1.00 0.00 0.00 0.00 0.00 0.00 0.00 0.00
1 0 208 659 0 0 0 0 0 0 0 0 0 0 0 0 4 4 0.00 0.00 0.00 0.00 1.00 0.00 0.00 255 255 1.00 0.00 0.00 0.00 0.00 0.00 0.00 0.00
1 0 200 622 0 0 0 0 0 0 0 0 0 0 0 0 14 14 0.00 0.00 0.00 0.00 1.00 0.00 0.00 255 255 1.00 0.00 0.00 0.00 0.00 0.00 0.00 0.00
1 0 221 2904 0 0 0 0 0 0 0 0 0 0 0 0 24 24 0.00 0.00 0.00 0.00 1.00 0.00 0.00 255 255 1.00 0.00 0.00 0.00 0.00 0.00 0.00 0.00
1 0 210 301 0 0 0 0 0 0 0 0 0 0 0 0 34 34 0.00 0.00 0.00 0.00 1.00 0.00 0.00 255 255 1.00 0.00 0.00 0.00 0.00 0.00 0.00 0.00
1 0 244 354 0 0 0 0 0 0 0 0 0 0 0 0 10 10 0.00 0.00 0.00 0.00 1.00 0.00 0.00 255 255 1.00 0.00 0.00 0.00 0.00 0.00 0.00 0.00
1 0 226 13599 0 0 0 0 0 0 0 0 0 0 0 0 4 4 0.00 0.00 0.00 0.00 1.00 0.00 0.00 255 255 1.00 0.00 0.00 0.00 0.00 0.00 0.00 0.00
1 0 214 6534 0 0 0 0 0 0 0 0 0 0 0 0 2 2 0.00 0.00 0.00 0.00 1.00 0.00 0.00 255 255 1.00 0.00 0.00 0.00 0.00 0.00 0.00 0.00
1 0 214 1320 0 0 0 0 0 0 0 0 0 0 0 0 12 12 0.00 0.00 0.00 0.00 1.00 0.00 0.00 255 255 1.00 0.00 0.00 0.00 0.00 0.00 0.00 0.00
1 0 210 788 0 0 0 0 0 0 0 0 0 0 0 0 22 22 0.00 0.00 0.00 0.00 1.00 0.00 0.00 255 255 1.00 0.00 0.00 0.00 0.00 0.00 0.00 0.00
1 0 232 354 0 0 0 0 0 0 0 0 0 0 0 0 4 4 0.00 0.00 0.00 0.00 1.00 0.00 0.00 255 255 1.00 0.00 0.00 0.00 0.00 0.00 0.00 0.00
1 0 326 6534 0 0 0 0 0 0 0 0 0 0 0 0 2 2 0.00 0.00 0.00 0.00 1.00 0.00 0.00 255 255 1.00 0.00 0.00 0.00 0.00 0.00 0.00 0.00
1 0 327 12922 0 0 0 0 0 0 0 0 0 0 0 0 12 13 0.00 0.00 0.00 0.00 1.00 0.00 0.15 255 255 1.00 0.00 0.00 0.00 0.00 0.00 0.00 0.00
1 0 361 1579 0 0 0 0 0 0 0 0 0 0 0 0 9 37 0.00 0.00 0.00 0.00 1.00 0.00 0.05 255 255 1.00 0.00 0.00 0.00 0.00 0.00 0.00 0.00
1 0 351 1309 0 0 0 0 0 0 0 0 0 0 0 0 19 47 0.00 0.00 0.00 0.00 1.00 0.00 0.04 255 255 1.00 0.00 0.00 0.00 0.00 0.00 0.00 0.00
1 0 278 16533 0 0 0 0 0 0 0 0 0 0 0 0 4 4 0.00 0.00 0.00 0.00 1.00 0.00 0.00 255 255 1.00 0.00 0.00 0.00 0.00 0.00 0.00 0.00
1 0 336 1758 0 0 0 0 0 0 0 0 0 0 0 0 3 7 0.00 0.00 0.00 0.00 1.00 0.00 0.29 255 255 1.00 0.00 0.00 0.00 0.00 0.00 0.00 0.00
1 0 262 24845 0 0 0 0 0 0 0 0 0 0 0 0 2 2 0.00 0.00 0.00 0.00 1.00 0.00 0.00 255 255 1.00 0.00 0.00 0.00 0.00 0.00 0.00 0.00
1 0 365 4580 0 0 0 0 0 0 0 0 0 0 0 0 12 12 0.00 0.00 0.00 0.00 1.00 0.00 0.00 255 255 1.00 0.00 0.00 0.00 0.00 0.00 0.00 0.00
1 0 347 1613 0 0 0 0 0 0 0 0 0 0 0 0 22 22 0.00 0.00 0.00 0.00 1.00 0.00 0.00 255 255 1.00 0.00 0.00 0.00 0.00 0.00 0.00 0.00
1 0 323 337 0 0 0 0 0 0 0 0 0 0 0 0 7 7 0.00 0.00 0.00 0.00 1.00 0.00 0.00 255 255 1.00 0.00 0.00 0.00 0.00 0.00 0.00 0.00
1 0 288 762 0 0 0 0 0 0 0 0 0 0 0 0 4 8 0.00 0.00 0.00 0.00 1.00 0.00 0.38 255 255 1.00 0.00 0.00 0.00 0.00 0.00 0.00 0.00
1 0 289 6534 0 0 0 0 0 0 0 0 0 0 0 0 14 18 0.00 0.00 0.00 0.00 1.00 0.00 0.17 255 255 1.00 0.00 0.00 0.00 0.00 0.00 0.00 0.00
1 0 287 1660 0 0 0 0 0 0 0 0 0 0 0 0 23 27 0.00 0.00 0.00 0.00 1.00 0.00 0.11 255 255 1.00 0.00 0.00 0.00 0.00 0.00 0.00 0.00
1 0 284 810 0 0 0 0 0 0 0 0 0 0 0 0 33 33 0.00 0.00 0.00 0.00 1.00 0.00 0.00 255 255 1.00 0.00 0.00 0.00 0.00 0.00 0.00 0.00
1 0 317 1800 0 0 0 0 0 0 0 0 0 0 0 0 10 10 0.00 0.00 0.00 0.00 1.00 0.00 0.00 255 255 1.00 0.00 0.00 0.00 0.00 0.00 0.00 0.00
1 0 319 6534 0 0 0 0 0 0 0 0 0 0 0 0 20 20 0.00 0.00 0.00 0.00 1.00 0.00 0.00 255 255 1.00 0.00 0.00 0.00 0.00 0.00 0.00 0.00
1 0 306 365 0 0 0 0 0 0 0 0 0 0 0 0 30 30 0.00 0.00 0.00 0.00 1.00 0.00 0.00 255 255 1.00 0.00 0.00 0.00 0.00 0.00 0.00 0.00
1 0 200 1660 0 0 0 0 0 0 0 0 0 0 0 0 7 7 0.00 0.00 0.00 0.00 1.00 0.00 0.00 255 255 1.00 0.00 0.00 0.00 0.00 0.00 0.00 0.00
1 0 206 946 0 0 0 0 0 0 0 0 0 0 0 0 17 17 0.00 0.00 0.00 0.00 1.00 0.00 0.00 255 255 1.00 0.00 0.00 0.00 0.00 0.00 0.00 0.00
1 0 197 1043 0 0 0 0 0 0 0 0 0 0 0 0 27 27 0.00 0.00 0.00 0.00 1.00 0.00 0.00 255 255 1.00 0.00 0.00 0.00 0.00 0.00 0.00 0.00
1 0 216 1660 0 0 0 0 0 0 0 0 0 0 0 0 4 4 0.00 0.00 0.00 0.00 1.00 0.00 0.00 255 255 1.00 0.00 0.00 0.00 0.00 0.00 0.00 0.00
1 0 222 946 0 0 0 0 0 0 0 0 0 0 0 0 14 14 0.00 0.00 0.00 0.00 1.00 0.00 0.00 255 255 1.00 0.00 0.00 0.00 0.00 0.00 0.00 0.00
1 0 232 16904 0 0 0 0 0 0 0 0 0 0 0 0 24 24 0.00 0.00 0.00 0.00 1.00 0.00 0.00 255 255 1.00 0.00 0.00 0.00 0.00 0.00 0.00 0.00
1 0 317 1800 0 0 0 0 0 0 0 0 0 0 0 0 1 1 0.00 0.00 0.00 0.00 1.00 0.00 0.00 255 255 1.00 0.00 0.00 0.00 0.00 0.00 0.00 0.00
1 0 315 788 0 0 0 0 0 0 0 0 0 0 0 0 11 11 0.00 0.00 0.00 0.00 1.00 0.00 0.00 255 255 1.00 0.00 0.00 0.00 0.00 0.00 0.00 0.00
1 0 314 659 0 0 0 0 0 0 0 0 0 0 0 0 21 21 0.00 0.00 0.00 0.00 1.00 0.00 0.00 255 255 1.00 0.00 0.00 0.00 0.00 0.00 0.00 0.00
1 0 316 354 0 0 0 0 0 0 0 0 0 0 0 0 31 31 0.00 0.00 0.00 0.00 1.00 0.00 0.00 255 255 1.00 0.00 0.01 0.00 0.00 0.00 0.00 0.00
1 0 213 659 0 0 0 0 0 0 0 0 0 0 0 0 8 8 0.00 0.00 0.00 0.00 1.00 0.00 0.00 255 255 1.00 0.00 0.00 0.00 0.00 0.00 0.00 0.00
1 0 220 882 0 0 0 0 0 0 0 0 0 0 0 0 18 18 0.00 0.00 0.00 0.00 1.00 0.00 0.00 255 255 1.00 0.00 0.00 0.00 0.00 0.00 0.00 0.00
1 0 215 354 0 0 0 0 0 0 0 0 0 0 0 0 28 28 0.00 0.00 0.00 0.00 1.00 0.00 0.00 255 255 1.00 0.00 0.00 0.00 0.00 0.00 0.00 0.00
1 0 218 659 0 0 0 0 0 0 0 0 0 0 0 0 5 5 0.00 0.00 0.00 0.00 1.00 0.00 0.00 255 255 1.00 0.00 0.00 0.00 0.00 0.00 0.00 0.00
1 0 221 3617 0 0 0 0 0 0 0 0 0 0 0 0 15 15 0.00 0.00 0.00 0.00 1.00 0.00 0.00 255 255 1.00 0.00 0.00 0.00 0.00 0.00 0.00 0.00
1 0 216 622 0 0 0 0 0 0 0 0 0 0 0 0 2 19 0.00 0.00 0.00 0.00 1.00 0.00 0.16 255 255 1.00 0.00 0.00 0.00 0.00 0.00 0.00 0.00
1 0 225 788 0 0 0 0 0 0 0 0 0 0 0 0 12 13 0.00 0.00 0.00 0.00 1.00 0.00 0.15 255 255 1.00 0.00 0.00 0.00 0.00 0.00 0.00 0.00
1 0 224 5922 0 0 0 0 0 0 0 0 0 0 0 0 22 23 0.00 0.00 0.00 0.00 1.00 0.00 0.09 255 255 1.00 0.00 0.00 0.00 0.00 0.00 0.00 0.00
1 0 245 365 0 0 0 0 0 0 0 0 0 0 0 0 10 11 0.10 0.09 0.00 0.00 1.00 0.00 0.18 255 255 1.00 0.00 0.00 0.00 0.00 0.00 0.00 0.00
1 0 197 622 0 0 0 0 0 0 0 0 0 0 0 0 8 8 0.00 0.00 0.00 0.00 1.00 0.00 0.00 255 255 1.00 0.00 0.00 0.00 0.00 0.00 0.00 0.00
1 0 206 2168 0 0 0 0 0 0 0 0 0 0 0 0 18 18 0.00 0.00 0.00 0.00 1.00 0.00 0.00 255 255 1.00 0.00 0.00 0.00 0.00 0.00 0.00 0.00
1 0 197 365 0 0 0 0 0 0 0 0 0 0 0 0 28 28 0.00 0.00 0.00 0.00 1.00 0.00 0.00 255 255 1.00 0.00 0.00 0.00 0.00 0.00 0.00 0.00
1 0 203 1896 0 0 0 0 0 0 0 0 0 0 0 0 5 8 0.00 0.00 0.00 0.00 1.00 0.00 0.25 255 255 1.00 0.00 0.00 0.00 0.00 0.00 0.00 0.00
1 0 200 1660 0 0 0 0 0 0 0 0 0 0 0 0 15 15 0.00 0.00 0.00 0.00 1.00 0.00 0.00 255 255 1.00 0.00 0.00 0.00 0.00 0.00 0.00 0.00
1 0 206 946 0 0 0 0 0 0 0 0 0 0 0 0 25 25 0.00 0.00 0.00 0.00 1.00 0.00 0.00 255 255 1.00 0.00 0.00 0.00 0.00 0.00 0.00 0.00
1 0 236 5790 0 0 0 0 0 0 0 0 0 0 0 0 2 2 0.00 0.00 0.00 0.00 1.00 0.00 0.00 255 255 1.00 0.00 0.00 0.00 0.00 0.00 0.00 0.00
1 0 238 788 0 0 0 0 0 0 0 0 0 0 0 0 12 12 0.00 0.00 0.00 0.00 1.00 0.00 0.00 255 255 1.00 0.00 0.00 0.00 0.00 0.00 0.00 0.00
1 0 287 1800 0 0 0 0 0 0 0 0 0 0 0 0 9 12 0.00 0.00 0.00 0.00 1.00 0.00 0.17 255 255 1.00 0.00 0.00 0.00 0.00 0.00 0.00 0.00
1 0 291 13599 0 0 0 0 0 0 0 0 0 0 0 0 19 19 0.00 0.00 0.00 0.00 1.00 0.00 0.00 255 255 1.00 0.00 0.00 0.00 0.00 0.00 0.00 0.00
1 0 276 365 0 0 0 0 0 0 0 0 0 0 0 0 29 29 0.00 0.00 0.00 0.00 1.00 0.00 0.00 255 255 1.00 0.00 0.00 0.00 0.00 0.00 0.00 0.00
1 0 313 337 0 0 0 0 0 0 0 0 0 0 0 0 6 6 0.00 0.00 0.00 0.00 1.00 0.00 0.00 255 255 1.00 0.00 0.00 0.00 0.00 0.00 0.00 0.00
1 0 355 396 0 0 0 0 0 0 0 0 0 0 0 0 3 4 0.00 0.00 0.00 0.00 1.00 0.00 0.50 255 255 1.00 0.00 0.00 0.00 0.00 0.00 0.00 0.00
1 0 358 3781 0 0 0 0 0 0 0 0 0 0 0 0 13 14 0.00 0.00 0.00 0.00 1.00 0.00 0.14 255 255 1.00 0.00 0.00 0.00 0.00 0.00 0.00 0.00
1 0 395 4580 0 0 0 0 0 0 0 0 0 0 0 0 10 10 0.00 0.00 0.00 0.00 1.00 0.00 0.00 255 255 1.00 0.00 0.00 0.00 0.00 0.00 0.00 0.00
1 0 377 1613 0 0 0 0 0 0 0 0 0 0 0 0 20 20 0.00 0.00 0.00 0.00 1.00 0.00 0.00 255 255 1.00 0.00 0.00 0.00 0.00 0.00 0.00 0.00
1 0 378 5265 0 0 0 0 0 0 0 0 0 0 0 0 5 5 0.00 0.00 0.00 0.00 1.00 0.00 0.00 255 255 1.00 0.00 0.00 0.00 0.00 0.00 0.00 0.00
1 0 380 370 0 0 0 0 0 0 0 0 0 0 0 0 4 4 0.00 0.00 0.00 0.00 1.00 0.00 0.00 255 255 1.00 0.00 0.00 0.00 0.00 0.00 0.00 0.00
1 0 353 16947 0 0 0 0 0 0 0 0 0 0 0 0 4 4 0.00 0.00 0.00 0.00 1.00 0.00 0.00 255 255 1.00 0.00 0.00 0.00 0.00 0.00 0.00 0.00
1 0 387 1888 0 0 0 0 0 0 0 0 0 0 0 0 14 14 0.00 0.00 0.00 0.00 1.00 0.00 0.00 255 255 1.00 0.00 0.00 0.00 0.00 0.00 0.00 0.00
1 0 386 3972 0 0 0 0 0 0 0 0 0 0 0 0 24 24 0.00 0.00 0.00 0.00 1.00 0.00 0.00 255 255 1.00 0.00 0.00 0.00 0.00 0.00 0.00 0.00
1 0 357 12922 0 0 0 0 0 0 0 0 0 0 0 0 9 9 0.00 0.00 0.00 0.00 1.00 0.00 0.00 255 255 1.00 0.00 0.00 0.00 0.00 0.00 0.00 0.00
1 0 317 1660 0 0 0 0 0 0 0 0 0 0 0 0 6 6 0.00 0.00 0.00 0.00 1.00 0.00 0.00 255 255 1.00 0.00 0.00 0.00 0.00 0.00 0.00 0.00
1 0 323 946 0 0 0 0 0 0 0 0 0 0 0 0 16 16 0.00 0.00 0.00 0.00 1.00 0.00 0.00 255 255 1.00 0.00 0.00 0.00 0.00 0.00 0.00 0.00
1 0 320 12922 0 0 0 0 0 0 0 0 0 0 0 0 26 26 0.00 0.00 0.00 0.00 1.00 0.00 0.00 255 255 1.00 0.00 0.00 0.00 0.00 0.00 0.00 0.00
1 0 256 31614 0 0 0 0 0 0 0 0 0 0 0 0 3 4 0.00 0.00 0.00 0.00 1.00 0.00 0.50 255 255 1.00 0.00 0.00 0.00 0.00 0.00 0.00 0.00
1 0 321 882 0 0 0 0 0 0 0 0 0 0 0 0 13 14 0.00 0.00 0.00 0.00 1.00 0.00 0.14 255 255 1.00 0.00 0.00 0.00 0.00 0.00 0.00 0.00
1 0 317 1660 0 0 0 0 0 0 0 0 0 0 0 0 23 24 0.00 0.00 0.00 0.00 1.00 0.00 0.08 255 255 1.00 0.00 0.00 0.00 0.00 0.00 0.00 0.00
1 0 316 354 0 0 0 0 0 0 0 0 0 0 0 0 33 34 0.00 0.00 0.00 0.00 1.00 0.00 0.06 255 255 1.00 0.00 0.00 0.00 0.00 0.00 0.00 0.00
1 0 200 1856 0 0 0 0 0 0 0 0 0 0 0 0 10 11 0.00 0.00 0.00 0.00 1.00 0.00 0.18 255 255 1.00 0.00 0.00 0.00 0.00 0.00 0.00 0.00
1 0 189 2543 0 0 0 0 0 0 0 0 0 0 0 0 20 21 0.00 0.00 0.00 0.00 1.00 0.00 0.10 255 255 1.00 0.00 0.00 0.00 0.00 0.00 0.00 0.00
1 0 210 2904 0 0 0 0 0 0 0 0 0 0 0 0 30 31 0.00 0.00 0.00 0.00 1.00 0.00 0.06 255 255 1.00 0.00 0.00 0.00 0.00 0.00 0.00 0.00
1 0 323 31049 0 0 0 0 0 0 0 0 0 0 0 0 7 7 0.00 0.00 0.00 0.00 1.00 0.00 0.00 255 255 1.00 0.00 0.00 0.00 0.00 0.00 0.00 0.00
1 0 258 365 0 0 0 0 0 0 0 0 0 0 0 0 17 17 0.00 0.00 0.00 0.00 1.00 0.00 0.00 255 255 1.00 0.00 0.00 0.00 0.00 0.00 0.00 0.00
1 0 248 8556 0 0 0 0 0 0 0 0 0 0 0 0 6 7 0.00 0.00 0.00 0.00 1.00 0.00 0.29 255 255 1.00 0.00 0.00 0.00 0.00 0.00 0.00 0.00
1 0 203 1792 0 0 0 0 0 0 0 0 0 0 0 0 8 8 0.00 0.00 0.00 0.00 1.00 0.00 0.00 255 255 1.00 0.00 0.00 0.00 0.00 0.00 0.00 0.00
1 0 202 762 0 0 0 0 0 0 0 0 0 0 0 0 18 18 0.00 0.00 0.00 0.00 1.00 0.00 0.00 255 255 1.00 0.00 0.00 0.00 0.00 0.00 0.00 0.00
1 0 217 16904 0 0 0 0 0 0 0 0 0 0 0 0 28 28 0.00 0.00 0.00 0.00 1.00 0.00 0.00 255 255 1.00 0.00 0.00 0.00 0.00 0.00 0.00 0.00
1 0 214 5790 0 0 0 0 0 0 0 0 0 0 0 0 5 5 0.00 0.00 0.00 0.00 1.00 0.00 0.00 255 255 1.00 0.00 0.00 0.00 0.00 0.00 0.00 0.00
1 0 220 6534 0 0 0 0 0 0 0 0 0 0 0 0 15 15 0.00 0.00 0.00 0.00 1.00 0.00 0.00 255 255 1.00 0.00 0.00 0.00 0.00 0.00 0.00 0.00
1 0 238 4896 0 0 0 0 0 0 0 0 0 0 0 0 25 25 0.00 0.00 0.00 0.00 1.00 0.00 0.00 255 255 1.00 0.00 0.00 0.00 0.00 0.00 0.00 0.00
1 0 221 354 0 0 0 0 0 0 0 0 0 0 0 0 8 8 0.00 0.00 0.00 0.00 1.00 0.00 0.00 255 255 1.00 0.00 0.00 0.00 0.00 0.00 0.00 0.00
1 0 197 5790 0 0 0 0 0 0 0 0 0 0 0 0 5 5 0.00 0.00 0.00 0.00 1.00 0.00 0.00 255 255 1.00 0.00 0.00 0.00 0.00 0.00 0.00 0.00
1 0 206 1491 0 0 0 0 0 0 0 0 0 0 0 0 15 15 0.00 0.00 0.00 0.00 1.00 0.00 0.00 255 255 1.00 0.00 0.00 0.00 0.00 0.00 0.00 0.00
1 0 199 788 0 0 0 0 0 0 0 0 0 0 0 0 25 25 0.00 0.00 0.00 0.00 1.00 0.00 0.00 255 255 1.00 0.00 0.00 0.00 0.00 0.00 0.00 0.00
1 0 184 25931 0 0 0 0 0 0 0 0 0 0 0 0 2 2 0.00 0.00 0.00 0.00 1.00 0.00 0.00 255 255 1.00 0.00 0.00 0.00 0.00 0.00 0.00 0.00
1 0 240 4360 0 0 0 0 0 0 0 0 0 0 0 0 6 7 0.00 0.00 0.00 0.00 1.00 0.00 0.29 255 255 1.00 0.00 0.00 0.00 0.00 0.00 0.00 0.00
1 0 189 2543 0 0 0 0 0 0 0 0 0 0 0 0 6 6 0.00 0.00 0.00 0.00 1.00 0.00 0.00 255 255 1.00 0.00 0.00 0.00 0.00 0.00 0.00 0.00
1 0 202 1719 0 0 0 0 0 0 0 0 0 0 0 0 16 16 0.00 0.00 0.00 0.00 1.00 0.00 0.00 255 255 1.00 0.00 0.00 0.00 0.00 0.00 0.00 0.00
1 0 198 1705 0 0 0 0 0 0 0 0 0 0 0 0 26 26 0.00 0.00 0.00 0.00 1.00 0.00 0.00 255 255 1.00 0.00 0.00 0.00 0.00 0.00 0.00 0.00
1 0 155 31614 0 0 0 0 0 0 0 0 0 0 0 0 3 3 0.00 0.00 0.00 0.00 1.00 0.00 0.00 255 255 1.00 0.00 0.00 0.00 0.00 0.00 0.00 0.00
1 0 216 1660 0 0 0 0 0 0 0 0 0 0 0 0 13 13 0.00 0.00 0.00 0.00 1.00 0.00 0.00 255 255 1.00 0.00 0.00 0.00 0.00 0.00 0.00 0.00
1 0 319 1792 0 0 0 0 0 0 0 0 0 0 0 0 6 6 0.00 0.00 0.00 0.00 1.00 0.00 0.00 255 255 1.00 0.00 0.00 0.00 0.00 0.00 0.00 0.00
1 0 218 6534 0 0 0 0 0 0 0 0 0 0 0 0 18 18 0.00 0.00 0.00 0.00 1.00 0.00 0.00 255 255 1.00 0.00 0.00 0.00 0.00 0.00 0.00 0.00
1 0 315 1705 0 0 0 0 0 0 0 0 0 0 0 0 25 25 0.00 0.00 0.00 0.00 1.00 0.00 0.00 255 255 1.00 0.00 0.00 0.00 0.00 0.00 0.00 0.00
1 0 215 301 0 0 0 0 0 0 0 0 0 0 0 0 20 20 0.00 0.00 0.00 0.00 1.00 0.00 0.00 255 255 1.00 0.00 0.01 0.00 0.00 0.00 0.00 0.00
1 0 222 946 0 0 0 0 0 0 0 0 0 0 0 0 30 30 0.00 0.00 0.00 0.00 1.00 0.00 0.00 255 255 1.00 0.00 0.01 0.00 0.00 0.00 0.00 0.00
1 0 289 1660 0 0 0 0 0 0 0 0 0 0 0 0 7 7 0.00 0.00 0.00 0.00 1.00 0.00 0.00 255 255 1.00 0.00 0.00 0.00 0.00 0.00 0.00 0.00
1 0 295 946 0 0 0 0 0 0 0 0 0 0 0 0 17 17 0.00 0.00 0.00 0.00 1.00 0.00 0.00 255 255 1.00 0.00 0.00 0.00 0.00 0.00 0.00 0.00
1 0 292 12922 0 0 0 0 0 0 0 0 0 0 0 0 27 27 0.00 0.00 0.00 0.00 1.00 0.00 0.00 255 255 1.00 0.00 0.00 0.00 0.00 0.00 0.00 0.00
1 0 302 1604 0 0 0 0 0 0 0 0 0 0 0 0 4 4 0.00 0.00 0.00 0.00 1.00 0.00 0.00 255 255 1.00 0.00 0.00 0.00 0.00 0.00 0.00 0.00
1 0 207 2446 0 0 0 0 0 0 0 0 0 0 0 0 2 2 0.00 0.00 0.00 0.00 1.00 0.00 0.00 255 255 1.00 0.00 0.00 0.00 0.00 0.00 0.00 0.00
1 0 210 1630 0 0 0 0 0 0 0 0 0 0 0 0 12 12 0.00 0.00 0.00 0.00 1.00 0.00 0.00 255 255 1.00 0.00 0.00 0.00 0.00 0.00 0.00 0.00
1 0 199 788 0 0 0 0 0 0 0 0 0 0 0 0 22 22 0.00 0.00 0.00 0.00 1.00 0.00 0.00 255 255 1.00 0.00 0.00 0.00 0.00 0.00 0.00 0.00
1 0 198 810 0 0 0 0 0 0 0 0 0 0 0 0 32 32 0.00 0.00 0.00 0.00 1.00 0.00 0.00 255 255 1.00 0.00 0.00 0.00 0.00 0.00 0.00 0.00
1 0 238 1572 0 0 0 0 0 0 0 0 0 0 0 0 9 9 0.00 0.00 0.00 0.00 1.00 0.00 0.00 255 255 1.00 0.00 0.00 0.00 0.00 0.00 0.00 0.00
1 0 221 12922 0 0 0 0 0 0 0 0 0 0 0 0 19 19 0.00 0.00 0.00 0.00 1.00 0.00 0.00 255 255 1.00 0.00 0.00 0.00 0.00 0.00 0.00 0.00
1 0 218 5790 0 0 0 0 0 0 0 0 0 0 0 0 2 2 0.00 0.00 0.00 0.00 1.00 0.00 0.00 255 255 1.00 0.00 0.00 0.00 0.00 0.00 0.00 0.00
1 0 211 365 0 0 0 0 0 0 0 0 0 0 0 0 12 12 0.00 0.00 0.00 0.00 1.00 0.00 0.00 255 255 1.00 0.00 0.00 0.00 0.00 0.00 0.00 0.00
1 0 201 1660 0 0 0 0 0 0 0 0 0 0 0 0 9 9 0.00 0.00 0.00 0.00 1.00 0.00 0.00 255 255 1.00 0.00 0.00 0.00 0.00 0.00 0.00 0.00
1 0 207 946 0 0 0 0 0 0 0 0 0 0 0 0 19 19 0.00 0.00 0.00 0.00 1.00 0.00 0.00 255 255 1.00 0.00 0.00 0.00 0.00 0.00 0.00 0.00
1 0 200 354 0 0 0 0 0 0 0 0 0 0 0 0 29 29 0.00 0.00 0.00 0.00 1.00 0.00 0.00 255 255 1.00 0.00 0.00 0.00 0.00 0.00 0.00 0.00
1 0 241 5790 0 0 0 0 0 0 0 0 0 0 0 0 6 6 0.00 0.00 0.00 0.00 1.00 0.00 0.00 255 255 1.00 0.00 0.00 0.00 0.00 0.00 0.00 0.00
1 0 247 3876 0 0 0 0 0 0 0 0 0 0 0 0 16 17 0.00 0.00 0.00 0.00 1.00 0.00 0.12 255 255 1.00 0.00 0.00 0.00 0.00 0.00 0.00 0.00
1 0 208 1660 0 0 0 0 0 0 0 0 0 0 0 0 10 10 0.00 0.00 0.00 0.00 1.00 0.00 0.00 255 255 1.00 0.00 0.00 0.00 0.00 0.00 0.00 0.00
1 0 206 788 0 0 0 0 0 0 0 0 0 0 0 0 20 20 0.00 0.00 0.00 0.00 1.00 0.00 0.00 255 255 1.00 0.00 0.00 0.00 0.00 0.00 0.00 0.00
1 0 210 1719 0 0 0 0 0 0 0 0 0 0 0 0 30 30 0.00 0.00 0.00 0.00 1.00 0.00 0.00 255 255 1.00 0.00 0.00 0.00 0.00 0.00 0.00 0.00
1 0 287 788 0 0 0 0 0 0 0 0 0 0 0 0 7 7 0.00 0.00 0.00 0.00 1.00 0.00 0.00 255 255 1.00 0.00 0.00 0.00 0.00 0.00 0.00 0.00
1 0 298 1630 0 0 0 0 0 0 0 0 0 0 0 0 17 17 0.00 0.00 0.00 0.00 1.00 0.00 0.00 255 255 1.00 0.00 0.00 0.00 0.00 0.00 0.00 0.00
1 0 295 2446 0 0 0 0 0 0 0 0 0 0 0 0 27 27 0.00 0.00 0.00 0.00 1.00 0.00 0.00 255 255 1.00 0.00 0.00 0.00 0.00 0.00 0.00 0.00
1 0 312 5790 0 0 0 0 0 0 0 0 0 0 0 0 4 4 0.00 0.00 0.00 0.00 1.00 0.00 0.00 255 255 1.00 0.00 0.00 0.00 0.00 0.00 0.00 0.00
1 0 139 31614 0 0 0 0 0 0 0 0 0 0 0 0 1 8 0.00 0.00 0.00 0.00 1.00 0.00 0.25 255 255 1.00 0.00 0.00 0.00 0.00 0.00 0.00 0.00
1 0 204 882 0 0 0 0 0 0 0 0 0 0 0 0 11 18 0.00 0.00 0.00 0.00 1.00 0.00 0.11 255 255 1.00 0.00 0.00 0.00 0.00 0.00 0.00 0.00
1 0 199 337 0 0 0 0 0 0 0 0 0 0 0 0 21 21 0.00 0.00 0.00 0.00 1.00 0.00 0.00 255 255 1.00 0.00 0.00 0.00 0.00 0.00 0.00 0.00
1 0 189 622 0 0 0 0 0 0 0 0 0 0 0 0 31 31 0.00 0.00 0.00 0.00 1.00 0.00 0.00 255 255 1.00 0.00 0.00 0.00 0.00 0.00 0.00 0.00
1 0 237 8734 0 0 0 0 0 0 0 0 0 0 0 0 8 21 0.00 0.00 0.00 0.00 1.00 0.00 0.10 8 255 1.00 0.00 0.12 0.01 0.00 0.00 0.00 0.00
1 0 236 10876 0 0 0 0 0 0 0 0 0 0 0 0 9 26 0.00 0.00 0.00 0.00 1.00 0.00 0.12 18 255 1.00 0.00 0.06 0.01 0.00 0.00 0.00 0.00
1 0 323 480 0 0 0 0 0 0 0 0 0 0 0 0 8 8 0.00 0.00 0.00 0.00 1.00 0.00 0.00 10 255 1.00 0.00 0.10 0.01 0.00 0.00 0.00 0.00
1 0 327 7179 0 0 0 0 0 0 0 0 0 0 0 0 18 18 0.00 0.00 0.00 0.00 1.00 0.00 0.00 20 255 1.00 0.00 0.05 0.01 0.00 0.00 0.00 0.00
1 0 325 310 0 0 0 0 0 0 0 0 0 0 0 0 1 2 0.00 0.00 0.00 0.00 1.00 0.00 1.00 30 255 1.00 0.00 0.03 0.01 0.00 0.00 0.00 0.00
1 0 209 1511 0 0 0 0 0 0 0 0 0 0 0 0 4 4 0.00 0.00 0.00 0.00 1.00 0.00 0.00 4 255 1.00 0.00 0.25 0.02 0.00 0.00 0.00 0.00
1 0 197 1410 0 0 0 0 0 0 0 0 0 0 0 0 14 14 0.00 0.00 0.00 0.00 1.00 0.00 0.00 14 255 1.00 0.00 0.07 0.02 0.00 0.00 0.00 0.00
1 0 225 1511 0 0 0 0 0 0 0 0 0 0 0 0 3 3 0.00 0.00 0.00 0.00 1.00 0.00 0.00 24 255 1.00 0.00 0.04 0.02 0.00 0.00 0.00 0.00
1 0 226 3200 0 0 0 0 0 0 0 0 0 0 0 0 13 13 0.00 0.00 0.00 0.00 1.00 0.00 0.00 34 255 1.00 0.00 0.03 0.02 0.00 0.00 0.00 0.00
1 0 247 6250 0 0 0 0 0 0 0 0 0 0 0 0 2 2 0.00 0.00 0.00 0.00 1.00 0.00 0.00 44 255 1.00 0.00 0.02 0.02 0.00 0.00 0.00 0.00
1 0 248 17905 0 0 0 0 0 0 0 0 0 0 0 0 12 12 0.00 0.00 0.00 0.00 1.00 0.00 0.00 54 255 1.00 0.00 0.02 0.02 0.00 0.00 0.00 0.00
1 0 179 8026 0 0 0 0 0 0 0 0 0 0 0 0 1 1 0.00 0.00 0.00 0.00 1.00 0.00 0.00 64 255 1.00 0.00 0.02 0.02 0.00 0.00 0.00 0.00
1 0 239 5428 0 0 0 0 0 0 0 0 0 0 0 0 11 11 0.00 0.00 0.00 0.00 1.00 0.00 0.00 74 255 1.00 0.00 0.01 0.02 0.00 0.00 0.00 0.00
1 0 227 9986 0 0 0 0 0 0 0 0 0 0 0 0 9 9 0.00 0.00 0.00 0.00 1.00 0.00 0.00 84 255 1.00 0.00 0.01 0.02 0.00 0.00 0.00 0.00
1 0 213 1410 0 0 0 0 0 0 0 0 0 0 0 0 19 19 0.00 0.00 0.00 0.00 1.00 0.00 0.00 94 255 1.00 0.00 0.01 0.02 0.00 0.00 0.00 0.00
1 0 235 2688 0 0 0 0 0 0 0 0 0 0 0 0 3 4 0.00 0.00 0.00 0.00 1.00 0.00 0.50 104 255 1.00 0.00 0.01 0.02 0.00 0.00 0.00 0.00
1 0 227 321 0 0 0 0 0 0 0 0 0 0 0 0 13 18 0.00 0.00 0.00 0.00 1.00 0.00 0.17 114 255 1.00 0.00 0.01 0.02 0.00 0.00 0.00 0.00
1 0 301 480 0 0 0 0 0 0 0 0 0 0 0 0 2 16 0.00 0.00 0.00 0.00 1.00 0.00 0.19 124 255 1.00 0.00 0.01 0.02 0.00 0.00 0.00 0.00
1 0 291 253 0 0 0 0 0 0 0 0 0 0 0 0 12 26 0.00 0.00 0.00 0.00 1.00 0.00 0.12 134 255 1.00 0.00 0.01 0.02 0.00 0.00 0.00 0.00
1 0 271 460 0 0 0 0 0 0 0 0 0 0 0 0 1 5 0.00 0.00 0.00 0.00 1.00 0.00 0.40 144 255 1.00 0.00 0.01 0.02 0.00 0.00 0.00 0.00
1 0 248 17905 0 0 0 0 0 0 0 0 0 0 0 0 3 3 0.00 0.00 0.00 0.00 1.00 0.00 0.00 154 255 1.00 0.00 0.01 0.02 0.00 0.00 0.00 0.00
1 0 212 285 0 0 0 0 0 0 0 0 0 0 0 0 12 12 0.00 0.00 0.00 0.00 1.00 0.00 0.00 164 255 1.00 0.00 0.01 0.02 0.00 0.00 0.00 0.00
1 0 227 321 0 0 0 0 0 0 0 0 0 0 0 0 21 21 0.00 0.00 0.00 0.00 1.00 0.00 0.00 174 255 1.00 0.00 0.01 0.02 0.00 0.00 0.00 0.00
1 0 306 2688 0 0 0 0 0 0 0 0 0 0 0 0 19 19 0.00 0.00 0.00 0.00 1.00 0.00 0.00 184 255 1.00 0.00 0.01 0.02 0.00 0.00 0.00 0.00
1 0 303 10861 0 0 0 0 0 0 0 0 0 0 0 0 20 20 0.00 0.00 0.00 0.00 1.00 0.00 0.00 194 255 1.00 0.00 0.01 0.02 0.00 0.00 0.00 0.00
1 0 228 774 0 0 0 0 0 0 0 0 0 0 0 0 19 19 0.00 0.00 0.00 0.00 1.00 0.00 0.00 204 255 1.00 0.00 0.00 0.01 0.00 0.00 0.00 0.00
1 0 292 2820 0 0 0 0 0 0 0 0 0 0 0 0 5 5 0.00 0.00 0.00 0.00 1.00 0.00 0.00 214 255 1.00 0.00 0.00 0.01 0.00 0.00 0.00 0.00
1 0 298 1511 0 0 0 0 0 0 0 0 0 0 0 0 3 3 0.00 0.00 0.00 0.00 1.00 0.00 0.00 224 255 1.00 0.00 0.00 0.01 0.00 0.00 0.00 0.00
1 0 286 1410 0 0 0 0 0 0 0 0 0 0 0 0 13 13 0.00 0.00 0.00 0.00 1.00 0.00 0.00 234 255 1.00 0.00 0.00 0.01 0.00 0.00 0.00 0.00
1 0 298 321 0 0 0 0 0 0 0 0 0 0 0 0 2 2 0.50 0.50 0.00 0.00 1.00 0.00 0.00 244 255 1.00 0.00 0.00 0.01 0.00 0.00 0.00 0.00
1 0 291 253 0 0 0 0 0 0 0 0 0 0 0 0 12 12 0.08 0.08 0.00 0.00 1.00 0.00 0.00 254 255 1.00 0.00 0.00 0.01 0.00 0.00 0.00 0.00
1 0 233 155 0 0 0 0 0 0 0 0 0 0 0 0 1 1 0.00 0.00 0.00 0.00 1.00 0.00 0.00 255 255 1.00 0.00 0.00 0.00 0.00 0.00 0.00 0.00
1 0 286 1410 0 0 0 0 0 0 0 0 0 0 0 0 9 9 0.00 0.00 0.00 0.00 1.00 0.00 0.00 255 255 1.00 0.00 0.00 0.00 0.00 0.00 0.00 0.00
1 0 305 10861 0 0 0 0 0 0 0 0 0 0 0 0 19 19 0.00 0.00 0.00 0.00 1.00 0.00 0.00 255 255 1.00 0.00 0.00 0.00 0.00 0.00 0.00 0.00
1 0 206 310 0 0 0 0 0 0 0 0 0 0 0 0 7 7 0.00 0.00 0.00 0.00 1.00 0.00 0.00 255 255 1.00 0.00 0.00 0.00 0.00 0.00 0.00 0.00
1 0 209 2445 0 0 0 0 0 0 0 0 0 0 0 0 17 17 0.00 0.00 0.00 0.00 1.00 0.00 0.00 255 255 1.00 0.00 0.00 0.00 0.00 0.00 0.00 0.00
1 0 272 12056 0 0 0 0 0 0 0 0 0 0 0 0 6 6 0.00 0.00 0.00 0.00 1.00 0.00 0.00 255 255 1.00 0.00 0.00 0.00 0.00 0.00 0.00 0.00
1 0 277 13083 0 0 0 0 0 0 0 0 0 0 0 0 16 18 0.00 0.00 0.00 0.00 1.00 0.00 0.17 255 255 1.00 0.00 0.00 0.00 0.00 0.00 0.00 0.00
1 0 207 1425 0 0 0 0 0 0 0 0 0 0 0 0 4 10 0.00 0.00 0.00 0.00 1.00 0.00 0.30 255 255 1.00 0.00 0.01 0.00 0.00 0.00 0.00 0.00
1 0 212 12471 0 0 0 0 0 0 0 0 0 0 0 0 14 14 0.00 0.00 0.00 0.00 1.00 0.00 0.00 255 255 1.00 0.00 0.01 0.00 0.00 0.00 0.00 0.00
1 0 298 2445 0 0 0 0 0 0 0 0 0 0 0 0 3 3 0.00 0.00 0.00 0.00 1.00 0.00 0.00 255 255 1.00 0.00 0.00 0.00 0.00 0.00 0.00 0.00
1 0 299 3200 0 0 0 0 0 0 0 0 0 0 0 0 13 13 0.00 0.00 0.00 0.00 1.00 0.00 0.00 255 255 1.00 0.00 0.00 0.00 0.00 0.00 0.00 0.00
1 0 286 18747 0 0 0 0 0 0 0 0 0 0 0 0 2 3 0.00 0.00 0.00 0.00 1.00 0.00 0.67 255 255 1.00 0.00 0.00 0.00 0.00 0.00 0.00 0.00
1 0 361 10861 0 0 0 0 0 0 0 0 0 0 0 0 12 13 0.00 0.00 0.00 0.00 1.00 0.00 0.15 255 255 1.00 0.00 0.00 0.00 0.00 0.00 0.00 0.00
1 0 286 1410 0 0 0 0 0 0 0 0 0 0 0 0 10 10 0.00 0.00 0.00 0.00 1.00 0.00 0.00 255 255 1.00 0.00 0.00 0.00 0.00 0.00 0.00 0.00
1 0 321 17905 0 0 0 0 0 0 0 0 0 0 0 0 20 20 0.00 0.00 0.00 0.00 1.00 0.00 0.00 255 255 1.00 0.00 0.00 0.00 0.00 0.00 0.00 0.00
1 0 375 11478 0 0 0 0 0 0 0 0 0 0 0 0 9 17 0.00 0.00 0.00 0.00 1.00 0.00 0.24 255 255 1.00 0.00 0.00 0.00 0.00 0.00 0.00 0.00
1 0 222 660 0 0 0 0 0 0 0 0 0 0 0 0 7 11 0.00 0.00 0.00 0.00 1.00 0.00 0.27 255 255 1.00 0.00 0.00 0.00 0.00 0.00 0.00 0.00
1 0 204 285 0 0 0 0 0 0 0 0 0 0 0 0 17 21 0.00 0.00 0.00 0.00 1.00 0.00 0.14 255 255 1.00 0.00 0.00 0.00 0.00 0.00 0.00 0.00
1 0 196 7203 0 0 0 0 0 0 0 0 0 0 0 0 6 6 0.00 0.00 0.00 0.00 1.00 0.00 0.00 255 255 1.00 0.00 0.00 0.00 0.00 0.00 0.00 0.00
1 0 210 3200 0 0 0 0 0 0 0 0 0 0 0 0 16 16 0.00 0.00 0.00 0.00 1.00 0.00 0.00 255 255 1.00 0.00 0.00 0.00 0.00 0.00 0.00 0.00
1 0 217 25519 0 0 0 0 0 0 0 0 0 0 0 0 5 5 0.00 0.00 0.00 0.00 1.00 0.00 0.00 255 255 1.00 0.00 0.00 0.00 0.00 0.00 0.00 0.00
1 0 209 2445 0 0 0 0 0 0 0 0 0 0 0 0 4 4 0.00 0.00 0.00 0.00 1.00 0.00 0.00 255 255 1.00 0.00 0.00 0.00 0.00 0.00 0.00 0.00
1 0 211 9986 0 0 0 0 0 0 0 0 0 0 0 0 14 14 0.00 0.00 0.00 0.00 1.00 0.00 0.00 255 255 1.00 0.00 0.00 0.00 0.00 0.00 0.00 0.00
1 0 223 9986 0 0 0 0 0 0 0 0 0 0 0 0 2 2 0.00 0.00 0.00 0.00 1.00 0.00 0.00 255 255 1.00 0.00 0.00 0.00 0.00 0.00 0.00 0.00
1 0 214 660 0 0 0 0 0 0 0 0 0 0 0 0 8 8 0.00 0.00 0.00 0.00 1.00 0.00 0.00 255 255 1.00 0.00 0.00 0.00 0.00 0.00 0.00 0.00
1 0 232 17905 0 0 0 0 0 0 0 0 0 0 0 0 18 18 0.00 0.00 0.00 0.00 1.00 0.00 0.00 255 255 1.00 0.00 0.00 0.00 0.00 0.00 0.00 0.00
1 0 206 310 0 0 0 0 0 0 0 0 0 0 0 0 7 20 0.00 0.00 0.00 0.00 1.00 0.00 0.10 255 255 1.00 0.00 0.00 0.00 0.00 0.00 0.00 0.00
1 0 216 10861 0 0 0 0 0 0 0 0 0 0 0 0 17 30 0.00 0.00 0.00 0.00 1.00 0.00 0.07 255 255 1.00 0.00 0.00 0.00 0.00 0.00 0.00 0.00
1 0 296 2445 0 0 0 0 0 0 0 0 0 0 0 0 6 6 0.00 0.00 0.00 0.00 1.00 0.00 0.00 255 255 1.00 0.00 0.00 0.00 0.00 0.00 0.00 0.00
1 0 306 2688 0 0 0 0 0 0 0 0 0 0 0 0 16 16 0.00 0.00 0.00 0.00 1.00 0.00 0.00 255 255 1.00 0.00 0.00 0.00 0.00 0.00 0.00 0.00
1 0 212 7203 0 0 0 0 0 0 0 0 0 0 0 0 4 9 0.00 0.00 0.00 0.00 1.00 0.00 0.33 255 255 1.00 0.00 0.00 0.00 0.00 0.00 0.00 0.00
1 0 227 9986 0 0 0 0 0 0 0 0 0 0 0 0 14 24 0.00 0.00 0.00 0.00 1.00 0.00 0.12 255 255 1.00 0.00 0.00 0.00 0.00 0.00 0.00 0.00
1 0 244 694 0 0 0 0 0 0 0 0 0 0 0 0 3 3 0.00 0.00 0.00 0.00 1.00 0.00 0.00 255 255 1.00 0.00 0.00 0.00 0.00 0.00 0.00 0.00
1 0 252 2445 0 0 0 0 0 0 0 0 0 0 0 0 13 13 0.00 0.00 0.00 0.00 1.00 0.00 0.00 255 255 1.00 0.00 0.00 0.00 0.00 0.00 0.00 0.00
1 0 258 38299 0 0 0 0 0 0 0 0 0 0 0 0 1 1 0.00 0.00 0.00 0.00 1.00 0.00 0.00 255 255 1.00 0.00 0.00 0.00 0.00 0.00 0.00 0.00
1 0 245 12325 0 0 0 0 0 0 0 0 0 0 0 0 9 9 0.00 0.00 0.00 0.00 1.00 0.00 0.00 255 255 1.00 0.00 0.00 0.00 0.00 0.00 0.00 0.00
1 0 323 310 0 0 0 0 0 0 0 0 0 0 0 0 11 11 0.00 0.00 0.00 0.00 1.00 0.00 0.00 255 255 1.00 0.00 0.00 0.00 0.00 0.00 0.00 0.00
1 0 328 9986 0 0 0 0 0 0 0 0 0 0 0 0 21 21 0.00 0.00 0.00 0.00 1.00 0.00 0.00 255 255 1.00 0.00 0.00 0.00 0.00 0.00 0.00 0.00
1 0 348 6250 0 0 0 0 0 0 0 0 0 0 0 0 9 9 0.00 0.00 0.00 0.00 1.00 0.00 0.00 255 255 1.00 0.00 0.00 0.00 0.00 0.00 0.00 0.00
1 0 349 17905 0 0 0 0 0 0 0 0 0 0 0 0 19 19 0.00 0.00 0.00 0.00 1.00 0.00 0.00 255 255 1.00 0.00 0.00 0.00 0.00 0.00 0.00 0.00
1 0 326 1511 0 0 0 0 0 0 0 0 0 0 0 0 8 8 0.00 0.00 0.00 0.00 1.00 0.00 0.00 255 255 1.00 0.00 0.00 0.00 0.00 0.00 0.00 0.00
1 0 333 10861 0 0 0 0 0 0 0 0 0 0 0 0 18 18 0.00 0.00 0.00 0.00 1.00 0.00 0.00 255 255 1.00 0.00 0.00 0.00 0.00 0.00 0.00 0.00
1 0 341 5278 0 0 0 0 0 0 0 0 0 0 0 0 6 6 0.00 0.00 0.00 0.00 1.00 0.00 0.00 255 255 1.00 0.00 0.00 0.00 0.00 0.00 0.00 0.00
1 0 341 253 0 0 0 0 0 0 0 0 0 0 0 0 16 16 0.00 0.00 0.00 0.00 1.00 0.00 0.00 255 255 1.00 0.00 0.00 0.00 0.00 0.00 0.00 0.00
1 0 343 2688 0 0 0 0 0 0 0 0 0 0 0 0 10 10 0.00 0.00 0.00 0.00 1.00 0.00 0.00 255 255 1.00 0.00 0.00 0.00 0.00 0.00 0.00 0.00
1 0 333 710 0 0 0 0 0 0 0 0 0 0 0 0 6 6 0.00 0.00 0.00 0.00 1.00 0.00 0.00 255 255 1.00 0.00 0.00 0.00 0.00 0.00 0.00 0.00
1 0 336 2445 0 0 0 0 0 0 0 0 0 0 0 0 3 3 0.00 0.00 0.00 0.00 1.00 0.00 0.00 255 255 1.00 0.00 0.00 0.00 0.00 0.00 0.00 0.00
1 0 323 7203 0 0 0 0 0 0 0 0 0 0 0 0 13 13 0.00 0.00 0.00 0.00 1.00 0.00 0.00 255 255 1.00 0.00 0.00 0.00 0.00 0.00 0.00 0.00
1 0 230 38299 0 0 0 0 0 0 0 0 0 0 0 0 2 2 0.00 0.00 0.00 0.00 1.00 0.00 0.00 255 255 1.00 0.00 0.00 0.00 0.00 0.00 0.00 0.00
1 0 209 2445 0 0 0 0 0 0 0 0 0 0 0 0 3 3 0.00 0.00 0.00 0.00 1.00 0.00 0.00 255 255 1.00 0.00 0.00 0.00 0.00 0.00 0.00 0.00
1 0 207 1425 0 0 0 0 0 0 0 0 0 0 0 0 13 13 0.00 0.00 0.00 0.00 1.00 0.00 0.00 255 255 1.00 0.00 0.00 0.00 0.00 0.00 0.00 0.00
1 0 177 19626 0 0 0 0 0 0 0 0 0 0 0 0 1 10 0.00 0.00 0.00 0.00 1.00 0.00 0.20 255 255 1.00 0.00 0.00 0.00 0.00 0.00 0.00 0.00
1 0 242 9432 0 0 0 0 0 0 0 0 0 0 0 0 11 11 0.00 0.00 0.00 0.00 1.00 0.00 0.00 255 255 1.00 0.00 0.00 0.00 0.00 0.00 0.00 0.00
1 0 293 253 0 0 0 0 0 0 0 0 0 0 0 0 17 17 0.00 0.00 0.00 0.00 1.00 0.00 0.00 255 255 1.00 0.00 0.00 0.00 0.00 0.00 0.00 0.00
1 0 303 660 0 0 0 0 0 0 0 0 0 0 0 0 6 6 0.00 0.00 0.00 0.00 1.00 0.00 0.00 255 255 1.00 0.00 0.00 0.00 0.00 0.00 0.00 0.00
1 0 300 9986 0 0 0 0 0 0 0 0 0 0 0 0 16 16 0.00 0.00 0.00 0.00 1.00 0.00 0.00 255 255 1.00 0.00 0.00 0.00 0.00 0.00 0.00 0.00
1 0 329 3013 0 0 0 0 0 0 0 0 0 0 0 0 5 5 0.00 0.00 0.00 0.00 1.00 0.00 0.00 255 255 1.00 0.00 0.00 0.00 0.00 0.00 0.00 0.00
1 0 342 2417 0 0 0 0 0 0 0 0 0 0 0 0 15 15 0.00 0.00 0.00 0.00 1.00 0.00 0.00 255 255 1.00 0.00 0.00 0.00 0.00 0.00 0.00 0.00
1 0 340 2238 0 0 0 0 0 0 0 0 0 0 0 0 25 25 0.00 0.00 0.00 0.00 1.00 0.00 0.00 255 255 1.00 0.00 0.00 0.00 0.00 0.00 0.00 0.00
1 0 335 1613 0 0 0 0 0 0 0 0 0 0 0 0 35 35 0.00 0.00 0.00 0.00 1.00 0.00 0.00 255 255 1.00 0.00 0.00 0.00 0.00 0.00 0.00 0.00
1 0 303 660 0 0 0 0 0 0 0 0 0 0 0 0 5 5 0.00 0.00 0.00 0.00 1.00 0.00 0.00 255 255 1.00 0.00 0.00 0.00 0.00 0.00 0.00 0.00
1 0 285 285 0 0 0 0 0 0 0 0 0 0 0 0 15 15 0.00 0.00 0.00 0.00 1.00 0.00 0.00 255 255 1.00 0.00 0.00 0.00 0.00 0.00 0.00 0.00
1 0 228 9986 0 0 0 0 0 0 0 0 0 0 0 0 3 3 0.00 0.00 0.00 0.00 1.00 0.00 0.00 255 255 1.00 0.00 0.00 0.00 0.00 0.00 0.00 0.00
1 0 214 1410 0 0 0 0 0 0 0 0 0 0 0 0 13 13 0.00 0.00 0.00 0.00 1.00 0.00 0.00 255 255 1.00 0.00 0.00 0.00 0.00 0.00 0.00 0.00
1 0 272 2261 0 0 0 0 0 0 0 0 0 0 0 0 2 2 0.00 0.00 0.00 0.00 1.00 0.00 0.00 255 255 1.00 0.00 0.00 0.00 0.00 0.00 0.00 0.00
1 0 175 426 0 0 0 0 0 0 0 0 0 0 0 0 12 12 0.00 0.00 0.00 0.00 1.00 0.00 0.00 255 255 1.00 0.00 0.00 0.00 0.00 0.00 0.00 0.00
1 0 272 928 0 0 0 0 0 0 0 0 0 0 0 0 22 22 0.00 0.00 0.00 0.00 1.00 0.00 0.00 255 255 1.00 0.00 0.00 0.00 0.00 0.00 0.00 0.00
1 0 273 3407 0 0 0 0 0 0 0 0 0 0 0 0 32 32 0.00 0.00 0.00 0.00 1.00 0.00 0.00 255 255 1.00 0.00 0.00 0.00 0.00 0.00 0.00 0.00
1 0 209 1511 0 0 0 0 0 0 0 0 0 0 0 0 2 6 0.00 0.00 0.00 0.00 1.00 0.00 0.50 255 255 1.00 0.00 0.01 0.00 0.00 0.00 0.00 0.00
1 0 232 17905 0 0 0 0 0 0 0 0 0 0 0 0 12 16 0.00 0.00 0.00 0.00 1.00 0.00 0.19 255 255 1.00 0.00 0.00 0.00 0.00 0.00 0.00 0.00
1 0 174 9738 0 0 0 0 0 0 0 0 0 0 0 0 1 1 0.00 0.00 0.00 0.00 1.00 0.00 0.00 1 255 1.00 0.00 1.00 0.01 0.00 0.00 0.00 0.00
1 0 332 2071 0 0 0 0 0 0 0 0 0 0 0 0 4 7 0.00 0.00 0.00 0.00 1.00 0.00 0.57 11 255 1.00 0.00 0.09 0.01 0.00 0.00 0.00 0.00
1 0 207 2337 0 0 0 0 0 0 0 0 0 0 0 0 7 7 0.00 0.00 0.00 0.00 1.00 0.00 0.00 21 255 1.00 0.00 0.05 0.01 0.00 0.00 0.00 0.00
1 0 250 3899 0 0 0 0 0 0 0 0 0 0 0 0 3 8 0.00 0.00 0.00 0.00 1.00 0.00 0.38 31 255 1.00 0.00 0.03 0.01 0.00 0.00 0.00 0.00
1 0 226 9644 0 0 0 0 0 0 0 0 0 0 0 0 4 4 0.00 0.00 0.00 0.00 1.00 0.00 0.00 41 255 1.00 0.00 0.02 0.01 0.00 0.00 0.00 0.00
1 0 185 343 0 0 0 0 0 0 0 0 0 0 0 0 14 14 0.00 0.00 0.00 0.00 1.00 0.00 0.00 51 255 1.00 0.00 0.02 0.01 0.00 0.00 0.00 0.00
1 0 318 1828 0 0 0 0 0 0 0 0 0 0 0 0 7 7 0.00 0.00 0.00 0.00 1.00 0.00 0.00 10 255 1.00 0.00 0.10 0.01 0.00 0.00 0.00 0.00
1 0 195 1767 0 0 0 0 0 0 0 0 0 0 0 0 2 7 0.00 0.00 0.00 0.00 1.00 0.00 0.43 20 255 1.00 0.00 0.05 0.01 0.00 0.00 0.00 0.00
1 0 197 14050 0 0 0 0 0 0 0 0 0 0 0 0 12 17 0.00 0.00 0.00 0.00 1.00 0.00 0.18 30 255 1.00 0.00 0.03 0.01 0.00 0.00 0.00 0.00
1 0 318 15938 0 0 0 0 0 0 0 0 0 0 0 0 4 4 0.00 0.00 0.00 0.00 1.00 0.00 0.00 40 255 1.00 0.00 0.03 0.01 0.00 0.00 0.00 0.00
1 0 317 5336 0 0 0 0 0 0 0 0 0 0 0 0 14 14 0.00 0.00 0.00 0.00 1.00 0.00 0.00 50 255 1.00 0.00 0.02 0.01 0.00 0.00 0.00 0.00
1 0 333 3200 0 0 0 0 0 0 0 0 0 0 0 0 4 4 0.00 0.00 0.00 0.00 1.00 0.00 0.00 4 255 1.00 0.00 0.25 0.02 0.00 0.00 0.00 0.00
1 0 164 366 0 0 0 0 0 0 0 0 0 0 0 0 1 1 0.00 0.00 0.00 0.00 1.00 0.00 0.00 1 255 1.00 0.00 1.00 0.02 0.00 0.00 0.00 0.00
1 0 226 2364 0 0 0 0 0 0 0 0 0 0 0 0 1 1 0.00 0.00 0.00 0.00 1.00 0.00 0.00 1 255 1.00 0.00 1.00 0.03 0.00 0.00 0.00 0.00
1 0 226 12695 0 0 0 0 0 0 0 0 0 0 0 0 8 8 0.00 0.00 0.00 0.00 1.00 0.00 0.00 8 255 1.00 0.00 0.12 0.04 0.00 0.00 0.00 0.00
1 0 214 1869 0 0 0 0 0 0 0 0 0 0 0 0 4 4 0.00 0.00 0.00 0.00 1.00 0.00 0.00 18 255 1.00 0.00 0.06 0.04 0.00 0.00 0.00 0.00
1 0 203 3713 0 0 0 0 0 0 0 0 0 0 0 0 14 14 0.00 0.00 0.00 0.00 1.00 0.00 0.00 28 255 1.00 0.00 0.04 0.04 0.00 0.00 0.00 0.00
1 0 213 2208 0 0 0 0 0 0 0 0 0 0 0 0 2 2 0.00 0.00 0.00 0.00 1.00 0.00 0.00 2 255 1.00 0.00 0.50 0.04 0.00 0.00 0.00 0.00
1 0 209 4325 0 0 0 0 0 0 0 0 0 0 0 0 12 12 0.00 0.00 0.00 0.00 1.00 0.00 0.00 12 255 1.00 0.00 0.08 0.04 0.00 0.00 0.00 0.00
1 0 216 2825 0 0 0 0 0 0 0 0 0 0 0 0 22 27 0.00 0.00 0.00 0.00 1.00 0.00 0.07 22 255 1.00 0.00 0.05 0.04 0.00 0.00 0.00 0.00
1 0 193 13201 0 0 0 0 0 0 0 0 0 0 0 0 6 17 0.00 0.00 0.00 0.00 1.00 0.00 0.12 32 255 1.00 0.00 0.03 0.04 0.00 0.00 0.00 0.00
1 0 218 3658 0 0 0 0 0 0 0 0 0 0 0 0 16 31 0.00 0.00 0.00 0.00 1.00 0.00 0.06 42 255 1.00 0.00 0.02 0.04 0.00 0.00 0.00 0.00
1 0 216 2825 0 0 0 0 0 0 0 0 0 0 0 0 26 42 0.00 0.00 0.00 0.00 1.00 0.00 0.05 52 255 1.00 0.00 0.02 0.04 0.00 0.00 0.00 0.00
1 0 215 7509 0 0 0 0 0 0 0 0 0 0 0 0 10 30 0.00 0.00 0.00 0.00 1.00 0.00 0.13 62 255 1.00 0.00 0.02 0.04 0.00 0.00 0.00 0.00
1 0 213 1752 0 0 0 0 0 0 0 0 0 0 0 0 20 40 0.00 0.00 0.00 0.00 1.00 0.00 0.10 72 255 1.00 0.00 0.01 0.04 0.00 0.00 0.00 0.00
1 0 249 370 0 0 0 0 0 0 0 0 0 0 0 0 4 4 0.00 0.00 0.00 0.00 1.00 0.00 0.00 4 255 1.00 0.00 0.25 0.05 0.00 0.00 0.00 0.00
1 0 246 1165 0 0 0 0 0 0 0 0 0 0 0 0 14 16 0.00 0.00 0.00 0.00 1.00 0.00 0.12 14 255 1.00 0.00 0.07 0.04 0.00 0.00 0.00 0.00
1 0 251 392 0 0 0 0 0 0 0 0 0 0 0 0 24 30 0.00 0.00 0.00 0.00 1.00 0.00 0.07 24 255 1.00 0.00 0.04 0.04 0.00 0.00 0.00 0.00
1 0 242 284 0 0 0 0 0 0 0 0 0 0 0 0 34 40 0.00 0.00 0.00 0.00 1.00 0.00 0.05 34 255 1.00 0.00 0.03 0.04 0.00 0.00 0.00 0.00
1 0 287 7333 0 0 0 0 0 0 0 0 0 0 0 0 2 2 0.00 0.00 0.00 0.00 1.00 0.00 0.00 44 255 1.00 0.00 0.02 0.04 0.00 0.00 0.00 0.00
1 0 275 1003 0 0 0 0 0 0 0 0 0 0 0 0 12 12 0.00 0.00 0.00 0.00 1.00 0.00 0.00 54 255 1.00 0.00 0.02 0.04 0.00 0.00 0.00 0.00
1 0 272 841 0 0 0 0 0 0 0 0 0 0 0 0 22 22 0.00 0.00 0.00 0.00 1.00 0.00 0.00 64 255 1.00 0.00 0.02 0.04 0.00 0.00 0.00 0.00
1 0 272 6168 0 0 0 0 0 0 0 0 0 0 0 0 2 2 0.00 0.00 0.00 0.00 1.00 0.00 0.00 74 255 1.00 0.00 0.01 0.04 0.00 0.00 0.00 0.00
1 0 273 285 0 0 0 0 0 0 0 0 0 0 0 0 12 12 0.00 0.00 0.00 0.00 1.00 0.00 0.00 84 255 1.00 0.00 0.01 0.04 0.00 0.00 0.00 0.00
1 0 269 841 0 0 0 0 0 0 0 0 0 0 0 0 22 22 0.00 0.00 0.00 0.00 1.00 0.00 0.00 94 255 1.00 0.00 0.01 0.04 0.00 0.00 0.00 0.00
1 0 274 2937 0 0 0 0 0 0 0 0 0 0 0 0 32 33 0.00 0.00 0.00 0.00 1.00 0.00 0.06 104 255 1.00 0.00 0.01 0.04 0.00 0.00 0.00 0.00
1 0 277 2937 0 0 0 0 0 0 0 0 0 0 0 0 9 9 0.00 0.00 0.00 0.00 1.00 0.00 0.00 114 255 1.00 0.00 0.01 0.04 0.00 0.00 0.00 0.00
1 0 271 781 0 0 0 0 0 0 0 0 0 0 0 0 19 19 0.00 0.00 0.00 0.00 1.00 0.00 0.00 124 255 1.00 0.00 0.01 0.03 0.00 0.00 0.00 0.00
1 0 281 392 0 0 0 0 0 0 0 0 0 0 0 0 29 29 0.00 0.00 0.00 0.00 1.00 0.00 0.00 134 255 1.00 0.00 0.01 0.03 0.00 0.00 0.00 0.00
1 0 308 370 0 0 0 0 0 0 0 0 0 0 0 0 9 9 0.00 0.00 0.00 0.00 1.00 0.00 0.00 144 255 1.00 0.00 0.01 0.02 0.00 0.00 0.00 0.00
1 0 313 1481 0 0 0 0 0 0 0 0 0 0 0 0 19 19 0.00 0.00 0.00 0.00 1.00 0.00 0.00 154 255 1.00 0.00 0.01 0.02 0.00 0.00 0.00 0.00
1 0 308 608 0 0 0 0 0 0 0 0 0 0 0 0 9 9 0.00 0.00 0.00 0.00 1.00 0.00 0.00 164 255 1.00 0.00 0.01 0.02 0.00 0.00 0.00 0.00
1 0 310 1159 0 0 0 0 0 0 0 0 0 0 0 0 19 19 0.00 0.00 0.00 0.00 1.00 0.00 0.00 174 255 1.00 0.00 0.01 0.01 0.00 0.00 0.00 0.00
1 0 239 285 0 0 0 0 0 0 0 0 0 0 0 0 10 10 0.00 0.00 0.00 0.00 1.00 0.00 0.00 184 255 1.00 0.00 0.01 0.01 0.00 0.00 0.00 0.00
1 0 276 397 0 0 0 0 0 0 0 0 0 0 0 0 1 1 0.00 0.00 0.00 0.00 1.00 0.00 0.00 194 255 1.00 0.00 0.01 0.01 0.00 0.00 0.00 0.00
1 0 274 398 0 0 0 0 0 0 0 0 0 0 0 0 11 11 0.00 0.00 0.00 0.00 1.00 0.00 0.00 204 255 1.00 0.00 0.00 0.01 0.00 0.00 0.00 0.00
1 0 317 370 0 0 0 0 0 0 0 0 0 0 0 0 9 9 0.00 0.00 0.00 0.00 1.00 0.00 0.00 214 255 1.00 0.00 0.00 0.01 0.00 0.00 0.00 0.00
1 0 317 951 0 0 0 0 0 0 0 0 0 0 0 0 19 19 0.00 0.00 0.00 0.00 1.00 0.00 0.00 224 255 1.00 0.00 0.00 0.01 0.00 0.00 0.00 0.00
1 0 308 608 0 0 0 0 0 0 0 0 0 0 0 0 5 5 0.00 0.00 0.00 0.00 1.00 0.00 0.00 234 255 1.00 0.00 0.00 0.01 0.00 0.00 0.00 0.00
1 0 317 1610 0 0 0 0 0 0 0 0 0 0 0 0 15 15 0.00 0.00 0.00 0.00 1.00 0.00 0.00 244 255 1.00 0.00 0.00 0.01 0.00 0.00 0.00 0.00
1 0 318 453 0 0 0 0 0 0 0 0 0 0 0 0 6 6 0.00 0.00 0.00 0.00 1.00 0.00 0.00 254 255 1.00 0.00 0.00 0.01 0.00 0.00 0.00 0.00
1 0 314 2971 0 0 0 0 0 0 0 0 0 0 0 0 5 5 0.00 0.00 0.00 0.00 1.00 0.00 0.00 255 255 1.00 0.00 0.00 0.00 0.00 0.00 0.00 0.00
1 0 316 453 0 0 0 0 0 0 0 0 0 0 0 0 15 15 0.00 0.00 0.00 0.00 1.00 0.00 0.00 255 255 1.00 0.00 0.00 0.00 0.00 0.00 0.00 0.00
1 0 315 1610 0 0 0 0 0 0 0 0 0 0 0 0 8 8 0.00 0.00 0.00 0.00 1.00 0.00 0.00 255 255 1.00 0.00 0.00 0.00 0.00 0.00 0.00 0.00
1 0 309 397 0 0 0 0 0 0 0 0 0 0 0 0 18 18 0.00 0.00 0.00 0.00 1.00 0.00 0.00 255 255 1.00 0.00 0.00 0.00 0.00 0.00 0.00 0.00
1 0 235 370 0 0 0 0 0 0 0 0 0 0 0 0 9 9 0.00 0.00 0.00 0.00 1.00 0.00 0.00 255 255 1.00 0.00 0.00 0.00 0.00 0.00 0.00 0.00
1 0 244 1451 0 0 0 0 0 0 0 0 0 0 0 0 19 19 0.00 0.00 0.00 0.00 1.00 0.00 0.00 255 255 1.00 0.00 0.00 0.00 0.00 0.00 0.00 0.00
1 0 238 10378 0 0 0 0 0 0 0 0 0 0 0 0 10 12 0.00 0.00 0.00 0.00 1.00 0.00 0.17 255 255 1.00 0.00 0.00 0.00 0.00 0.00 0.00 0.00
1 0 217 387 0 0 0 0 0 0 0 0 0 0 0 0 1 1 0.00 0.00 0.00 0.00 1.00 0.00 0.00 255 255 1.00 0.00 0.00 0.00 0.00 0.00 0.00 0.00
1 0 313 1481 0 0 0 0 0 0 0 0 0 0 0 0 8 8 0.00 0.00 0.00 0.00 1.00 0.00 0.00 255 255 1.00 0.00 0.00 0.00 0.00 0.00 0.00 0.00
1 0 236 18275 0 0 0 0 0 0 0 0 0 0 0 0 18 23 0.00 0.00 0.00 0.00 1.00 0.00 0.13 255 255 1.00 0.00 0.00 0.00 0.00 0.00 0.00 0.00
1 0 311 6013 0 0 0 0 0 0 0 0 0 0 0 0 9 11 0.00 0.00 0.00 0.00 1.00 0.00 0.27 255 255 1.00 0.00 0.00 0.00 0.00 0.00 0.00 0.00
1 0 313 27640 0 0 0 0 0 0 0 0 0 0 0 0 19 19 0.00 0.00 0.00 0.00 1.00 0.00 0.00 255 255 1.00 0.00 0.00 0.00 0.00 0.00 0.00 0.00
1 0 312 565 0 0 0 0 0 0 0 0 0 0 0 0 29 29 0.00 0.00 0.00 0.00 1.00 0.00 0.00 255 255 1.00 0.00 0.00 0.00 0.00 0.00 0.00 0.00
1 0 311 10378 0 0 0 0 0 0 0 0 0 0 0 0 6 6 0.00 0.00 0.00 0.00 1.00 0.00 0.00 255 255 1.00 0.00 0.00 0.00 0.00 0.00 0.00 0.00
1 0 312 924 0 0 0 0 0 0 0 0 0 0 0 0 16 16 0.00 0.00 0.00 0.00 1.00 0.00 0.00 255 255 1.00 0.00 0.00 0.00 0.00 0.00 0.00 0.00
1 0 344 7333 0 0 0 0 0 0 0 0 0 0 0 0 7 7 0.00 0.00 0.00 0.00 1.00 0.00 0.00 255 255 1.00 0.00 0.00 0.00 0.00 0.00 0.00 0.00
1 0 340 285 0 0 0 0 0 0 0 0 0 0 0 0 17 17 0.00 0.00 0.00 0.00 1.00 0.00 0.00 255 255 1.00 0.00 0.00 0.00 0.00 0.00 0.00 0.00
1 0 240 285 0 0 0 0 0 0 0 0 0 0 0 0 8 16 0.00 0.00 0.00 0.00 1.00 0.00 0.19 255 255 1.00 0.00 0.00 0.00 0.00 0.00 0.00 0.00
1 0 220 398 0 0 0 0 0 0 0 0 0 0 0 0 7 7 0.00 0.00 0.00 0.00 1.00 0.00 0.00 255 255 1.00 0.00 0.00 0.00 0.00 0.00 0.00 0.00
1 0 223 924 0 0 0 0 0 0 0 0 0 0 0 0 17 17 0.00 0.00 0.00 0.00 1.00 0.00 0.00 255 255 1.00 0.00 0.00 0.00 0.00 0.00 0.00 0.00
1 0 314 7333 0 0 0 0 0 0 0 0 0 0 0 0 8 8 0.00 0.00 0.00 0.00 1.00 0.00 0.00 255 255 1.00 0.00 0.00 0.00 0.00 0.00 0.00 0.00
1 0 310 285 0 0 0 0 0 0 0 0 0 0 0 0 18 18 0.00 0.00 0.00 0.00 1.00 0.00 0.00 255 255 1.00 0.00 0.00 0.00 0.00 0.00 0.00 0.00
1 0 235 309 0 0 0 0 0 0 0 0 0 0 0 0 6 6 0.00 0.00 0.00 0.00 1.00 0.00 0.00 255 255 1.00 0.00 0.00 0.00 0.00 0.00 0.00 0.00
1 0 241 9284 0 0 0 0 0 0 0 0 0 0 0 0 16 17 0.00 0.00 0.00 0.00 1.00 0.00 0.12 255 255 1.00 0.00 0.00 0.00 0.00 0.00 0.00 0.00
1 0 254 397 0 0 0 0 0 0 0 0 0 0 0 0 7 7 0.00 0.00 0.00 0.00 1.00 0.00 0.00 255 255 1.00 0.00 0.00 0.00 0.00 0.00 0.00 0.00
1 0 336 406 0 0 0 0 0 0 0 0 0 0 0 0 3 9 0.00 0.00 0.00 0.00 1.00 0.00 0.22 255 255 1.00 0.00 0.00 0.00 0.00 0.00 0.00 0.00
1 0 339 488 0 0 0 0 0 0 0 0 0 0 0 0 13 19 0.00 0.00 0.00 0.00 1.00 0.00 0.11 255 255 1.00 0.00 0.00 0.00 0.00 0.00 0.00 0.00
1 0 349 1426 0 0 0 0 0 0 0 0 0 0 0 0 4 4 0.00 0.00 0.00 0.00 1.00 0.00 0.00 255 255 1.00 0.00 0.00 0.00 0.00 0.00 0.00 0.00
1 0 350 2716 0 0 0 0 0 0 0 0 0 0 0 0 14 14 0.00 0.00 0.00 0.00 1.00 0.00 0.00 255 255 1.00 0.00 0.00 0.00 0.00 0.00 0.00 0.00
1 0 357 7333 0 0 0 0 0 0 0 0 0 0 0 0 24 24 0.00 0.00 0.00 0.00 1.00 0.00 0.00 255 255 1.00 0.00 0.00 0.00 0.00 0.00 0.00 0.00
1 0 349 1890 0 0 0 0 0 0 0 0 0 0 0 0 34 34 0.00 0.00 0.00 0.00 1.00 0.00 0.00 255 255 1.00 0.00 0.00 0.00 0.00 0.00 0.00 0.00
1 0 307 60990 0 0 0 0 0 0 0 0 0 0 0 0 1 1 0.00 0.00 0.00 0.00 1.00 0.00 0.00 255 255 1.00 0.00 0.00 0.00 0.00 0.00 0.00 0.00
1 0 376 285 0 0 0 0 0 0 0 0 0 0 0 0 11 11 0.00 0.00 0.00 0.00 1.00 0.00 0.00 255 255 1.00 0.00 0.00 0.00 0.00 0.00 0.00 0.00
1 0 379 370 0 0 0 0 0 0 0 0 0 0 0 0 21 21 0.00 0.00 0.00 0.00 1.00 0.00 0.00 255 255 1.00 0.00 0.00 0.00 0.00 0.00 0.00 0.00
1 0 372 284 0 0 0 0 0 0 0 0 0 0 0 0 29 29 0.00 0.00 0.00 0.00 1.00 0.00 0.00 255 255 1.00 0.00 0.00 0.00 0.00 0.00 0.00 0.00
1 0 286 1897 0 0 0 0 0 0 0 0 0 0 0 0 18 22 0.00 0.00 0.00 0.00 1.00 0.00 0.14 255 255 1.00 0.00 0.00 0.00 0.00 0.00 0.00 0.00
1 0 271 406 0 0 0 0 0 0 0 0 0 0 0 0 27 31 0.00 0.00 0.00 0.00 1.00 0.00 0.10 255 255 1.00 0.00 0.00 0.00 0.00 0.00 0.00 0.00
1 0 267 398 0 0 0 0 0 0 0 0 0 0 0 0 6 9 0.00 0.00 0.00 0.00 1.00 0.00 0.33 255 255 1.00 0.00 0.00 0.00 0.00 0.00 0.00 0.00
1 0 219 608 0 0 0 0 0 0 0 0 0 0 0 0 11 25 0.00 0.00 0.00 0.00 1.00 0.00 0.16 255 255 1.00 0.00 0.00 0.00 0.00 0.00 0.00 0.00
1 0 274 573 0 0 0 0 0 0 0 0 0 0 0 0 9 12 0.00 0.00 0.00 0.00 1.00 0.00 0.25 255 255 1.00 0.00 0.00 0.00 0.00 0.00 0.00 0.00
1 0 368 759 0 0 0 0 0 0 0 0 0 0 0 0 4 5 0.00 0.00 0.00 0.00 1.00 0.00 0.40 255 255 1.00 0.00 0.00 0.00 0.00 0.00 0.00 0.00
1 0 379 397 0 0 0 0 0 0 0 0 0 0 0 0 13 14 0.00 0.00 0.00 0.00 1.00 0.00 0.14 255 255 1.00 0.00 0.00 0.00 0.00 0.00 0.00 0.00
1 0 369 686 0 0 0 0 0 0 0 0 0 0 0 0 22 25 0.00 0.00 0.00 0.00 1.00 0.00 0.12 255 255 1.00 0.00 0.00 0.00 0.00 0.00 0.00 0.00
1 0 378 392 0 0 0 0 0 0 0 0 0 0 0 0 31 36 0.00 0.00 0.00 0.00 1.00 0.00 0.11 255 255 1.00 0.00 0.00 0.00 0.00 0.00 0.00 0.00
1 0 241 9284 0 0 0 0 0 0 0 0 0 0 0 0 2 2 0.00 0.00 0.00 0.00 1.00 0.00 0.00 255 255 1.00 0.00 0.00 0.00 0.00 0.00 0.00 0.00
1 0 235 370 0 0 0 0 0 0 0 0 0 0 0 0 11 11 0.00 0.00 0.00 0.00 1.00 0.00 0.00 255 255 1.00 0.00 0.00 0.00 0.00 0.00 0.00 0.00
1 0 307 60990 0 0 0 0 0 0 0 0 0 0 0 0 1 1 0.00 0.00 0.00 0.00 1.00 0.00 0.00 255 255 1.00 0.00 0.00 0.00 0.00 0.00 0.00 0.00
1 0 377 2937 0 0 0 0 0 0 0 0 0 0 0 0 10 10 0.00 0.00 0.00 0.00 1.00 0.00 0.00 255 255 1.00 0.00 0.00 0.00 0.00 0.00 0.00 0.00
1 0 373 300 0 0 0 0 0 0 0 0 0 0 0 0 19 19 0.00 0.00 0.00 0.00 1.00 0.00 0.00 255 255 1.00 0.00 0.00 0.00 0.00 0.00 0.00 0.00
1 0 379 370 0 0 0 0 0 0 0 0 0 0 0 0 28 28 0.00 0.00 0.00 0.00 1.00 0.00 0.00 255 255 1.00 0.00 0.00 0.00 0.00 0.00 0.00 0.00
1 0 219 608 0 0 0 0 0 0 0 0 0 0 0 0 7 7 0.00 0.00 0.00 0.00 1.00 0.00 0.00 255 255 1.00 0.00 0.00 0.00 0.00 0.00 0.00 0.00
1 0 228 1451 0 0 0 0 0 0 0 0 0 0 0 0 17 17 0.00 0.00 0.00 0.00 1.00 0.00 0.00 255 255 1.00 0.00 0.00 0.00 0.00 0.00 0.00 0.00
1 0 240 285 0 0 0 0 0 0 0 0 0 0 0 0 8 8 0.00 0.00 0.00 0.00 1.00 0.00 0.00 255 255 1.00 0.00 0.00 0.00 0.00 0.00 0.00 0.00
1 0 238 1159 0 0 0 0 0 0 0 0 0 0 0 0 18 18 0.00 0.00 0.00 0.00 1.00 0.00 0.00 255 255 1.00 0.00 0.00 0.00 0.00 0.00 0.00 0.00
1 0 217 607 0 0 0 0 0 0 0 0 0 0 0 0 8 8 0.00 0.00 0.00 0.00 1.00 0.00 0.00 255 255 1.00 0.00 0.00 0.00 0.00 0.00 0.00 0.00
1 0 218 361 0 0 0 0 0 0 0 0 0 0 0 0 18 18 0.00 0.00 0.00 0.00 1.00 0.00 0.00 255 255 1.00 0.00 0.00 0.00 0.00 0.00 0.00 0.00
1 0 210 1928 0 0 0 0 0 0 0 0 0 0 0 0 28 28 0.00 0.00 0.00 0.00 1.00 0.00 0.00 255 255 1.00 0.00 0.00 0.00 0.00 0.00 0.00 0.00
1 0 247 1957 0 0 0 0 0 0 0 0 0 0 0 0 4 4 0.00 0.00 0.00 0.00 1.00 0.00 0.00 255 255 1.00 0.00 0.00 0.00 0.00 0.00 0.00 0.00
1 0 246 1830 0 0 0 0 0 0 0 0 0 0 0 0 13 13 0.00 0.00 0.00 0.00 1.00 0.00 0.00 255 255 1.00 0.00 0.00 0.00 0.00 0.00 0.00 0.00
1 0 246 14160 0 0 0 0 0 0 0 0 0 0 0 0 23 23 0.00 0.00 0.00 0.00 1.00 0.00 0.00 255 255 1.00 0.00 0.00 0.00 0.00 0.00 0.00 0.00
1 0 336 406 0 0 0 0 0 0 0 0 0 0 0 0 4 4 0.00 0.00 0.00 0.00 1.00 0.00 0.00 255 255 1.00 0.00 0.01 0.00 0.00 0.00 0.00 0.00
1 0 340 285 0 0 0 0 0 0 0 0 0 0 0 0 14 14 0.00 0.00 0.00 0.00 1.00 0.00 0.00 255 255 1.00 0.00 0.01 0.00 0.00 0.00 0.00 0.00
1 0 374 370 0 0 0 0 0 0 0 0 0 0 0 0 5 5 0.00 0.00 0.00 0.00 1.00 0.00 0.00 255 255 1.00 0.00 0.00 0.00 0.00 0.00 0.00 0.00
1 0 266 5627 0 0 0 0 0 0 0 0 0 0 0 0 2 2 0.00 0.00 0.00 0.00 1.00 0.00 0.00 255 255 1.00 0.00 0.00 0.00 0.00 0.00 0.00 0.00
1 0 266 406 0 0 0 0 0 0 0 0 0 0 0 0 12 12 0.00 0.00 0.00 0.00 1.00 0.00 0.00 255 255 1.00 0.00 0.00 0.00 0.00 0.00 0.00 0.00
1 0 269 397 0 0 0 0 0 0 0 0 0 0 0 0 22 22 0.00 0.00 0.00 0.00 1.00 0.00 0.00 255 255 1.00 0.00 0.00 0.00 0.00 0.00 0.00 0.00
1 0 235 406 0 0 0 0 0 0 0 0 0 0 0 0 4 4 0.00 0.00 0.00 0.00 1.00 0.00 0.00 255 255 1.00 0.00 0.00 0.00 0.00 0.00 0.00 0.00
1 0 238 488 0 0 0 0 0 0 0 0 0 0 0 0 14 14 0.00 0.00 0.00 0.00 1.00 0.00 0.00 255 255 1.00 0.00 0.00 0.00 0.00 0.00 0.00 0.00
1 0 236 284 0 0 0 0 0 0 0 0 0 0 0 0 5 5 0.00 0.00 0.00 0.00 1.00 0.00 0.00 255 255 1.00 0.00 0.00 0.00 0.00 0.00 0.00 0.00
1 0 237 275 0 0 0 0 0 0 0 0 0 0 0 0 15 15 0.00 0.00 0.00 0.00 1.00 0.00 0.00 255 255 1.00 0.00 0.00 0.00 0.00 0.00 0.00 0.00
1 0 243 398 0 0 0 0 0 0 0 0 0 0 0 0 25 25 0.00 0.00 0.00 0.00 1.00 0.00 0.00 255 255 1.00 0.00 0.00 0.00 0.00 0.00 0.00 0.00
1 0 243 1160 0 0 0 0 0 0 0 0 0 0 0 0 7 7 0.00 0.00 0.00 0.00 1.00 0.00 0.00 255 255 1.00 0.00 0.00 0.00 0.00 0.00 0.00 0.00
1 0 241 382 0 0 0 0 0 0 0 0 0 0 0 0 17 17 0.00 0.00 0.00 0.00 1.00 0.00 0.00 255 255 1.00 0.00 0.00 0.00 0.00 0.00 0.00 0.00
1 0 345 390 0 0 0 0 0 0 0 0 0 0 0 0 4 40 0.00 0.00 0.00 0.00 1.00 0.00 0.10 255 255 1.00 0.00 0.00 0.00 0.00 0.00 0.00 0.00
1 0 243 398 0 0 0 0 0 0 0 0 0 0 0 0 24 24 0.00 0.00 0.00 0.00 1.00 0.00 0.00 255 255 1.00 0.00 0.00 0.00 0.00 0.00 0.00 0.00
1 0 338 275 0 0 0 0 0 0 0 0 0 0 0 0 23 59 0.00 0.00 0.00 0.00 1.00 0.00 0.07 255 255 1.00 0.00 0.00 0.00 0.00 0.00 0.00 0.00
1 0 250 390 0 0 0 0 0 0 0 0 0 0 0 0 4 4 0.00 0.00 0.00 0.00 1.00 0.00 0.00 255 255 1.00 0.00 0.00 0.00 0.00 0.00 0.00 0.00
1 0 243 275 0 0 0 0 0 0 0 0 0 0 0 0 14 14 0.00 0.00 0.00 0.00 1.00 0.00 0.00 255 255 1.00 0.00 0.00 0.00 0.00 0.00 0.00 0.00
1 0 248 1230 0 0 0 0 0 0 0 0 0 0 0 0 24 24 0.00 0.00 0.00 0.00 1.00 0.00 0.00 255 255 1.00 0.00 0.00 0.00 0.00 0.00 0.00 0.00
1 0 220 309 0 0 0 0 0 0 0 0 0 0 0 0 5 5 0.00 0.00 0.00 0.00 1.00 0.00 0.00 255 255 1.00 0.00 0.00 0.00 0.00 0.00 0.00 0.00
1 0 223 488 0 0 0 0 0 0 0 0 0 0 0 0 15 16 0.00 0.00 0.00 0.00 1.00 0.00 0.12 255 255 1.00 0.00 0.00 0.00 0.00 0.00 0.00 0.00
1 0 235 370 0 0 0 0 0 0 0 0 0 0 0 0 6 6 0.00 0.00 0.00 0.00 1.00 0.00 0.00 255 255 1.00 0.00 0.00 0.00 0.00 0.00 0.00 0.00
1 0 236 398 0 0 0 0 0 0 0 0 0 0 0 0 16 16 0.00 0.00 0.00 0.00 1.00 0.00 0.00 255 255 1.00 0.00 0.00 0.00 0.00 0.00 0.00 0.00
1 0 234 426 0 0 0 0 0 0 0 0 0 0 0 0 7 7 0.00 0.00 0.00 0.00 1.00 0.00 0.00 255 255 1.00 0.00 0.00 0.00 0.00 0.00 0.00 0.00
1 0 235 5129 0 0 0 0 0 0 0 0 0 0 0 0 17 17 0.00 0.00 0.00 0.00 1.00 0.00 0.00 255 255 1.00 0.00 0.00 0.00 0.00 0.00 0.00 0.00
1 0 223 2372 0 0 0 0 0 0 0 0 0 0 0 0 27 27 0.00 0.00 0.00 0.00 1.00 0.00 0.00 255 255 1.00 0.00 0.00 0.00 0.00 0.00 0.00 0.00
1 0 239 302 0 0 0 0 0 0 0 0 0 0 0 0 5 5 0.00 0.00 0.00 0.00 1.00 0.00 0.00 255 255 1.00 0.00 0.00 0.00 0.00 0.00 0.00 0.00
1 0 185 306 0 0 0 0 0 0 0 0 0 0 0 0 2 2 0.00 0.00 0.00 0.00 1.00 0.00 0.00 255 255 1.00 0.00 0.00 0.00 0.00 0.00 0.00 0.00
1 0 218 726 0 0 0 0 0 0 0 0 0 0 0 0 11 11 0.00 0.00 0.00 0.00 1.00 0.00 0.00 255 255 1.00 0.00 0.00 0.00 0.00 0.00 0.00 0.00
1 0 218 875 0 0 0 0 0 0 0 0 0 0 0 0 20 22 0.00 0.00 0.00 0.00 1.00 0.00 0.09 255 255 1.00 0.00 0.00 0.00 0.00 0.00 0.00 0.00
1 0 218 398 0 0 0 0 0 0 0 0 0 0 0 0 29 34 0.00 0.00 0.00 0.00 1.00 0.00 0.06 255 255 1.00 0.00 0.00 0.00 0.00 0.00 0.00 0.00
1 0 221 398 0 0 0 0 0 0 0 0 0 0 0 0 3 3 0.00 0.00 0.00 0.00 1.00 0.00 0.00 255 255 1.00 0.00 0.01 0.00 0.00 0.00 0.00 0.00
1 0 223 397 0 0 0 0 0 0 0 0 0 0 0 0 13 13 0.00 0.00 0.00 0.00 1.00 0.00 0.00 255 255 1.00 0.00 0.01 0.00 0.00 0.00 0.00 0.00
1 0 336 406 0 0 0 0 0 0 0 0 0 0 0 0 4 4 0.00 0.00 0.00 0.00 1.00 0.00 0.00 255 255 1.00 0.00 0.00 0.00 0.00 0.00 0.00 0.00
1 0 339 10378 0 0 0 0 0 0 0 0 0 0 0 0 14 14 0.00 0.00 0.00 0.00 1.00 0.00 0.00 255 255 1.00 0.00 0.00 0.00 0.00 0.00 0.00 0.00
1 0 237 275 0 0 0 0 0 0 0 0 0 0 0 0 5 5 0.00 0.00 0.00 0.00 1.00 0.00 0.00 255 255 1.00 0.00 0.00 0.00 0.00 0.00 0.00 0.00
1 0 248 640 0 0 0 0 0 0 0 0 0 0 0 0 15 15 0.00 0.00 0.00 0.00 1.00 0.00 0.00 255 255 1.00 0.00 0.00 0.00 0.00 0.00 0.00 0.00
1 0 244 390 0 0 0 0 0 0 0 0 0 0 0 0 25 25 0.00 0.00 0.00 0.00 1.00 0.00 0.00 255 255 1.00 0.00 0.00 0.00 0.00 0.00 0.00 0.00
1 0 245 397 0 0 0 0 0 0 0 0 0 0 0 0 9 9 0.00 0.00 0.00 0.00 1.00 0.00 0.00 255 255 1.00 0.00 0.00 0.00 0.00 0.00 0.00 0.00
1 0 243 398 0 0 0 0 0 0 0 0 0 0 0 0 19 23 0.00 0.00 0.00 0.00 1.00 0.00 0.09 255 255 1.00 0.00 0.00 0.00 0.00 0.00 0.00 0.00
1 0 261 507 0 0 0 0 0 0 0 0 0 0 0 0 20 24 0.00 0.00 0.00 0.00 1.00 0.00 0.08 255 255 1.00 0.00 0.00 0.00 0.00 0.00 0.00 0.00
1 0 268 608 0 0 0 0 0 0 0 0 0 0 0 0 30 34 0.00 0.00 0.00 0.00 1.00 0.00 0.06 255 255 1.00 0.00 0.00 0.00 0.00 0.00 0.00 0.00
1 0 262 677 0 0 0 0 0 0 0 0 0 0 0 0 40 44 0.00 0.00 0.00 0.00 1.00 0.00 0.05 255 255 1.00 0.00 0.00 0.00 0.00 0.00 0.00 0.00
1 0 243 1160 0 0 0 0 0 0 0 0 0 0 0 0 8 8 0.00 0.00 0.00 0.00 1.00 0.00 0.00 255 255 1.00 0.00 0.00 0.00 0.00 0.00 0.00 0.00
1 0 242 449 0 0 0 0 0 0 0 0 0 0 0 0 18 18 0.00 0.00 0.00 0.00 1.00 0.00 0.00 255 255 1.00 0.00 0.00 0.00 0.00 0.00 0.00 0.00
1 0 254 397 0 0 0 0 0 0 0 0 0 0 0 0 2 7 0.00 0.00 0.00 0.00 1.00 0.00 0.43 255 255 1.00 0.00 0.00 0.00 0.00 0.00 0.00 0.00
1 0 250 1206 0 0 0 0 0 0 0 0 0 0 0 0 12 17 0.00 0.00 0.00 0.00 1.00 0.00 0.18 255 255 1.00 0.00 0.00 0.00 0.00 0.00 0.00 0.00
1 0 251 347 0 0 0 0 0 0 0 0 0 0 0 0 22 27 0.00 0.00 0.00 0.00 1.00 0.00 0.11 255 255 1.00 0.00 0.00 0.00 0.00 0.00 0.00 0.00
1 0 317 1610 0 0 0 0 0 0 0 0 0 0 0 0 8 8 0.00 0.00 0.00 0.00 1.00 0.00 0.00 255 255 1.00 0.00 0.00 0.00 0.00 0.00 0.00 0.00
1 0 313 1481 0 0 0 0 0 0 0 0 0 0 0 0 18 18 0.00 0.00 0.00 0.00 1.00 0.00 0.00 255 255 1.00 0.00 0.00 0.00 0.00 0.00 0.00 0.00
1 0 219 309 0 0 0 0 0 0 0 0 0 0 0 0 5 5 0.00 0.00 0.00 0.00 1.00 0.00 0.00 255 255 1.00 0.00 0.01 0.00 0.00 0.00 0.00 0.00
1 0 222 488 0 0 0 0 0 0 0 0 0 0 0 0 15 15 0.00 0.00 0.00 0.00 1.00 0.00 0.00 255 255 1.00 0.00 0.01 0.00 0.00 0.00 0.00 0.00
1 0 228 1003 0 0 0 0 0 0 0 0 0 0 0 0 7 7 0.00 0.00 0.00 0.00 1.00 0.00 0.00 255 255 1.00 0.00 0.00 0.00 0.00 0.00 0.00 0.00
1 0 225 523 0 0 0 0 0 0 0 0 0 0 0 0 17 17 0.00 0.00 0.00 0.00 1.00 0.00 0.00 255 255 1.00 0.00 0.00 0.00 0.00 0.00 0.00 0.00
1 0 232 1426 0 0 0 0 0 0 0 0 0 0 0 0 27 27 0.00 0.00 0.00 0.00 1.00 0.00 0.00 255 255 1.00 0.00 0.00 0.00 0.00 0.00 0.00 0.00
1 0 226 1118 0 0 0 0 0 0 0 0 0 0 0 0 37 37 0.00 0.00 0.00 0.00 1.00 0.00 0.00 255 255 1.00 0.00 0.00 0.00 0.00 0.00 0.00 0.00
1 0 207 6993 0 0 0 0 0 0 0 0 0 0 0 0 5 5 0.00 0.00 0.00 0.00 1.00 0.00 0.00 255 255 1.00 0.00 0.00 0.00 0.00 0.00 0.00 0.00
1 0 208 6993 0 0 0 0 0 0 0 0 0 0 0 0 15 15 0.00 0.00 0.00 0.00 1.00 0.00 0.00 255 255 1.00 0.00 0.00 0.00 0.00 0.00 0.00 0.00
1 0 235 398 0 0 0 0 0 0 0 0 0 0 0 0 3 3 0.00 0.00 0.00 0.00 1.00 0.00 0.00 255 255 1.00 0.00 0.00 0.00 0.00 0.00 0.00 0.00
1 0 220 22731 0 0 0 0 0 0 0 0 0 0 0 0 13 13 0.00 0.00 0.00 0.00 1.00 0.00 0.00 255 255 1.00 0.00 0.00 0.00 0.00 0.00 0.00 0.00
1 0 223 370 0 0 0 0 0 0 0 0 0 0 0 0 7 16 0.00 0.00 0.00 0.00 1.00 0.00 0.12 255 255 1.00 0.00 0.00 0.00 0.00 0.00 0.00 0.00
1 0 223 406 0 0 0 0 0 0 0 0 0 0 0 0 17 26 0.00 0.00 0.00 0.00 1.00 0.00 0.08 255 255 1.00 0.00 0.00 0.00 0.00 0.00 0.00 0.00
1 0 245 1610 0 0 0 0 0 0 0 0 0 0 0 0 5 5 0.00 0.00 0.00 0.00 1.00 0.00 0.00 255 255 1.00 0.00 0.00 0.00 0.00 0.00 0.00 0.00
1 0 245 1451 0 0 0 0 0 0 0 0 0 0 0 0 15 15 0.00 0.00 0.00 0.00 1.00 0.00 0.00 255 255 1.00 0.00 0.00 0.00 0.00 0.00 0.00 0.00
1 0 273 546 0 0 0 0 0 0 0 0 0 0 0 0 6 17 0.00 0.00 0.00 0.00 1.00 0.00 0.24 6 255 1.00 0.00 0.17 0.01 0.00 0.00 0.00 0.00
1 0 168 1078 0 0 0 0 0 0 0 0 0 0 0 0 1 1 0.00 0.00 0.00 0.00 1.00 0.00 0.00 16 255 1.00 0.00 0.06 0.01 0.00 0.00 0.00 0.00
1 0 276 345 0 0 0 0 0 0 0 0 0 0 0 0 2 3 0.00 0.00 0.00 0.00 1.00 0.00 0.67 26 255 1.00 0.00 0.04 0.01 0.00 0.00 0.00 0.00
1 0 275 396 0 0 0 0 0 0 0 0 0 0 0 0 3 3 0.00 0.00 0.00 0.00 1.00 0.00 0.00 36 255 1.00 0.00 0.03 0.01 0.00 0.00 0.00 0.00
1 0 272 451 0 0 0 0 0 0 0 0 0 0 0 0 13 14 0.00 0.00 0.00 0.00 1.00 0.00 0.14 46 255 1.00 0.00 0.02 0.01 0.00 0.00 0.00 0.00
1 0 259 396 0 0 0 0 0 0 0 0 0 0 0 0 9 9 0.00 0.00 0.00 0.00 1.00 0.00 0.00 56 255 1.00 0.00 0.02 0.01 0.00 0.00 0.00 0.00
1 0 163 1017 0 0 0 0 0 0 0 0 0 0 0 0 1 10 0.00 0.10 0.00 0.00 1.00 0.00 0.30 66 255 1.00 0.00 0.02 0.01 0.00 0.00 0.00 0.00
1 0 227 370 0 0 0 0 0 0 0 0 0 0 0 0 8 9 0.00 0.00 0.00 0.00 1.00 0.00 0.22 8 255 1.00 0.00 0.12 0.01 0.00 0.00 0.00 0.00
1 0 236 1451 0 0 0 0 0 0 0 0 0 0 0 0 18 19 0.00 0.00 0.00 0.00 1.00 0.00 0.11 18 255 1.00 0.00 0.06 0.01 0.00 0.00 0.00 0.00
1 0 248 285 0 0 0 0 0 0 0 0 0 0 0 0 9 9 0.00 0.00 0.00 0.00 1.00 0.00 0.00 28 255 1.00 0.00 0.04 0.01 0.00 0.00 0.00 0.00
1 0 236 398 0 0 0 0 0 0 0 0 0 0 0 0 4 16 0.00 0.00 0.00 0.00 1.00 0.00 0.12 38 255 1.00 0.00 0.03 0.01 0.00 0.00 0.00 0.00
1 0 230 2936 0 0 0 0 0 0 0 0 0 0 0 0 14 26 0.00 0.00 0.00 0.00 1.00 0.00 0.08 48 255 1.00 0.00 0.02 0.01 0.00 0.00 0.00 0.00
1 0 219 608 0 0 0 0 0 0 0 0 0 0 0 0 7 7 0.00 0.00 0.00 0.00 1.00 0.00 0.00 58 255 1.00 0.00 0.02 0.01 0.00 0.00 0.00 0.00
1 0 225 9284 0 0 0 0 0 0 0 0 0 0 0 0 17 17 0.00 0.00 0.00 0.00 1.00 0.00 0.00 68 255 1.00 0.00 0.01 0.01 0.00 0.00 0.00 0.00
1 0 190 1910 0 0 0 0 0 0 0 0 0 0 0 0 2 2 0.00 0.00 0.00 0.00 1.00 0.00 0.00 2 255 1.00 0.00 0.50 0.03 0.00 0.00 0.00 0.00
1 0 204 7296 0 0 0 0 0 0 0 0 0 0 0 0 4 6 0.00 0.00 0.00 0.00 1.00 0.00 0.33 12 255 1.00 0.00 0.08 0.03 0.00 0.00 0.00 0.00
1 0 193 495 0 0 0 0 0 0 0 0 0 0 0 0 6 12 0.00 0.00 0.00 0.00 1.00 0.00 0.25 22 255 1.00 0.00 0.05 0.03 0.00 0.00 0.00 0.00
1 0 209 5537 0 0 0 0 0 0 0 0 0 0 0 0 3 8 0.00 0.00 0.00 0.00 1.00 0.00 0.25 7 255 1.00 0.00 0.14 0.03 0.00 0.00 0.00 0.00
1 0 208 9617 0 0 0 0 0 0 0 0 0 0 0 0 5 14 0.00 0.00 0.00 0.00 1.00 0.00 0.29 17 255 1.00 0.00 0.06 0.03 0.00 0.00 0.00 0.00
1 0 195 10673 0 0 0 0 0 0 0 0 0 0 0 0 4 5 0.00 0.00 0.00 0.00 1.00 0.00 0.40 27 255 1.00 0.00 0.04 0.03 0.00 0.00 0.00 0.00
1 0 197 3140 0 0 0 0 0 0 0 0 0 0 0 0 14 16 0.00 0.00 0.00 0.00 1.00 0.00 0.12 37 255 1.00 0.00 0.03 0.03 0.00 0.00 0.00 0.00
1 0 206 1707 0 0 0 0 0 0 0 0 0 0 0 0 6 6 0.00 0.00 0.00 0.00 1.00 0.00 0.00 6 255 1.00 0.00 0.17 0.04 0.00 0.00 0.00 0.00
1 0 214 2308 0 0 0 0 0 0 0 0 0 0 0 0 3 3 0.00 0.00 0.00 0.00 1.00 0.00 0.00 3 255 1.00 0.00 0.33 0.04 0.00 0.00 0.00 0.00
1 0 215 3475 0 0 0 0 0 0 0 0 0 0 0 0 13 13 0.00 0.00 0.00 0.00 1.00 0.00 0.00 13 255 1.00 0.00 0.08 0.04 0.00 0.00 0.00 0.00
1 0 287 1013 0 0 0 0 0 0 0 0 0 0 0 0 7 7 0.00 0.00 0.00 0.00 1.00 0.00 0.00 23 255 1.00 0.00 0.04 0.04 0.00 0.00 0.00 0.00
1 0 287 1192 0 0 0 0 0 0 0 0 0 0 0 0 1 1 0.00 0.00 0.00 0.00 1.00 0.00 0.00 33 255 1.00 0.00 0.03 0.04 0.00 0.00 0.00 0.00
1 0 279 1031 0 0 0 0 0 0 0 0 0 0 0 0 11 11 0.00 0.00 0.00 0.00 1.00 0.00 0.00 43 255 1.00 0.00 0.02 0.04 0.00 0.00 0.00 0.00
1 0 287 2308 0 0 0 0 0 0 0 0 0 0 0 0 3 3 0.00 0.00 0.00 0.00 1.00 0.00 0.00 53 255 1.00 0.00 0.02 0.04 0.00 0.00 0.00 0.00
1 0 288 3475 0 0 0 0 0 0 0 0 0 0 0 0 13 13 0.00 0.00 0.00 0.00 1.00 0.00 0.00 63 255 1.00 0.00 0.02 0.04 0.00 0.00 0.00 0.00
1 0 195 1733 0 0 0 0 0 0 0 0 0 0 0 0 7 10 0.00 0.00 0.00 0.00 1.00 0.00 0.20 73 255 1.00 0.00 0.01 0.04 0.00 0.00 0.00 0.00
1 0 177 23299 0 0 0 0 0 0 0 0 0 0 0 0 1 16 0.00 0.00 0.00 0.00 1.00 0.00 0.12 1 255 1.00 0.00 1.00 0.04 0.00 0.00 0.00 0.00
1 0 195 5321 0 0 0 0 0 0 0 0 0 0 0 0 6 6 0.00 0.00 0.00 0.00 1.00 0.00 0.00 6 255 1.00 0.00 0.17 0.04 0.00 0.00 0.00 0.00
1 0 213 3224 0 0 0 0 0 0 0 0 0 0 0 0 8 8 0.00 0.00 0.00 0.00 1.00 0.00 0.00 8 255 1.00 0.00 0.12 0.04 0.00 0.00 0.00 0.00
1 0 182 4165 0 0 0 0 0 0 0 0 0 0 0 0 2 8 0.00 0.00 0.00 0.00 1.00 0.00 0.25 18 255 1.00 0.00 0.06 0.04 0.00 0.00 0.00 0.00
1 0 278 607 0 0 0 0 0 0 0 0 0 0 0 0 1 1 0.00 0.00 0.00 0.00 1.00 0.00 0.00 10 255 1.00 0.00 0.10 0.05 0.10 0.00 0.00 0.00
1 0 160 584 0 0 0 0 0 0 0 0 0 0 0 0 1 1 0.00 0.00 0.00 0.00 1.00 0.00 0.00 6 255 1.00 0.00 0.17 0.05 0.00 0.00 0.00 0.00
1 0 160 584 0 0 0 0 0 0 0 0 0 0 0 0 1 1 0.00 0.00 0.00 0.00 1.00 0.00 0.00 16 255 1.00 0.00 0.06 0.05 0.00 0.00 0.00 0.00
1 0 232 584 0 0 0 0 0 0 0 0 0 0 0 0 1 1 0.00 0.00 0.00 0.00 1.00 0.00 0.00 26 255 1.00 0.00 0.04 0.05 0.00 0.00 0.00 0.00
1 0 160 584 0 0 0 0 0 0 0 0 0 0 0 0 1 1 0.00 0.00 0.00 0.00 1.00 0.00 0.00 36 255 1.00 0.00 0.03 0.05 0.00 0.00 0.00 0.00
1 0 186 11394 0 0 0 0 0 0 0 0 0 0 0 0 3 3 0.00 0.00 0.00 0.00 1.00 0.00 0.00 46 255 1.00 0.00 0.02 0.05 0.00 0.00 0.00 0.00
1 0 144 584 0 0 0 0 0 0 0 0 0 0 0 0 1 2 0.00 0.00 0.00 0.00 1.00 0.00 1.00 56 255 1.00 0.00 0.02 0.04 0.00 0.00 0.00 0.00
1 0 161 584 0 0 0 0 0 0 0 0 0 0 0 0 1 1 0.00 0.00 0.00 0.00 1.00 0.00 0.00 66 255 1.00 0.00 0.02 0.04 0.00 0.00 0.00 0.00
1 0 221 294 0 0 0 0 0 0 0 0 0 0 0 0 7 7 0.00 0.00 0.00 0.00 1.00 0.00 0.00 7 255 1.00 0.00 0.14 0.04 0.00 0.00 0.00 0.00
1 0 221 1246 0 0 0 0 0 0 0 0 0 0 0 0 17 17 0.00 0.00 0.00 0.00 1.00 0.00 0.00 17 255 1.00 0.00 0.06 0.04 0.00 0.00 0.00 0.00
1 0 218 303 0 0 0 0 0 0 0 0 0 0 0 0 8 13 0.00 0.00 0.00 0.00 1.00 0.00 0.15 27 255 1.00 0.00 0.04 0.04 0.00 0.00 0.00 0.00
1 0 214 283 0 0 0 0 0 0 0 0 0 0 0 0 18 23 0.00 0.00 0.00 0.00 1.00 0.00 0.09 37 255 1.00 0.00 0.03 0.04 0.00 0.00 0.00 0.00
1 0 215 288 0 0 0 0 0 0 0 0 0 0 0 0 6 6 0.00 0.00 0.00 0.00 1.00 0.00 0.00 47 255 1.00 0.00 0.02 0.04 0.00 0.00 0.00 0.00
1 0 221 294 0 0 0 0 0 0 0 0 0 0 0 0 16 16 0.00 0.00 0.00 0.00 1.00 0.00 0.00 57 255 1.00 0.00 0.02 0.04 0.00 0.00 0.00 0.00
1 0 215 1376 0 0 0 0 0 0 0 0 0 0 0 0 8 8 0.00 0.00 0.00 0.00 1.00 0.00 0.00 67 255 1.00 0.00 0.01 0.04 0.00 0.00 0.00 0.00
1 0 214 283 0 0 0 0 0 0 0 0 0 0 0 0 18 18 0.00 0.00 0.00 0.00 1.00 0.00 0.00 77 255 1.00 0.00 0.01 0.04 0.00 0.00 0.00 0.00
1 0 216 2055 0 0 0 0 0 0 0 0 0 0 0 0 10 14 0.00 0.00 0.00 0.00 1.00 0.00 0.14 87 255 1.00 0.00 0.01 0.04 0.00 0.00 0.00 0.00
1 0 322 294 0 0 0 0 0 0 0 0 0 0 0 0 1 1 0.00 0.00 0.00 0.00 1.00 0.00 0.00 97 255 1.00 0.00 0.01 0.04 0.00 0.00 0.00 0.00
1 0 332 4896 0 0 0 0 0 0 0 0 0 0 0 0 11 11 0.00 0.00 0.00 0.00 1.00 0.00 0.00 107 255 1.00 0.00 0.01 0.04 0.00 0.00 0.00 0.00
1 0 286 955 0 0 0 0 0 0 0 0 0 0 0 0 3 25 0.00 0.00 0.00 0.00 1.00 0.00 0.08 117 255 1.00 0.00 0.01 0.04 0.00 0.00 0.00 0.00
1 0 286 292 0 0 0 0 0 0 0 0 0 0 0 0 13 35 0.00 0.00 0.00 0.00 1.00 0.00 0.06 127 255 1.00 0.00 0.02 0.04 0.00 0.00 0.00 0.00
1 0 295 217 0 0 0 0 0 0 0 0 0 0 0 0 1 1 0.00 0.00 0.00 0.00 1.00 0.00 0.00 137 255 1.00 0.00 0.01 0.04 0.00 0.00 0.00 0.00
1 0 199 2055 0 0 0 0 0 0 0 0 0 0 0 0 10 10 0.00 0.00 0.00 0.00 1.00 0.00 0.00 147 255 1.00 0.00 0.01 0.03 0.00 0.00 0.00 0.00
1 0 184 619 0 0 0 0 0 0 0 0 0 0 0 0 2 2 0.00 0.00 0.00 0.00 1.00 0.00 0.00 157 255 1.00 0.00 0.01 0.02 0.00 0.00 0.00 0.00
1 0 217 288 0 0 0 0 0 0 0 0 0 0 0 0 10 21 0.00 0.00 0.00 0.00 1.00 0.00 0.19 167 255 1.00 0.00 0.01 0.02 0.00 0.00 0.00 0.00
1 0 265 34720 0 0 0 0 0 0 0 0 0 0 0 0 1 1 0.00 0.00 0.00 0.00 1.00 0.00 0.00 177 255 1.00 0.00 0.01 0.02 0.00 0.00 0.00 0.00
1 0 318 798 0 0 0 0 0 0 0 0 0 0 0 0 11 12 0.00 0.00 0.00 0.00 1.00 0.00 0.17 187 255 1.00 0.00 0.01 0.01 0.00 0.00 0.00 0.00
1 0 296 816 0 0 0 0 0 0 0 0 0 0 0 0 1 1 0.00 0.00 0.00 0.00 1.00 0.00 0.00 197 255 1.00 0.00 0.01 0.01 0.00 0.00 0.00 0.00
1 0 265 34720 0 0 0 0 0 0 0 0 0 0 0 0 9 9 0.00 0.00 0.00 0.00 1.00 0.00 0.00 207 255 1.00 0.00 0.00 0.01 0.00 0.00 0.00 0.00
1 0 288 26088 0 0 0 0 0 0 0 0 0 0 0 0 1 1 0.00 0.00 0.00 0.00 1.00 0.00 0.00 217 255 1.00 0.00 0.00 0.01 0.00 0.00 0.00 0.00
1 0 288 1376 0 0 0 0 0 0 0 0 0 0 0 0 9 9 0.00 0.00 0.00 0.00 1.00 0.00 0.00 227 255 1.00 0.00 0.00 0.01 0.00 0.00 0.00 0.00
1 0 291 303 0 0 0 0 0 0 0 0 0 0 0 0 1 1 0.00 0.00 0.00 0.00 1.00 0.00 0.00 237 255 1.00 0.00 0.00 0.01 0.00 0.00 0.00 0.00
1 0 288 597 0 0 0 0 0 0 0 0 0 0 0 0 11 11 0.00 0.00 0.00 0.00 1.00 0.00 0.00 247 255 1.00 0.00 0.00 0.01 0.00 0.00 0.00 0.00
1 0 322 1246 0 0 0 0 0 0 0 0 0 0 0 0 2 2 0.00 0.00 0.00 0.00 1.00 0.00 0.00 255 255 1.00 0.00 0.00 0.00 0.00 0.00 0.00 0.00
1 0 316 940 0 0 0 0 0 0 0 0 0 0 0 0 12 12 0.00 0.00 0.00 0.00 1.00 0.00 0.00 255 255 1.00 0.00 0.00 0.00 0.00 0.00 0.00 0.00
1 0 156 34720 0 0 0 0 0 0 0 0 0 0 0 0 1 1 0.00 0.00 0.00 0.00 1.00 0.00 0.00 255 255 1.00 0.00 0.01 0.00 0.00 0.00 0.00 0.00
1 0 223 4896 0 0 0 0 0 0 0 0 0 0 0 0 11 11 0.00 0.00 0.00 0.00 1.00 0.00 0.00 255 255 1.00 0.00 0.00 0.00 0.00 0.00 0.00 0.00
1 0 225 331 0 0 0 0 0 0 0 0 0 0 0 0 1 5 0.00 0.00 0.00 0.00 1.00 0.00 0.60 255 255 1.00 0.00 0.00 0.00 0.00 0.00 0.00 0.00
1 0 288 2055 0 0 0 0 0 0 0 0 0 0 0 0 9 9 0.00 0.00 0.00 0.00 1.00 0.00 0.00 255 255 1.00 0.00 0.00 0.00 0.00 0.00 0.00 0.00
1 0 306 331 0 0 0 0 0 0 0 0 0 0 0 0 1 1 0.00 0.00 0.00 0.00 1.00 0.00 0.00 255 255 1.00 0.00 0.00 0.00 0.00 0.00 0.00 0.00
1 0 202 798 0 0 0 0 0 0 0 0 0 0 0 0 8 8 0.00 0.00 0.00 0.00 1.00 0.00 0.00 255 255 1.00 0.00 0.00 0.00 0.00 0.00 0.00 0.00
1 0 206 294 0 0 0 0 0 0 0 0 0 0 0 0 18 18 0.00 0.00 0.00 0.00 1.00 0.00 0.00 255 255 1.00 0.00 0.00 0.00 0.00 0.00 0.00 0.00
1 0 290 1324 0 0 0 0 0 0 0 0 0 0 0 0 2 2 0.00 0.00 0.00 0.00 1.00 0.00 0.00 10 255 1.00 0.00 0.10 0.01 0.00 0.00 0.00 0.00
1 0 308 1463 0 0 0 0 0 0 0 0 0 0 0 0 2 2 0.00 0.00 0.00 0.00 1.00 0.00 0.00 2 255 1.00 0.00 0.50 0.02 0.00 0.00 0.00 0.00
1 0 317 409 0 0 0 0 0 0 0 0 0 0 0 0 12 12 0.00 0.00 0.00 0.00 1.00 0.00 0.00 12 255 1.00 0.00 0.08 0.02 0.00 0.00 0.00 0.00
1 0 319 1772 0 0 0 0 0 0 0 0 0 0 0 0 8 8 0.00 0.00 0.00 0.00 1.00 0.00 0.00 22 255 1.00 0.00 0.05 0.02 0.00 0.00 0.00 0.00
1 0 318 1448 0 0 0 0 0 0 0 0 0 0 0 0 7 7 0.00 0.00 0.00 0.00 1.00 0.00 0.00 32 255 1.00 0.00 0.03 0.02 0.00 0.00 0.00 0.00
1 0 316 1652 0 0 0 0 0 0 0 0 0 0 0 0 6 6 0.00 0.00 0.00 0.00 1.00 0.00 0.00 42 255 1.00 0.00 0.02 0.02 0.00 0.00 0.00 0.00
1 0 317 1448 0 0 0 0 0 0 0 0 0 0 0 0 5 5 0.00 0.00 0.00 0.00 1.00 0.00 0.00 52 255 1.00 0.00 0.02 0.02 0.00 0.00 0.00 0.00
1 0 314 1542 0 0 0 0 0 0 0 0 0 0 0 0 4 17 0.00 0.00 0.00 0.00 1.00 0.00 0.12 62 255 1.00 0.00 0.02 0.02 0.00 0.00 0.00 0.00
1 0 319 1652 0 0 0 0 0 0 0 0 0 0 0 0 3 3 0.00 0.00 0.00 0.00 1.00 0.00 0.00 72 255 1.00 0.00 0.01 0.02 0.00 0.00 0.00 0.00
1 0 317 2095 0 0 0 0 0 0 0 0 0 0 0 0 13 13 0.00 0.00 0.00 0.00 1.00 0.00 0.00 82 255 1.00 0.00 0.01 0.02 0.00 0.00 0.00 0.00
1 0 270 7676 0 0 0 0 0 0 0 0 0 0 0 0 23 23 0.00 0.00 0.00 0.00 1.00 0.00 0.00 92 255 1.00 0.00 0.01 0.02 0.00 0.00 0.00 0.00
1 0 318 1542 0 0 0 0 0 0 0 0 0 0 0 0 9 19 0.00 0.00 0.00 0.00 1.00 0.00 0.11 102 255 1.00 0.00 0.01 0.02 0.00 0.00 0.00 0.00
1 0 323 7779 0 0 0 0 0 0 0 0 0 0 0 0 1 1 0.00 0.00 0.00 0.00 1.00 0.00 0.00 1 255 1.00 0.00 1.00 0.02 0.00 0.00 0.00 0.00
1 0 290 3163 0 0 0 0 0 0 0 0 0 0 0 0 1 1 0.00 0.00 0.00 0.00 1.00 0.00 0.00 8 255 1.00 0.00 0.12 0.03 0.00 0.00 0.00 0.00
1 0 288 21778 0 0 0 0 0 0 0 0 0 0 0 0 1 2 0.00 0.00 0.00 0.00 1.00 0.00 1.00 18 255 1.00 0.00 0.06 0.03 0.00 0.00 0.00 0.00
1 0 194 3163 0 0 0 0 0 0 0 0 0 0 0 0 2 2 0.00 0.00 0.00 0.00 1.00 0.00 0.00 28 255 1.00 0.00 0.04 0.03 0.00 0.00 0.00 0.00
1 0 204 3163 0 0 0 0 0 0 0 0 0 0 0 0 5 5 0.00 0.00 0.00 0.00 1.00 0.00 0.00 38 255 1.00 0.00 0.03 0.03 0.05 0.01 0.00 0.00
1 0 217 6366 0 0 0 0 0 0 0 0 0 0 0 0 5 15 0.00 0.00 0.00 0.00 1.00 0.00 0.13 48 255 1.00 0.00 0.02 0.03 0.04 0.01 0.00 0.00
1 0 200 1904 0 0 0 0 0 0 0 0 0 0 0 0 6 6 0.00 0.00 0.00 0.00 1.00 0.00 0.00 58 255 1.00 0.00 0.02 0.03 0.03 0.01 0.00 0.00
1 0 157 4641 0 0 0 0 0 0 0 0 0 0 0 0 2 2 0.00 0.00 0.00 0.00 1.00 0.00 0.00 68 255 1.00 0.00 0.01 0.03 0.03 0.01 0.00 0.00
1 0 158 3269 0 0 0 0 0 0 0 0 0 0 0 0 1 1 0.00 0.00 0.00 0.00 1.00 0.00 0.00 78 255 1.00 0.00 0.01 0.03 0.03 0.01 0.00 0.00
1 0 318 4227 0 0 0 0 0 0 0 0 0 0 0 0 1 2 0.00 0.00 0.00 0.00 1.00 0.00 1.00 10 255 1.00 0.00 0.10 0.04 0.00 0.01 0.00 0.00
1 0 240 1829 0 0 0 0 0 0 0 0 0 0 0 0 2 11 0.00 0.00 0.00 0.00 1.00 0.00 0.18 20 255 1.00 0.00 0.05 0.04 0.00 0.01 0.00 0.00
1 0 196 10180 0 0 0 0 0 0 0 0 0 0 0 0 2 13 0.00 0.00 0.00 0.00 1.00 0.00 0.23 30 255 1.00 0.00 0.03 0.04 0.00 0.01 0.00 0.00
1 0 310 8222 0 0 0 0 0 0 0 0 0 0 0 0 1 2 0.00 0.00 0.00 0.00 1.00 0.00 1.00 40 255 1.00 0.00 0.03 0.04 0.00 0.01 0.00 0.00
1 0 323 1808 0 0 0 0 0 0 0 0 0 0 0 0 3 8 0.00 0.00 0.00 0.00 1.00 0.00 0.25 50 255 1.00 0.00 0.02 0.03 0.00 0.01 0.00 0.00
1 0 317 6690 0 0 0 0 0 0 0 0 0 0 0 0 1 1 0.00 0.00 0.00 0.00 1.00 0.00 0.00 60 255 1.00 0.00 0.02 0.03 0.00 0.01 0.00 0.00
1 0 223 5231 0 0 0 0 0 0 0 0 0 0 0 0 2 8 0.00 0.00 0.00 0.00 1.00 0.00 0.25 70 255 1.00 0.00 0.01 0.02 0.00 0.01 0.00 0.00
1 0 143 9534 0 0 0 0 0 0 0 0 0 0 0 0 1 4 0.00 0.00 0.00 0.00 1.00 0.00 0.75 4 255 1.00 0.00 0.25 0.03 0.00 0.01 0.00 0.00
1 0 333 250 0 0 0 0 0 0 0 0 0 0 0 0 1 1 0.00 0.00 0.00 0.00 1.00 0.00 0.00 14 255 1.00 0.00 0.07 0.03 0.00 0.01 0.00 0.00
1 0 337 2825 0 0 0 0 0 0 0 0 0 0 0 0 4 4 0.00 0.00 0.00 0.00 1.00 0.00 0.00 24 255 1.00 0.00 0.04 0.03 0.00 0.01 0.00 0.00
1 0 328 2431 0 0 0 0 0 0 0 0 0 0 0 0 6 8 0.00 0.00 0.00 0.00 1.00 0.00 0.25 34 255 1.00 0.00 0.03 0.03 0.00 0.01 0.00 0.00
1 0 326 11740 0 0 0 0 0 0 0 0 0 0 0 0 1 24 0.00 0.00 0.00 0.00 1.00 0.00 0.08 44 255 1.00 0.00 0.02 0.03 0.00 0.01 0.00 0.00
1 0 247 2431 0 0 0 0 0 0 0 0 0 0 0 0 1 1 0.00 0.00 0.00 0.00 1.00 0.00 0.00 54 255 1.00 0.00 0.02 0.03 0.00 0.01 0.00 0.00
1 0 259 245 0 0 0 0 0 0 0 0 0 0 0 0 11 13 0.00 0.00 0.00 0.00 1.00 0.00 0.15 64 255 1.00 0.00 0.02 0.03 0.00 0.01 0.00 0.00
1 0 274 824 0 0 0 0 0 0 0 0 0 0 0 0 8 9 0.00 0.00 0.00 0.00 1.00 0.00 0.22 74 255 1.00 0.00 0.01 0.03 0.00 0.01 0.00 0.00
1 0 277 801 0 0 0 0 0 0 0 0 0 0 0 0 6 6 0.00 0.00 0.00 0.00 1.00 0.00 0.00 84 255 1.00 0.00 0.01 0.03 0.00 0.01 0.00 0.00
1 0 240 2825 0 0 0 0 0 0 0 0 0 0 0 0 2 2 0.00 0.00 0.00 0.00 1.00 0.00 0.00 94 255 1.00 0.00 0.01 0.02 0.00 0.01 0.00 0.00
1 0 247 2431 0 0 0 0 0 0 0 0 0 0 0 0 5 5 0.00 0.00 0.00 0.00 1.00 0.00 0.00 104 255 1.00 0.00 0.01 0.01 0.00 0.01 0.00 0.00
1 0 247 2431 0 0 0 0 0 0 0 0 0 0 0 0 5 5 0.00 0.00 0.00 0.00 1.00 0.00 0.00 114 255 1.00 0.00 0.01 0.01 0.00 0.01 0.00 0.00
1 0 211 2873 0 0 0 0 0 0 0 0 0 0 0 0 7 15 0.00 0.00 0.00 0.00 1.00 0.00 0.20 124 255 1.00 0.00 0.01 0.01 0.00 0.01 0.00 0.00
1 0 346 2627 0 0 0 0 0 0 0 0 0 0 0 0 4 5 0.00 0.00 0.00 0.00 1.00 0.00 0.40 134 255 1.00 0.00 0.01 0.01 0.00 0.00 0.00 0.00
1 0 315 9534 0 0 0 0 0 0 0 0 0 0 0 0 1 2 0.00 0.00 0.00 0.00 1.00 0.00 1.00 144 255 1.00 0.00 0.01 0.01 0.00 0.00 0.00 0.00
1 0 280 18968 0 0 0 0 0 0 0 0 0 0 0 0 3 3 0.00 0.00 0.00 0.00 1.00 0.00 0.00 154 255 1.00 0.00 0.01 0.01 0.00 0.00 0.00 0.00
1 0 328 3960 0 0 0 0 0 0 0 0 0 0 0 0 7 7 0.00 0.00 0.00 0.00 1.00 0.00 0.00 164 255 1.00 0.00 0.01 0.01 0.00 0.00 0.00 0.00
1 3 260 9534 0 0 0 0 0 0 0 0 0 0 0 0 1 1 0.00 0.00 0.00 0.00 1.00 0.00 0.00 174 255 1.00 0.00 0.01 0.01 0.00 0.00 0.00 0.00
1 0 328 9534 0 0 0 0 0 0 0 0 0 0 0 0 1 2 0.00 0.00 0.00 0.00 1.00 0.00 1.00 184 255 1.00 0.00 0.01 0.01 0.00 0.00 0.00 0.00
1 0 248 1039 0 0 0 0 0 0 0 0 0 0 0 0 7 8 0.00 0.00 0.00 0.00 1.00 0.00 0.25 194 255 1.00 0.00 0.01 0.01 0.00 0.00 0.00 0.00
1 0 332 1432 0 0 0 0 0 0 0 0 0 0 0 0 2 5 0.00 0.00 0.00 0.00 1.00 0.00 0.60 4 255 1.00 0.00 0.25 0.01 0.00 0.00 0.00 0.00
1 0 247 3862 0 0 0 0 0 0 0 0 0 0 0 0 2 4 0.00 0.00 0.00 0.00 1.00 0.00 0.75 14 255 1.00 0.00 0.07 0.01 0.00 0.00 0.00 0.00
1 0 380 2367 0 0 0 0 0 0 0 0 0 0 0 0 6 7 0.00 0.00 0.00 0.00 1.00 0.00 0.29 7 255 1.00 0.00 0.14 0.02 0.00 0.00 0.00 0.00
1 0 391 833 0 0 0 0 0 0 0 0 0 0 0 0 3 3 0.00 0.00 0.00 0.00 1.00 0.00 0.00 17 255 1.00 0.00 0.06 0.02 0.00 0.00 0.00 0.00
1 0 389 824 0 0 0 0 0 0 0 0 0 0 0 0 13 14 0.00 0.00 0.00 0.00 1.00 0.00 0.14 27 255 1.00 0.00 0.04 0.02 0.00 0.00 0.00 0.00
1 0 377 1911 0 0 0 0 0 0 0 0 0 0 0 0 10 10 0.00 0.00 0.00 0.00 1.00 0.00 0.00 37 255 1.00 0.00 0.03 0.02 0.00 0.00 0.00 0.00
1 0 381 769 0 0 0 0 0 0 0 0 0 0 0 0 7 14 0.00 0.00 0.00 0.00 1.00 0.00 0.14 47 255 1.00 0.00 0.02 0.01 0.00 0.00 0.00 0.00
1 0 375 529 0 0 0 0 0 0 0 0 0 0 0 0 4 4 0.00 0.00 0.00 0.00 1.00 0.00 0.00 57 255 1.00 0.00 0.02 0.01 0.00 0.00 0.00 0.00
1 0 301 9557 0 0 0 0 0 0 0 0 0 0 0 0 1 2 0.00 0.00 0.00 0.00 1.00 0.00 1.00 67 255 1.00 0.00 0.01 0.01 0.00 0.00 0.00 0.00
1 0 352 2367 0 0 0 0 0 0 0 0 0 0 0 0 4 18 0.00 0.00 0.00 0.00 1.00 0.00 0.11 77 255 1.00 0.00 0.01 0.01 0.00 0.00 0.00 0.00
1 0 268 7654 0 0 0 0 0 0 0 0 0 0 0 0 1 2 0.00 0.00 0.00 0.00 1.00 0.00 1.00 87 255 1.00 0.00 0.01 0.01 0.00 0.00 0.00 0.00
1 0 347 1210 0 0 0 0 0 0 0 0 0 0 0 0 11 13 0.00 0.00 0.00 0.00 1.00 0.00 0.23 97 255 1.00 0.00 0.01 0.01 0.00 0.00 0.00 0.00
1 0 362 901 0 0 0 0 0 0 0 0 0 0 0 0 8 9 0.00 0.00 0.00 0.00 1.00 0.00 0.22 107 255 1.00 0.00 0.01 0.01 0.00 0.00 0.00 0.00
1 0 353 769 0 0 0 0 0 0 0 0 0 0 0 0 5 6 0.00 0.00 0.00 0.00 1.00 0.00 0.33 117 255 1.00 0.00 0.01 0.01 0.00 0.00 0.00 0.00
1 0 347 1210 0 0 0 0 0 0 0 0 0 0 0 0 2 2 0.00 0.00 0.00 0.00 1.00 0.00 0.00 127 255 1.00 0.00 0.01 0.01 0.00 0.00 0.00 0.00
1 0 336 2431 0 0 0 0 0 0 0 0 0 0 0 0 12 13 0.00 0.00 0.00 0.00 1.00 0.00 0.15 137 255 1.00 0.00 0.01 0.01 0.00 0.00 0.00 0.00
1 0 290 4569 0 0 0 0 0 0 0 0 0 0 0 0 3 3 0.00 0.00 0.00 0.00 1.00 0.00 0.00 3 255 1.00 0.00 0.33 0.02 0.00 0.00 0.00 0.00
1 0 205 5183 0 0 0 0 0 0 0 0 0 0 0 0 6 6 0.00 0.00 0.00 0.00 1.00 0.00 0.00 6 255 1.00 0.00 0.17 0.02 0.00 0.00 0.00 0.00
1 0 201 3449 0 0 0 0 0 0 0 0 0 0 0 0 5 6 0.00 0.00 0.00 0.00 1.00 0.00 0.33 16 255 1.00 0.00 0.06 0.02 0.00 0.00 0.00 0.00
1 0 200 2622 0 0 1 0 0 1 0 0 0 0 0 0 15 18 0.00 0.00 0.00 0.00 1.00 0.00 0.17 26 255 1.00 0.00 0.04 0.02 0.00 0.00 0.00 0.00
1 0 201 1453 0 0 0 0 0 0 0 0 0 0 0 0 25 28 0.00 0.00 0.00 0.00 1.00 0.00 0.11 36 255 1.00 0.00 0.03 0.02 0.00 0.00 0.00 0.00
1 0 205 5183 0 0 0 0 0 0 0 0 0 0 0 0 6 6 0.00 0.00 0.00 0.00 1.00 0.00 0.00 46 255 1.00 0.00 0.02 0.02 0.00 0.00 0.00 0.00
1 0 202 7817 0 0 0 0 0 0 0 0 0 0 0 0 16 18 0.00 0.00 0.00 0.00 1.00 0.00 0.17 56 255 1.00 0.00 0.02 0.02 0.00 0.00 0.00 0.00
1 0 202 4289 0 0 0 0 0 0 0 0 0 0 0 0 26 29 0.00 0.00 0.00 0.00 1.00 0.00 0.10 66 255 1.00 0.00 0.02 0.02 0.00 0.00 0.00 0.00
1 0 202 1420 0 0 0 0 0 0 0 0 0 0 0 0 36 39 0.00 0.00 0.00 0.00 1.00 0.00 0.08 76 255 1.00 0.00 0.01 0.02 0.00 0.00 0.00 0.00
1 0 201 1268 0 0 0 0 0 0 0 0 0 0 0 0 6 7 0.00 0.00 0.00 0.00 1.00 0.00 0.29 86 255 1.00 0.00 0.01 0.02 0.00 0.00 0.00 0.00
1 0 203 1017 0 0 0 0 0 0 0 0 0 0 0 0 16 19 0.00 0.00 0.00 0.00 1.00 0.00 0.16 96 255 1.00 0.00 0.01 0.02 0.00 0.00 0.00 0.00
1 0 202 1420 0 0 0 0 0 0 0 0 0 0 0 0 26 29 0.00 0.00 0.00 0.00 1.00 0.00 0.10 106 255 1.00 0.00 0.01 0.01 0.00 0.00 0.00 0.00
1 0 200 867 0 0 0 0 0 0 0 0 0 0 0 0 36 39 0.00 0.00 0.00 0.00 1.00 0.00 0.08 116 255 1.00 0.00 0.01 0.01 0.00 0.00 0.00 0.00
1 0 199 4792 0 0 0 0 0 0 0 0 0 0 0 0 6 8 0.00 0.00 0.00 0.00 1.00 0.00 0.38 126 255 1.00 0.00 0.01 0.01 0.00 0.00 0.00 0.00
1 0 203 3543 0 0 0 0 0 0 0 0 0 0 0 0 16 18 0.00 0.00 0.00 0.00 1.00 0.00 0.17 136 255 1.00 0.00 0.01 0.01 0.00 0.00 0.00 0.00
1 0 202 1420 0 0 0 0 0 0 0 0 0 0 0 0 26 28 0.00 0.00 0.00 0.00 1.00 0.00 0.11 146 255 1.00 0.00 0.01 0.01 0.00 0.00 0.00 0.00
1 0 200 2400 0 0 0 0 0 0 0 0 0 0 0 0 36 39 0.00 0.00 0.00 0.00 1.00 0.00 0.08 156 255 1.00 0.00 0.01 0.01 0.00 0.00 0.00 0.00
1 0 202 7619 0 0 0 0 0 0 0 0 0 0 0 0 6 6 0.00 0.00 0.00 0.00 1.00 0.00 0.00 6 255 1.00 0.00 0.17 0.02 0.00 0.00 0.00 0.00
1 0 203 3874 0 0 0 0 0 0 0 0 0 0 0 0 16 16 0.00 0.00 0.00 0.00 1.00 0.00 0.00 16 255 1.00 0.00 0.06 0.02 0.00 0.00 0.00 0.00
1 0 220 7310 0 0 0 0 0 0 0 0 0 0 0 0 5 5 0.00 0.00 0.00 0.00 1.00 0.00 0.00 26 255 1.00 0.00 0.04 0.02 0.00 0.00 0.00 0.00
1 0 221 7907 0 0 0 0 0 0 0 0 0 0 0 0 15 15 0.00 0.00 0.00 0.00 1.00 0.00 0.00 36 255 1.00 0.00 0.03 0.02 0.00 0.00 0.00 0.00
1 0 324 355 0 0 0 0 0 0 0 0 0 0 0 0 1 14 0.00 0.00 0.00 0.00 1.00 0.00 0.29 4 255 1.00 0.00 0.25 0.02 0.00 0.00 0.00 0.00
1 0 213 540 0 0 0 0 0 0 0 0 0 0 0 0 1 5 0.00 0.00 0.00 0.00 1.00 0.00 0.40 14 255 1.00 0.00 0.07 0.02 0.00 0.00 0.00 0.00
1 0 299 1177 0 0 0 0 0 0 0 0 0 0 0 0 6 6 0.00 0.00 0.00 0.00 1.00 0.00 0.00 6 255 1.00 0.00 0.17 0.03 0.00 0.00 0.00 0.00
1 0 303 1688 0 0 0 0 0 0 0 0 0 0 0 0 16 17 0.00 0.00 0.00 0.00 1.00 0.00 0.12 16 255 1.00 0.00 0.06 0.03 0.00 0.00 0.00 0.00
1 0 303 1496 0 0 0 0 0 0 0 0 0 0 0 0 5 6 0.00 0.00 0.00 0.00 1.00 0.00 0.33 26 255 1.00 0.00 0.04 0.03 0.00 0.00 0.00 0.00
1 0 298 1231 0 0 0 0 0 0 0 0 0 0 0 0 3 4 0.00 0.00 0.00 0.00 1.00 0.00 0.50 36 255 1.00 0.00 0.03 0.02 0.00 0.00 0.00 0.00
1 0 300 2356 0 0 0 0 0 0 0 0 0 0 0 0 1 1 0.00 0.00 0.00 0.00 1.00 0.00 0.00 46 255 1.00 0.00 0.02 0.02 0.00 0.00 0.00 0.00
1 0 305 1496 0 0 0 0 0 0 0 0 0 0 0 0 3 3 0.00 0.00 0.00 0.00 1.00 0.00 0.00 56 255 1.00 0.00 0.02 0.02 0.00 0.00 0.00 0.00
1 0 305 2898 0 0 0 0 0 0 0 0 0 0 0 0 13 14 0.00 0.00 0.00 0.00 1.00 0.00 0.14 66 255 1.00 0.00 0.02 0.02 0.00 0.00 0.00 0.00
1 0 308 2436 0 0 0 0 0 0 0 0 0 0 0 0 2 2 0.00 0.00 0.00 0.00 1.00 0.00 0.00 76 255 1.00 0.00 0.01 0.02 0.00 0.00 0.00 0.00
1 0 302 2356 0 0 0 0 0 0 0 0 0 0 0 0 3 3 0.00 0.00 0.00 0.00 1.00 0.00 0.00 86 255 1.00 0.00 0.01 0.02 0.00 0.00 0.00 0.00
1 0 301 1297 0 0 0 0 0 0 0 0 0 0 0 0 10 10 0.00 0.00 0.00 0.00 1.00 0.00 0.00 96 255 1.00 0.00 0.01 0.02 0.00 0.00 0.00 0.00
1 0 229 628 0 0 0 0 0 0 0 0 0 0 0 0 2 2 0.00 0.00 0.00 0.00 1.00 0.00 0.00 2 255 1.00 0.00 0.50 0.02 0.00 0.00 0.00 0.00
1 0 143 310 0 0 0 0 0 0 0 0 0 0 0 0 1 1 0.00 0.00 0.00 0.00 1.00 0.00 0.00 2 255 1.00 0.00 0.50 0.03 0.00 0.00 0.00 0.00
1 0 199 1081 0 0 0 0 0 0 0 0 0 0 0 0 8 8 0.00 0.00 0.00 0.00 1.00 0.00 0.00 8 255 1.00 0.00 0.12 0.03 0.00 0.00 0.00 0.00
1 0 206 1395 0 0 0 0 0 0 0 0 0 0 0 0 18 19 0.00 0.00 0.00 0.00 1.00 0.00 0.11 18 255 1.00 0.00 0.06 0.03 0.00 0.00 0.00 0.00
1 0 202 1385 0 0 0 0 0 0 0 0 0 0 0 0 28 29 0.00 0.00 0.00 0.00 1.00 0.00 0.07 28 255 1.00 0.00 0.04 0.03 0.00 0.00 0.00 0.00
1 0 232 13351 0 0 0 0 0 0 0 0 0 0 0 0 1 1 0.00 0.00 0.00 0.00 1.00 0.00 0.00 1 255 1.00 0.00 1.00 0.04 0.00 0.00 0.00 0.00
1 0 289 1933 0 0 0 0 0 0 0 0 0 0 0 0 11 11 0.00 0.00 0.00 0.00 1.00 0.00 0.00 11 255 1.00 0.00 0.09 0.04 0.00 0.00 0.00 0.00
1 0 290 29710 0 0 0 0 0 0 0 0 0 0 0 0 21 21 0.00 0.00 0.00 0.00 1.00 0.00 0.00 21 255 1.00 0.00 0.05 0.04 0.00 0.00 0.00 0.00
1 0 300 2725 0 0 0 0 0 0 0 0 0 0 0 0 1 5 0.00 0.00 0.00 0.00 1.00 0.00 0.60 1 255 1.00 0.00 1.00 0.06 0.00 0.00 0.00 0.00
1 0 299 2057 0 0 0 0 0 0 0 0 0 0 0 0 11 16 0.00 0.00 0.00 0.00 1.00 0.00 0.19 11 255 1.00 0.00 0.09 0.05 0.00 0.00 0.00 0.00
1 0 152 35215 0 0 0 0 0 0 0 0 0 0 0 0 1 1 0.00 0.00 0.00 0.00 1.00 0.00 0.00 1 255 1.00 0.00 1.00 0.06 0.00 0.00 0.00 0.00
1 0 229 1342 0 0 0 0 0 0 0 0 0 0 0 0 11 11 0.00 0.00 0.00 0.00 1.00 0.00 0.00 11 255 1.00 0.00 0.09 0.06 0.00 0.00 0.00 0.00
1 0 234 7886 0 0 0 0 0 0 0 0 0 0 0 0 21 21 0.00 0.00 0.00 0.00 1.00 0.00 0.00 21 255 1.00 0.00 0.05 0.06 0.00 0.00 0.00 0.00
1 0 253 1001 0 0 0 0 0 0 0 0 0 0 0 0 3 3 0.00 0.00 0.00 0.00 1.00 0.00 0.00 31 255 1.00 0.00 0.03 0.06 0.00 0.00 0.00 0.00
1 0 375 9984 0 0 0 0 0 0 0 0 0 0 0 0 13 13 0.00 0.00 0.00 0.00 1.00 0.00 0.00 41 255 1.00 0.00 0.02 0.06 0.00 0.00 0.00 0.00
1 0 263 3327 0 0 0 0 0 0 0 0 0 0 0 0 23 23 0.00 0.00 0.00 0.00 1.00 0.00 0.00 51 255 1.00 0.00 0.02 0.05 0.00 0.00 0.00 0.00
1 0 274 2858 0 0 0 0 0 0 0 0 0 0 0 0 10 10 0.00 0.00 0.00 0.00 1.00 0.00 0.00 61 255 1.00 0.00 0.02 0.05 0.00 0.00 0.00 0.00
1 0 234 1931 0 0 0 0 0 0 0 0 0 0 0 0 5 5 0.00 0.00 0.00 0.00 1.00 0.00 0.00 71 255 1.00 0.00 0.01 0.05 0.00 0.00 0.00 0.00
1 0 236 2015 0 0 0 0 0 0 0 0 0 0 0 0 15 15 0.00 0.00 0.00 0.00 1.00 0.00 0.00 81 255 1.00 0.00 0.01 0.05 0.00 0.00 0.00 0.00
1 0 231 2313 0 0 0 0 0 0 0 0 0 0 0 0 25 25 0.00 0.00 0.00 0.00 1.00 0.00 0.00 91 255 1.00 0.00 0.01 0.05 0.00 0.00 0.00 0.00
1 0 250 261 0 0 0 0 0 0 0 0 0 0 0 0 7 7 0.00 0.00 0.00 0.00 1.00 0.00 0.00 101 255 1.00 0.00 0.01 0.05 0.00 0.00 0.00 0.00
1 0 250 409 0 0 0 0 0 0 0 0 0 0 0 0 17 17 0.00 0.00 0.00 0.00 1.00 0.00 0.00 111 255 1.00 0.00 0.01 0.05 0.00 0.00 0.00 0.00
1 0 264 1398 0 0 0 0 0 0 0 0 0 0 0 0 27 27 0.00 0.00 0.00 0.00 1.00 0.00 0.00 121 255 1.00 0.00 0.01 0.05 0.00 0.00 0.00 0.00
1 0 349 1374 0 0 0 0 0 0 0 0 0 0 0 0 2 42 0.00 0.00 0.00 0.00 1.00 0.00 0.05 131 255 1.00 0.00 0.01 0.05 0.00 0.00 0.00 0.00
1 0 352 762 0 0 0 0 0 0 0 0 0 0 0 0 12 52 0.08 0.02 0.00 0.00 1.00 0.00 0.04 141 255 1.00 0.00 0.01 0.05 0.01 0.00 0.00 0.00
1 0 352 2015 0 0 0 0 0 0 0 0 0 0 0 0 22 48 0.05 0.02 0.00 0.00 1.00 0.00 0.04 151 255 1.00 0.00 0.01 0.05 0.01 0.00 0.00 0.00
1 0 513 7750 0 0 0 0 0 0 0 0 0 0 0 0 4 4 0.00 0.00 0.00 0.00 1.00 0.00 0.00 161 255 1.00 0.00 0.01 0.05 0.01 0.00 0.00 0.00
1 0 382 255 0 0 0 0 0 0 0 0 0 0 0 0 14 14 0.00 0.00 0.00 0.00 1.00 0.00 0.00 171 255 1.00 0.00 0.01 0.04 0.01 0.00 0.00 0.00
1 0 352 762 0 0 0 0 0 0 0 0 0 0 0 0 7 7 0.00 0.00 0.00 0.00 1.00 0.00 0.00 181 255 1.00 0.00 0.01 0.04 0.01 0.00 0.00 0.00
1 0 346 258 0 0 0 0 0 0 0 0 0 0 0 0 17 20 0.00 0.00 0.00 0.00 1.00 0.00 0.10 191 255 1.00 0.00 0.01 0.04 0.01 0.00 0.00 0.00
1 0 343 255 0 0 0 0 0 0 0 0 0 0 0 0 27 38 0.00 0.00 0.00 0.00 1.00 0.00 0.05 201 255 1.00 0.00 0.00 0.04 0.00 0.00 0.00 0.00
1 0 368 1412 0 0 0 0 0 0 0 0 0 0 0 0 9 9 0.00 0.00 0.00 0.00 1.00 0.00 0.00 211 255 1.00 0.00 0.00 0.03 0.00 0.00 0.00 0.00
1 0 376 10054 0 0 0 0 0 0 0 0 0 0 0 0 19 19 0.00 0.00 0.00 0.00 1.00 0.00 0.00 221 255 1.00 0.00 0.00 0.03 0.00 0.00 0.00 0.00
1 0 243 1247 0 0 0 0 0 0 0 0 0 0 0 0 8 8 0.00 0.00 0.00 0.00 1.00 0.00 0.00 231 255 1.00 0.00 0.00 0.03 0.00 0.00 0.00 0.00
1 0 242 1404 0 0 0 0 0 0 0 0 0 0 0 0 18 18 0.00 0.00 0.00 0.00 1.00 0.00 0.00 241 255 1.00 0.00 0.00 0.01 0.00 0.00 0.00 0.00
1 0 249 1931 0 0 0 0 0 0 0 0 0 0 0 0 28 28 0.00 0.00 0.00 0.00 1.00 0.00 0.00 251 255 1.00 0.00 0.00 0.01 0.00 0.00 0.00 0.00
1 0 271 4146 0 0 0 0 0 0 0 0 0 0 0 0 10 10 0.00 0.00 0.00 0.00 1.00 0.00 0.00 255 255 1.00 0.00 0.00 0.00 0.00 0.00 0.00 0.00
1 0 262 4019 0 0 0 0 0 0 0 0 0 0 0 0 20 20 0.00 0.00 0.00 0.00 1.00 0.00 0.00 255 255 1.00 0.00 0.00 0.00 0.00 0.00 0.00 0.00
1 0 374 267 0 0 0 0 0 0 0 0 0 0 0 0 3 3 0.00 0.00 0.00 0.00 1.00 0.00 0.00 255 255 1.00 0.00 0.00 0.00 0.00 0.00 0.00 0.00
1 0 366 13784 0 0 0 0 0 0 0 0 0 0 0 0 13 13 0.00 0.00 0.00 0.00 1.00 0.00 0.00 255 255 1.00 0.00 0.00 0.00 0.00 0.00 0.00 0.00
1 0 248 1374 0 0 0 0 0 0 0 0 0 0 0 0 6 6 0.00 0.00 0.00 0.00 1.00 0.00 0.00 255 255 1.00 0.00 0.00 0.00 0.00 0.00 0.00 0.00
1 0 250 11485 0 0 0 0 0 0 0 0 0 0 0 0 16 16 0.00 0.00 0.00 0.00 1.00 0.00 0.00 255 255 1.00 0.00 0.00 0.00 0.00 0.00 0.00 0.00
1 0 246 2313 0 0 0 0 0 0 0 0 0 0 0 0 26 26 0.00 0.00 0.00 0.00 1.00 0.00 0.00 255 255 1.00 0.00 0.00 0.00 0.00 0.00 0.00 0.00
1 0 350 1931 0 0 0 0 0 0 0 0 0 0 0 0 8 8 0.00 0.00 0.00 0.00 1.00 0.00 0.00 255 255 1.00 0.00 0.00 0.00 0.00 0.00 0.00 0.00
1 0 347 807 0 0 0 0 0 0 0 0 0 0 0 0 18 18 0.00 0.00 0.00 0.00 1.00 0.00 0.00 255 255 1.00 0.00 0.00 0.00 0.00 0.00 0.00 0.00
1 0 351 608 0 0 0 0 0 0 0 0 0 0 0 0 28 28 0.00 0.00 0.00 0.00 1.00 0.00 0.00 255 255 1.00 0.00 0.00 0.00 0.00 0.00 0.00 0.00
1 0 427 338 0 0 0 0 0 0 0 0 0 0 0 0 10 10 0.00 0.00 0.00 0.00 1.00 0.00 0.00 255 255 1.00 0.00 0.00 0.00 0.00 0.00 0.00 0.00
1 0 265 261 0 0 0 0 0 0 0 0 0 0 0 0 1 21 0.00 0.00 0.00 0.00 1.00 0.00 0.24 255 255 1.00 0.00 0.00 0.00 0.00 0.00 0.00 0.00
1 0 278 895 0 0 0 0 0 0 0 0 0 0 0 0 11 39 0.00 0.00 0.00 0.00 1.00 0.00 0.08 255 255 1.00 0.00 0.00 0.00 0.00 0.00 0.00 0.00
1 0 265 409 0 0 0 0 0 0 0 0 0 0 0 0 21 49 0.00 0.00 0.00 0.00 1.00 0.00 0.06 255 255 1.00 0.00 0.00 0.00 0.00 0.00 0.00 0.00
1 0 279 1398 0 0 0 0 0 0 0 0 0 0 0 0 31 59 0.00 0.00 0.00 0.00 1.00 0.00 0.05 255 255 1.00 0.00 0.00 0.00 0.00 0.00 0.00 0.00
1 0 349 1374 0 0 0 0 0 0 0 0 0 0 0 0 6 6 0.00 0.00 0.00 0.00 1.00 0.00 0.00 255 255 1.00 0.00 0.00 0.00 0.00 0.00 0.00 0.00
1 0 351 11485 0 0 0 0 0 0 0 0 0 0 0 0 16 16 0.00 0.00 0.00 0.00 1.00 0.00 0.00 255 255 1.00 0.00 0.00 0.00 0.00 0.00 0.00 0.00
1 0 348 2280 0 0 0 0 0 0 0 0 0 0 0 0 26 26 0.00 0.00 0.00 0.00 1.00 0.00 0.00 255 255 1.00 0.00 0.00 0.00 0.00 0.00 0.00 0.00
1 0 506 2419 0 0 0 0 0 0 0 0 0 0 0 0 8 8 0.00 0.00 0.00 0.00 1.00 0.00 0.00 255 255 1.00 0.00 0.00 0.00 0.00 0.00 0.00 0.00
1 0 232 1374 0 0 0 0 0 0 0 0 0 0 0 0 2 2 0.00 0.00 0.00 0.00 1.00 0.00 0.00 255 255 1.00 0.00 0.00 0.00 0.00 0.00 0.00 0.00
1 0 234 11485 0 0 0 0 0 0 0 0 0 0 0 0 12 12 0.00 0.00 0.00 0.00 1.00 0.00 0.00 255 255 1.00 0.00 0.00 0.00 0.00 0.00 0.00 0.00
1 0 231 2280 0 0 0 0 0 0 0 0 0 0 0 0 22 22 0.00 0.00 0.00 0.00 1.00 0.00 0.00 255 255 1.00 0.00 0.00 0.00 0.00 0.00 0.00 0.00
1 0 368 7281 0 0 0 0 0 0 0 0 0 0 0 0 4 4 0.00 0.00 0.00 0.00 1.00 0.00 0.00 255 255 1.00 0.00 0.00 0.00 0.00 0.00 0.00 0.00
1 0 249 272 0 0 0 0 0 0 0 0 0 0 0 0 14 14 0.00 0.00 0.00 0.00 1.00 0.00 0.00 255 255 1.00 0.00 0.00 0.00 0.00 0.00 0.00 0.00
1 0 261 4543 0 0 0 0 0 0 0 0 0 0 0 0 3 3 0.00 0.00 0.00 0.00 1.00 0.00 0.00 255 255 1.00 0.00 0.00 0.00 0.00 0.00 0.00 0.00
1 0 250 548 0 0 0 0 0 0 0 0 0 0 0 0 13 13 0.00 0.00 0.00 0.00 1.00 0.00 0.00 255 255 1.00 0.00 0.00 0.00 0.00 0.00 0.00 0.00
1 0 235 762 0 0 0 0 0 0 0 0 0 0 0 0 6 6 0.00 0.00 0.00 0.00 1.00 0.00 0.00 255 255 1.00 0.00 0.00 0.00 0.00 0.00 0.00 0.00
1 0 229 258 0 0 0 0 0 0 0 0 0 0 0 0 16 16 0.00 0.00 0.00 0.00 1.00 0.00 0.00 255 255 1.00 0.00 0.00 0.00 0.00 0.00 0.00 0.00
1 0 226 255 0 0 0 0 0 0 0 0 0 0 0 0 26 26 0.00 0.00 0.00 0.00 1.00 0.00 0.00 255 255 1.00 0.00 0.00 0.00 0.00 0.00 0.00 0.00
1 0 387 10261 0 0 0 0 0 0 0 0 0 0 0 0 8 8 0.00 0.00 0.00 0.00 1.00 0.00 0.00 255 255 1.00 0.00 0.00 0.00 0.00 0.00 0.00 0.00
1 0 258 255 0 0 0 0 0 0 0 0 0 0 0 0 18 18 0.00 0.00 0.00 0.00 1.00 0.00 0.00 255 255 1.00 0.00 0.00 0.00 0.00 0.00 0.00 0.00
1 0 235 762 0 0 0 0 0 0 0 0 0 0 0 0 9 9 0.00 0.00 0.00 0.00 1.00 0.00 0.00 255 255 1.00 0.00 0.00 0.00 0.00 0.00 0.00 0.00
1 0 234 3675 0 0 0 0 0 0 0 0 0 0 0 0 19 19 0.00 0.00 0.00 0.00 1.00 0.00 0.00 255 255 1.00 0.00 0.00 0.00 0.00 0.00 0.00 0.00
1 0 383 8257 0 0 0 0 0 0 0 0 0 0 0 0 1 3 0.00 0.00 0.00 0.00 1.00 0.00 1.00 255 255 1.00 0.00 0.00 0.00 0.00 0.00 0.00 0.00
1 0 386 7115 0 0 0 0 0 0 0 0 0 0 0 0 11 13 0.00 0.00 0.00 0.00 1.00 0.00 0.23 255 255 1.00 0.00 0.00 0.00 0.00 0.00 0.00 0.00
1 0 312 422 0 0 0 0 0 0 0 0 0 0 0 0 5 5 0.00 0.00 0.00 0.00 1.00 0.00 0.00 255 255 1.00 0.00 0.00 0.00 0.00 0.00 0.00 0.00
1 0 318 258 0 0 0 0 0 0 0 0 0 0 0 0 15 15 0.00 0.00 0.00 0.00 1.00 0.00 0.00 255 255 1.00 0.00 0.00 0.00 0.00 0.00 0.00 0.00
1 0 327 1817 0 0 0 0 0 0 0 0 0 0 0 0 25 25 0.00 0.00 0.00 0.00 1.00 0.00 0.00 255 255 1.00 0.00 0.00 0.00 0.00 0.00 0.00 0.00
1 0 336 326 0 0 0 0 0 0 0 0 0 0 0 0 7 33 0.00 0.00 0.00 0.00 1.00 0.00 0.06 255 255 1.00 0.00 0.00 0.00 0.00 0.00 0.00 0.00
1 0 340 6753 0 0 0 0 0 0 0 0 0 0 0 0 17 43 0.00 0.00 0.00 0.00 1.00 0.00 0.05 255 255 1.00 0.00 0.00 0.00 0.00 0.00 0.00 0.00
1 0 355 15791 0 0 0 0 0 0 0 0 0 0 0 0 27 53 0.00 0.00 0.00 0.00 1.00 0.00 0.04 255 255 1.00 0.00 0.00 0.00 0.00 0.00 0.00 0.00
1 0 322 338 0 0 1 0 0 0 0 0 0 0 0 0 10 10 0.00 0.00 0.00 0.00 1.00 0.00 0.00 255 255 1.00 0.00 0.00 0.00 0.00 0.00 0.00 0.00
1 0 321 22780 0 0 0 0 0 0 0 0 0 0 0 0 20 22 0.00 0.00 0.00 0.00 1.00 0.00 0.09 255 255 1.00 0.00 0.00 0.00 0.00 0.00 0.00 0.00
1 0 352 902 0 0 0 0 0 0 0 0 0 0 0 0 2 2 0.00 0.00 0.00 0.00 1.00 0.00 0.00 255 255 1.00 0.00 0.00 0.00 0.00 0.00 0.00 0.00
1 0 351 895 0 0 0 0 0 0 0 0 0 0 0 0 12 12 0.00 0.00 0.00 0.00 1.00 0.00 0.00 255 255 1.00 0.00 0.00 0.00 0.00 0.00 0.00 0.00
1 0 350 1587 0 0 0 0 0 0 0 0 0 0 0 0 22 22 0.00 0.00 0.00 0.00 1.00 0.00 0.00 255 255 1.00 0.00 0.00 0.00 0.00 0.00 0.00 0.00
1 0 345 1005 0 0 0 0 0 0 0 0 0 0 0 0 32 32 0.00 0.00 0.00 0.00 1.00 0.00 0.00 255 255 1.00 0.00 0.00 0.00 0.00 0.00 0.00 0.00
1 0 230 807 0 0 0 0 0 0 0 0 0 0 0 0 7 7 0.00 0.00 0.00 0.00 1.00 0.00 0.00 255 255 1.00 0.00 0.00 0.00 0.00 0.00 0.00 0.00
1 0 227 1247 0 0 0 0 0 0 0 0 0 0 0 0 17 17 0.00 0.00 0.00 0.00 1.00 0.00 0.00 255 255 1.00 0.00 0.00 0.00 0.00 0.00 0.00 0.00
1 0 226 1404 0 0 0 0 0 0 0 0 0 0 0 0 27 27 0.00 0.00 0.00 0.00 1.00 0.00 0.00 255 255 1.00 0.00 0.00 0.00 0.00 0.00 0.00 0.00
1 0 283 950 0 0 0 0 0 0 0 0 0 0 0 0 9 13 0.00 0.00 0.00 0.00 1.00 0.00 0.15 255 255 1.00 0.00 0.00 0.00 0.00 0.00 0.00 0.00
1 0 282 2469 0 0 0 0 0 0 0 0 0 0 0 0 19 19 0.00 0.00 0.00 0.00 1.00 0.00 0.00 255 255 1.00 0.00 0.00 0.00 0.00 0.00 0.00 0.00
1 0 318 1342 0 0 0 0 0 0 0 0 0 0 0 0 8 8 0.00 0.00 0.00 0.00 1.00 0.00 0.00 255 255 1.00 0.00 0.00 0.00 0.00 0.00 0.00 0.00
1 0 323 3675 0 0 0 0 0 0 0 0 0 0 0 0 18 18 0.00 0.00 0.00 0.00 1.00 0.00 0.00 255 255 1.00 0.00 0.00 0.00 0.00 0.00 0.00 0.00
1 0 323 608 0 0 0 0 0 0 0 0 0 0 0 0 28 28 0.00 0.00 0.00 0.00 1.00 0.00 0.00 255 255 1.00 0.00 0.00 0.00 0.00 0.00 0.00 0.00
1 0 347 1838 0 0 0 0 0 0 0 0 0 0 0 0 10 10 0.00 0.00 0.00 0.00 1.00 0.00 0.00 255 255 1.00 0.00 0.00 0.00 0.00 0.00 0.00 0.00
1 0 347 3718 0 0 0 0 0 0 0 0 0 0 0 0 20 20 0.00 0.00 0.00 0.00 1.00 0.00 0.00 255 255 1.00 0.00 0.00 0.00 0.00 0.00 0.00 0.00
1 0 321 1374 0 0 0 0 0 0 0 0 0 0 0 0 3 3 0.00 0.00 0.00 0.00 1.00 0.00 0.00 255 255 1.00 0.00 0.00 0.00 0.00 0.00 0.00 0.00
1 0 323 11485 0 0 0 0 0 0 0 0 0 0 0 0 13 13 0.00 0.00 0.00 0.00 1.00 0.00 0.00 255 255 1.00 0.00 0.00 0.00 0.00 0.00 0.00 0.00
1 0 320 2280 0 0 0 0 0 0 0 0 0 0 0 0 23 23 0.00 0.00 0.00 0.00 1.00 0.00 0.00 255 255 1.00 0.00 0.00 0.00 0.00 0.00 0.00 0.00
1 0 346 1882 0 0 0 0 0 0 0 0 0 0 0 0 5 5 0.00 0.00 0.00 0.00 1.00 0.00 0.00 255 255 1.00 0.00 0.00 0.00 0.00 0.00 0.00 0.00
1 0 342 255 0 0 0 0 0 0 0 0 0 0 0 0 15 15 0.00 0.00 0.00 0.00 1.00 0.00 0.00 255 255 1.00 0.00 0.00 0.00 0.00 0.00 0.00 0.00
1 0 347 11084 0 0 0 0 0 0 0 0 0 0 0 0 25 25 0.00 0.00 0.00 0.00 1.00 0.00 0.00 255 255 1.00 0.00 0.00 0.00 0.00 0.00 0.00 0.00
1 0 351 895 0 0 0 0 0 0 0 0 0 0 0 0 35 35 0.00 0.00 0.00 0.00 1.00 0.00 0.00 255 255 1.00 0.00 0.00 0.00 0.00 0.00 0.00 0.00
1 0 321 608 0 0 0 0 0 0 0 0 0 0 0 0 10 10 0.00 0.00 0.00 0.00 1.00 0.00 0.00 255 255 1.00 0.00 0.00 0.00 0.00 0.00 0.00 0.00
1 0 317 2313 0 0 0 0 0 0 0 0 0 0 0 0 20 20 0.00 0.00 0.00 0.00 1.00 0.00 0.00 255 255 1.00 0.00 0.00 0.00 0.00 0.00 0.00 0.00
1 0 348 1857 0 0 0 0 0 0 0 0 0 0 0 0 1 4 0.00 0.00 0.00 0.00 1.00 0.00 0.75 255 255 1.00 0.00 0.00 0.00 0.00 0.00 0.00 0.00
1 0 346 1127 0 0 0 0 0 0 0 0 0 0 0 0 11 17 0.00 0.00 0.00 0.00 1.00 0.00 0.24 255 255 1.00 0.00 0.00 0.00 0.00 0.00 0.00 0.00
1 0 239 35215 0 0 0 0 0 0 0 0 0 0 0 0 1 1 0.00 0.00 0.00 0.00 1.00 0.00 0.00 255 255 1.00 0.00 0.00 0.00 0.00 0.00 0.00 0.00
1 0 310 422 0 0 0 0 0 0 0 0 0 0 0 0 11 11 0.00 0.00 0.00 0.00 1.00 0.00 0.00 255 255 1.00 0.00 0.00 0.00 0.00 0.00 0.00 0.00
1 0 322 2015 0 0 0 0 0 0 0 0 0 0 0 0 21 21 0.00 0.00 0.00 0.00 1.00 0.00 0.00 255 255 1.00 0.00 0.00 0.00 0.00 0.00 0.00 0.00
1 0 265 17039 0 0 0 0 0 0 0 0 0 0 0 0 2 13 0.00 0.00 0.00 0.00 1.00 0.00 0.23 255 255 1.00 0.00 0.00 0.00 0.00 0.00 0.00 0.00
1 0 255 36361 0 0 0 0 0 0 0 0 0 0 0 0 1 1 0.00 0.00 0.00 0.00 1.00 0.00 0.00 255 255 1.00 0.00 0.00 0.00 0.00 0.00 0.00 0.00
1 0 326 422 0 0 0 0 0 0 0 0 0 0 0 0 9 15 0.00 0.00 0.00 0.00 1.00 0.00 0.13 255 255 1.00 0.00 0.00 0.00 0.00 0.00 0.00 0.00
1 0 336 4137 0 0 0 0 0 0 0 0 0 0 0 0 18 24 0.00 0.00 0.00 0.00 1.00 0.00 0.08 255 255 1.00 0.00 0.00 0.00 0.00 0.00 0.00 0.00
1 0 329 255 0 0 0 0 0 0 0 0 0 0 0 0 27 33 0.00 0.00 0.00 0.00 1.00 0.00 0.06 255 255 1.00 0.00 0.00 0.00 0.00 0.00 0.00 0.00
1 0 344 274 0 0 0 0 0 0 0 0 0 0 0 0 14 14 0.00 0.00 0.00 0.00 1.00 0.00 0.00 255 255 1.00 0.00 0.00 0.00 0.00 0.00 0.00 0.00
1 0 351 11485 0 0 0 0 0 0 0 0 0 0 0 0 16 16 0.00 0.00 0.00 0.00 1.00 0.00 0.00 255 255 1.00 0.00 0.00 0.00 0.00 0.00 0.00 0.00
1 0 342 929 0 0 0 0 0 0 0 0 0 0 0 0 4 4 0.00 0.00 0.00 0.00 1.00 0.00 0.00 255 255 1.00 0.00 0.00 0.00 0.00 0.00 0.00 0.00
1 0 355 1817 0 0 0 0 0 0 0 0 0 0 0 0 24 24 0.00 0.00 0.00 0.00 1.00 0.00 0.00 255 255 1.00 0.00 0.00 0.00 0.00 0.00 0.00 0.00
1 0 343 326 0 0 0 0 0 0 0 0 0 0 0 0 9 9 0.00 0.00 0.00 0.00 1.00 0.00 0.00 255 255 1.00 0.00 0.00 0.00 0.00 0.00 0.00 0.00
1 0 278 11756 0 0 0 0 0 0 0 0 0 0 0 0 6 8 0.00 0.00 0.00 0.00 1.00 0.00 0.25 255 255 1.00 0.00 0.00 0.00 0.00 0.00 0.00 0.00
1 0 347 255 0 0 0 0 0 0 0 0 0 0 0 0 6 6 0.00 0.00 0.00 0.00 1.00 0.00 0.00 255 255 1.00 0.00 0.00 0.00 0.00 0.00 0.00 0.00
1 0 449 3900 0 0 0 0 0 0 0 0 0 0 0 0 16 16 0.00 0.00 0.00 0.00 1.00 0.00 0.00 255 255 1.00 0.00 0.00 0.00 0.00 0.00 0.00 0.00
1 0 364 7896 0 0 0 0 0 0 0 0 0 0 0 0 10 16 0.00 0.00 0.00 0.00 1.00 0.00 0.12 255 255 1.00 0.00 0.00 0.00 0.00 0.00 0.00 0.00
1 0 351 1398 0 0 0 0 0 0 0 0 0 0 0 0 4 4 0.00 0.00 0.00 0.00 1.00 0.00 0.00 255 255 1.00 0.00 0.00 0.00 0.00 0.00 0.00 0.00
1 0 298 6390 0 0 0 0 0 0 0 0 0 0 0 0 1 16 0.00 0.00 0.00 0.00 1.00 0.00 0.19 255 255 1.00 0.00 0.00 0.00 0.00 0.00 0.00 0.00
1 0 496 6486 0 0 0 0 0 0 0 0 0 0 0 0 8 8 0.00 0.00 0.00 0.00 1.00 0.00 0.00 255 255 1.00 0.00 0.00 0.00 0.00 0.00 0.00 0.00
1 0 337 3360 0 0 0 0 0 0 0 0 0 0 0 0 4 4 0.00 0.00 0.00 0.00 1.00 0.00 0.00 255 255 1.00 0.00 0.00 0.00 0.00 0.00 0.00 0.00
1 0 327 261 0 0 0 0 0 0 0 0 0 0 0 0 13 14 0.00 0.00 0.00 0.00 1.00 0.00 0.14 255 255 1.00 0.00 0.00 0.00 0.00 0.00 0.00 0.00
1 0 329 1010 0 0 0 0 0 0 0 0 0 0 0 0 22 23 0.00 0.00 0.00 0.00 1.00 0.00 0.09 255 255 1.00 0.00 0.00 0.00 0.00 0.00 0.00 0.00
1 0 330 749 0 0 0 0 0 0 0 0 0 0 0 0 31 32 0.00 0.00 0.00 0.00 1.00 0.00 0.06 255 255 1.00 0.00 0.00 0.00 0.00 0.00 0.00 0.00
1 0 330 772 0 0 0 0 0 0 0 0 0 0 0 0 40 41 0.00 0.00 0.00 0.00 1.00 0.00 0.05 255 255 1.00 0.00 0.00 0.00 0.00 0.00 0.00 0.00
1 0 330 828 0 0 0 0 0 0 0 0 0 0 0 0 8 8 0.00 0.00 0.00 0.00 1.00 0.00 0.00 255 255 1.00 0.00 0.00 0.00 0.00 0.00 0.00 0.00
1 0 329 1012 0 0 0 0 0 0 0 0 0 0 0 0 17 17 0.00 0.00 0.00 0.00 1.00 0.00 0.00 255 255 1.00 0.00 0.00 0.00 0.00 0.00 0.00 0.00
1 0 335 2055 0 0 0 0 0 0 0 0 0 0 0 0 27 28 0.00 0.00 0.00 0.00 1.00 0.00 0.07 255 255 1.00 0.00 0.00 0.00 0.00 0.00 0.00 0.00
1 0 449 6410 0 0 0 0 0 0 0 0 0 0 0 0 37 38 0.00 0.00 0.00 0.00 1.00 0.00 0.05 255 255 1.00 0.00 0.00 0.00 0.00 0.00 0.00 0.00
1 0 341 3112 0 0 0 0 0 0 0 0 0 0 0 0 6 6 0.00 0.00 0.00 0.00 1.00 0.00 0.00 255 255 1.00 0.00 0.00 0.00 0.00 0.00 0.00 0.00
1 0 265 31387 0 0 0 0 0 0 0 0 0 0 0 0 16 16 0.00 0.00 0.00 0.00 1.00 0.00 0.00 255 255 1.00 0.00 0.00 0.00 0.00 0.00 0.00 0.00
1 0 462 7931 0 0 0 0 0 0 0 0 0 0 0 0 26 26 0.00 0.00 0.00 0.00 1.00 0.00 0.00 255 255 1.00 0.00 0.00 0.00 0.00 0.00 0.00 0.00
1 0 236 762 0 0 0 0 0 0 0 0 0 0 0 0 1 1 0.00 0.00 0.00 0.00 1.00 0.00 0.00 255 255 1.00 0.00 0.00 0.00 0.00 0.00 0.00 0.00
1 0 231 807 0 0 0 0 0 0 0 0 0 0 0 0 11 11 0.00 0.00 0.00 0.00 1.00 0.00 0.00 255 255 1.00 0.00 0.00 0.00 0.00 0.00 0.00 0.00
1 0 236 258 0 0 0 0 0 0 0 0 0 0 0 0 21 21 0.00 0.00 0.00 0.00 1.00 0.00 0.00 255 255 1.00 0.00 0.00 0.00 0.00 0.00 0.00 0.00
1 0 260 279 0 0 0 0 0 0 0 0 0 0 0 0 3 3 0.00 0.00 0.00 0.00 1.00 0.00 0.00 255 255 1.00 0.00 0.00 0.00 0.00 0.00 0.00 0.00
1 0 255 1095 0 0 0 0 0 0 0 0 0 0 0 0 13 13 0.00 0.00 0.00 0.00 1.00 0.00 0.00 255 255 1.00 0.00 0.00 0.00 0.00 0.00 0.00 0.00
1 0 270 840 0 0 0 0 0 0 0 0 0 0 0 0 23 23 0.00 0.00 0.00 0.00 1.00 0.00 0.00 255 255 1.00 0.00 0.00 0.00 0.00 0.00 0.00 0.00
1 0 264 772 0 0 0 0 0 0 0 0 0 0 0 0 33 33 0.00 0.00 0.00 0.00 1.00 0.00 0.00 255 255 1.00 0.00 0.00 0.00 0.00 0.00 0.00 0.00
1 0 368 1097 0 0 0 0 0 0 0 0 0 0 0 0 8 9 0.00 0.00 0.00 0.00 1.00 0.00 0.22 255 255 1.00 0.00 0.00 0.00 0.00 0.00 0.00 0.00
1 0 355 1425 0 0 0 0 0 0 0 0 0 0 0 0 3 3 0.00 0.00 0.00 0.00 1.00 0.00 0.00 255 255 1.00 0.00 0.00 0.00 0.00 0.00 0.00 0.00
1 0 258 15470 0 0 0 0 0 0 0 0 0 0 0 0 2 2 0.00 0.00 0.00 0.00 1.00 0.00 0.00 255 255 1.00 0.00 0.00 0.00 0.00 0.00 0.00 0.00
1 0 330 848 0 0 0 0 0 0 0 0 0 0 0 0 12 12 0.00 0.00 0.00 0.00 1.00 0.00 0.00 255 255 1.00 0.00 0.00 0.00 0.00 0.00 0.00 0.00
1 0 335 255 0 0 0 0 0 0 0 0 0 0 0 0 22 23 0.00 0.00 0.00 0.00 1.00 0.00 0.09 255 255 1.00 0.00 0.00 0.00 0.00 0.00 0.00 0.00
1 0 329 821 0 0 0 0 0 0 0 0 0 0 0 0 32 33 0.00 0.00 0.00 0.00 1.00 0.00 0.06 255 255 1.00 0.00 0.00 0.00 0.00 0.00 0.00 0.00
1 0 274 13187 0 0 0 0 0 0 0 0 0 0 0 0 1 1 0.00 0.00 0.00 0.00 1.00 0.00 0.00 255 255 1.00 0.00 0.00 0.00 0.00 0.00 0.00 0.00
1 0 281 10244 0 0 0 0 0 0 0 0 0 0 0 0 1 1 0.00 0.00 0.00 0.00 1.00 0.00 0.00 255 255 1.00 0.00 0.00 0.00 0.00 0.00 0.00 0.00
1 0 331 349 0 0 0 0 0 0 0 0 0 0 0 0 6 6 0.00 0.00 0.00 0.00 1.00 0.00 0.00 255 255 1.00 0.00 0.00 0.00 0.00 0.00 0.00 0.00
1 0 336 321 0 0 0 0 0 0 0 0 0 0 0 0 4 4 0.00 0.00 0.00 0.00 1.00 0.00 0.00 255 255 1.00 0.00 0.00 0.00 0.00 0.00 0.00 0.00
1 0 319 1374 0 0 0 0 0 0 0 0 0 0 0 0 3 3 0.00 0.00 0.00 0.00 1.00 0.00 0.00 255 255 1.00 0.00 0.00 0.00 0.00 0.00 0.00 0.00
1 0 320 4137 0 0 0 0 0 0 0 0 0 0 0 0 13 13 0.00 0.00 0.00 0.00 1.00 0.00 0.00 255 255 1.00 0.00 0.00 0.00 0.00 0.00 0.00 0.00
1 0 313 1404 0 0 0 0 0 0 0 0 0 0 0 0 23 23 0.00 0.00 0.00 0.00 1.00 0.00 0.00 255 255 1.00 0.00 0.00 0.00 0.00 0.00 0.00 0.00
1 0 364 3112 0 0 0 0 0 0 0 0 0 0 0 0 5 5 0.00 0.00 0.00 0.00 1.00 0.00 0.00 255 255 1.00 0.00 0.00 0.00 0.00 0.00 0.00 0.00
1 0 360 837 0 0 0 0 0 0 0 0 0 0 0 0 15 15 0.00 0.00 0.00 0.00 1.00 0.00 0.00 255 255 1.00 0.00 0.00 0.00 0.00 0.00 0.00 0.00
1 0 359 830 0 0 0 0 0 0 0 0 0 0 0 0 25 26 0.00 0.00 0.00 0.00 1.00 0.00 0.08 255 255 1.00 0.00 0.00 0.00 0.00 0.00 0.00 0.00
1 0 365 2055 0 0 0 0 0 0 0 0 0 0 0 0 35 36 0.00 0.00 0.00 0.00 1.00 0.00 0.06 255 255 1.00 0.00 0.00 0.00 0.00 0.00 0.00 0.00
1 0 320 1931 0 0 0 0 0 0 0 0 0 0 0 0 3 15 0.00 0.00 0.00 0.00 1.00 0.00 0.20 255 255 1.00 0.00 0.00 0.00 0.00 0.00 0.00 0.00
1 0 319 22780 0 0 0 0 0 0 0 0 0 0 0 0 12 12 0.00 0.00 0.00 0.00 1.00 0.00 0.00 255 255 1.00 0.00 0.00 0.00 0.00 0.00 0.00 0.00
1 0 313 1404 0 0 0 0 0 0 0 0 0 0 0 0 21 21 0.00 0.00 0.00 0.00 1.00 0.00 0.00 255 255 1.00 0.00 0.00 0.00 0.00 0.00 0.00 0.00
1 0 380 1596 0 0 0 0 0 0 0 0 0 0 0 0 6 7 0.00 0.00 0.00 0.00 1.00 0.00 0.29 255 255 1.00 0.00 0.00 0.00 0.00 0.00 0.00 0.00
1 0 462 9984 0 0 0 0 0 0 0 0 0 0 0 0 9 9 0.00 0.00 0.00 0.00 1.00 0.00 0.00 255 255 1.00 0.00 0.00 0.00 0.00 0.00 0.00 0.00
1 0 305 18902 0 0 0 0 0 0 0 0 0 0 0 0 18 18 0.00 0.00 0.00 0.00 1.00 0.00 0.00 255 255 1.00 0.00 0.00 0.00 0.00 0.00 0.00 0.00
1 0 354 386 0 0 0 0 0 0 0 0 0 0 0 0 3 29 0.00 0.00 0.00 0.00 1.00 0.00 0.14 255 255 1.00 0.00 0.00 0.00 0.00 0.00 0.00 0.00
1 0 361 2858 0 0 0 0 0 0 0 0 0 0 0 0 13 32 0.00 0.00 0.00 0.00 1.00 0.00 0.06 255 255 1.00 0.00 0.00 0.00 0.00 0.00 0.00 0.00
1 0 371 3497 0 0 0 0 0 0 0 0 0 0 0 0 8 27 0.00 0.00 0.00 0.00 1.00 0.00 0.07 255 255 1.00 0.00 0.00 0.00 0.00 0.00 0.00 0.00
1 0 246 1342 0 0 0 0 0 0 0 0 0 0 0 0 8 8 0.00 0.00 0.00 0.00 1.00 0.00 0.00 255 255 1.00 0.00 0.00 0.00 0.00 0.00 0.00 0.00
1 0 249 22780 0 0 0 0 0 0 0 0 0 0 0 0 18 18 0.00 0.00 0.00 0.00 1.00 0.00 0.00 255 255 1.00 0.00 0.00 0.00 0.00 0.00 0.00 0.00
1 0 245 515 0 0 0 0 0 0 0 0 0 0 0 0 28 28 0.00 0.00 0.00 0.00 1.00 0.00 0.00 255 255 1.00 0.00 0.00 0.00 0.00 0.00 0.00 0.00
1 0 285 255 0 0 0 0 0 0 0 0 0 0 0 0 10 10 0.00 0.00 0.00 0.00 1.00 0.00 0.00 255 255 1.00 0.00 0.00 0.00 0.00 0.00 0.00 0.00
1 0 508 5485 0 0 0 0 0 0 0 0 0 0 0 0 4 4 0.00 0.00 0.00 0.00 1.00 0.00 0.00 255 255 1.00 0.00 0.00 0.00 0.00 0.00 0.00 0.00
1 0 386 1550 0 0 0 0 0 0 0 0 0 0 0 0 14 14 0.00 0.00 0.00 0.00 1.00 0.00 0.00 255 255 1.00 0.00 0.00 0.00 0.00 0.00 0.00 0.00
1 0 241 1931 0 0 0 0 0 0 0 0 0 0 0 0 5 5 0.00 0.00 0.00 0.00 1.00 0.00 0.00 255 255 1.00 0.00 0.00 0.00 0.00 0.00 0.00 0.00
1 0 238 807 0 0 0 0 0 0 0 0 0 0 0 0 15 15 0.00 0.00 0.00 0.00 1.00 0.00 0.00 255 255 1.00 0.00 0.00 0.00 0.00 0.00 0.00 0.00
1 0 242 608 0 0 0 0 0 0 0 0 0 0 0 0 25 25 0.00 0.00 0.00 0.00 1.00 0.00 0.00 255 255 1.00 0.00 0.00 0.00 0.00 0.00 0.00 0.00
1 0 269 1473 0 0 0 0 0 0 0 0 0 0 0 0 7 7 0.00 0.00 0.00 0.00 1.00 0.00 0.00 255 255 1.00 0.00 0.00 0.00 0.00 0.00 0.00 0.00
1 0 260 272 0 0 0 0 0 0 0 0 0 0 0 0 17 17 0.00 0.00 0.00 0.00 1.00 0.00 0.00 255 255 1.00 0.00 0.00 0.00 0.00 0.00 0.00 0.00
1 0 267 12013 0 0 0 0 0 0 0 0 0 0 0 0 5 5 0.00 0.00 0.00 0.00 1.00 0.00 0.00 255 255 1.00 0.00 0.00 0.00 0.00 0.00 0.00 0.00
1 0 394 8957 0 0 0 0 0 0 0 0 0 0 0 0 15 15 0.00 0.00 0.00 0.00 1.00 0.00 0.00 255 255 1.00 0.00 0.00 0.00 0.00 0.00 0.00 0.00
1 0 401 6770 0 0 0 0 0 0 0 0 0 0 0 0 7 7 0.00 0.00 0.00 0.00 1.00 0.00 0.00 255 255 1.00 0.00 0.00 0.00 0.00 0.00 0.00 0.00
1 0 282 6355 0 0 0 0 0 0 0 0 0 0 0 0 17 17 0.00 0.00 0.00 0.00 1.00 0.00 0.00 255 255 1.00 0.00 0.00 0.00 0.00 0.00 0.00 0.00
1 0 286 1340 0 0 0 0 0 0 0 0 0 0 0 0 9 9 0.00 0.00 0.00 0.00 1.00 0.00 0.00 255 255 1.00 0.00 0.00 0.00 0.00 0.00 0.00 0.00
1 0 352 1564 0 0 0 0 0 0 0 0 0 0 0 0 8 8 0.00 0.00 0.00 0.00 1.00 0.00 0.00 255 255 1.00 0.00 0.00 0.00 0.00 0.00 0.00 0.00
1 0 350 4137 0 0 0 0 0 0 0 0 0 0 0 0 18 18 0.00 0.00 0.00 0.00 1.00 0.00 0.00 255 255 1.00 0.00 0.00 0.00 0.00 0.00 0.00 0.00
1 0 347 2313 0 0 0 0 0 0 0 0 0 0 0 0 28 28 0.00 0.00 0.00 0.00 1.00 0.00 0.00 255 255 1.00 0.00 0.00 0.00 0.00 0.00 0.00 0.00
1 0 374 1102 0 0 0 0 0 0 0 0 0 0 0 0 10 11 0.00 0.00 0.00 0.00 1.00 0.00 0.18 255 255 1.00 0.00 0.00 0.00 0.00 0.00 0.00 0.00
1 0 378 1857 0 0 0 0 0 0 0 0 0 0 0 0 20 22 0.00 0.00 0.00 0.00 1.00 0.00 0.09 255 255 1.00 0.00 0.00 0.00 0.00 0.00 0.00 0.00
1 0 269 35215 0 0 0 0 0 0 0 0 0 0 0 0 9 35 0.00 0.00 0.00 0.00 1.00 0.00 0.06 255 255 1.00 0.00 0.00 0.00 0.00 0.00 0.00 0.00
1 0 352 258 0 0 0 0 0 0 0 0 0 0 0 0 19 19 0.00 0.00 0.00 0.00 1.00 0.00 0.00 255 255 1.00 0.00 0.00 0.00 0.00 0.00 0.00 0.00
1 0 269 35215 0 0 0 0 0 0 0 0 0 0 0 0 1 1 0.00 0.00 0.00 0.00 1.00 0.00 0.00 255 255 1.00 0.00 0.00 0.00 0.00 0.00 0.00 0.00
1 0 340 422 0 0 0 0 0 0 0 0 0 0 0 0 11 11 0.00 0.00 0.00 0.00 1.00 0.00 0.00 255 255 1.00 0.00 0.00 0.00 0.00 0.00 0.00 0.00
1 0 343 255 0 0 0 0 0 0 0 0 0 0 0 0 21 21 0.00 0.00 0.00 0.00 1.00 0.00 0.00 255 255 1.00 0.00 0.00 0.00 0.00 0.00 0.00 0.00
1 0 495 15013 0 0 0 0 0 0 0 0 0 0 0 0 3 3 0.00 0.00 0.00 0.00 1.00 0.00 0.00 255 255 1.00 0.00 0.00 0.00 0.00 0.00 0.00 0.00
1 0 367 326 0 0 0 0 0 0 0 0 0 0 0 0 13 13 0.00 0.00 0.00 0.00 1.00 0.00 0.00 255 255 1.00 0.00 0.00 0.00 0.00 0.00 0.00 0.00
1 0 394 2776 0 0 0 0 0 0 0 0 0 0 0 0 7 17 0.00 0.00 0.00 0.00 1.00 0.00 0.18 255 255 1.00 0.00 0.00 0.00 0.00 0.00 0.00 0.00
1 0 396 255 0 0 0 0 0 0 0 0 0 0 0 0 17 27 0.00 0.00 0.00 0.00 1.00 0.00 0.11 255 255 1.00 0.00 0.00 0.00 0.00 0.00 0.00 0.00
1 0 229 1342 0 0 0 0 0 0 0 0 0 0 0 0 10 24 0.00 0.00 0.00 0.00 1.00 0.00 0.12 255 255 1.00 0.00 0.00 0.00 0.00 0.00 0.00 0.00
1 0 234 3675 0 0 0 0 0 0 0 0 0 0 0 0 20 34 0.00 0.00 0.00 0.00 1.00 0.00 0.09 255 255 1.00 0.00 0.00 0.00 0.00 0.00 0.00 0.00
1 0 252 1973 0 0 0 0 0 0 0 0 0 0 0 0 2 2 0.00 0.00 0.00 0.00 1.00 0.00 0.00 255 255 1.00 0.00 0.00 0.00 0.00 0.00 0.00 0.00
1 0 244 1247 0 0 0 0 0 0 0 0 0 0 0 0 12 12 0.00 0.00 0.00 0.00 1.00 0.00 0.00 255 255 1.00 0.00 0.00 0.00 0.00 0.00 0.00 0.00
1 0 243 1404 0 0 0 0 0 0 0 0 0 0 0 0 22 22 0.00 0.00 0.00 0.00 1.00 0.00 0.00 255 255 1.00 0.00 0.00 0.00 0.00 0.00 0.00 0.00
1 0 276 272 0 0 0 0 0 0 0 0 0 0 0 0 4 4 0.00 0.00 0.00 0.00 1.00 0.00 0.00 255 255 1.00 0.00 0.00 0.00 0.00 0.00 0.00 0.00
1 0 404 3533 0 0 0 0 0 0 0 0 0 0 0 0 14 14 0.00 0.00 0.00 0.00 1.00 0.00 0.00 255 255 1.00 0.00 0.00 0.00 0.00 0.00 0.00 0.00
1 0 206 14017 0 0 0 0 0 0 0 0 0 0 0 0 4 11 0.00 0.00 0.00 0.00 1.00 0.00 0.18 255 255 1.00 0.00 0.00 0.00 0.00 0.00 0.00 0.00
1 0 281 272 0 0 0 0 0 0 0 0 0 0 0 0 14 14 0.00 0.00 0.00 0.00 1.00 0.00 0.00 255 255 1.00 0.00 0.00 0.00 0.00 0.00 0.00 0.00
1 0 409 7751 0 0 0 0 0 0 0 0 0 0 0 0 6 7 0.00 0.00 0.00 0.00 1.00 0.00 0.29 255 255 1.00 0.00 0.00 0.00 0.00 0.00 0.00 0.00
1 0 291 2892 0 0 0 0 0 0 0 0 0 0 0 0 16 22 0.00 0.00 0.00 0.00 1.00 0.00 0.09 255 255 1.00 0.00 0.00 0.00 0.00 0.00 0.00 0.00
1 0 414 3533 0 0 0 0 0 0 0 0 0 0 0 0 7 7 0.00 0.00 0.00 0.00 1.00 0.00 0.00 255 255 1.00 0.00 0.00 0.00 0.00 0.00 0.00 0.00
1 0 283 255 0 0 0 0 0 0 0 0 0 0 0 0 17 17 0.00 0.00 0.00 0.00 1.00 0.00 0.00 255 255 1.00 0.00 0.00 0.00 0.00 0.00 0.00 0.00
1 0 450 5369 0 0 0 0 0 0 0 0 0 0 0 0 9 9 0.00 0.00 0.00 0.00 1.00 0.00 0.00 255 255 1.00 0.00 0.00 0.00 0.00 0.00 0.00 0.00
1 0 350 4137 0 0 0 0 0 0 0 0 0 0 0 0 19 19 0.00 0.00 0.00 0.00 1.00 0.00 0.00 255 255 1.00 0.00 0.00 0.00 0.00 0.00 0.00 0.00
1 0 360 261 0 0 0 0 0 0 0 0 0 0 0 0 1 1 0.00 0.00 0.00 0.00 1.00 0.00 0.00 255 255 1.00 0.00 0.01 0.00 0.00 0.00 0.00 0.00
1 0 367 388 0 0 0 0 0 0 0 0 0 0 0 0 11 11 0.09 0.09 0.00 0.00 1.00 0.00 0.00 255 255 1.00 0.00 0.01 0.00 0.00 0.00 0.00 0.00
1 0 480 5485 0 0 0 0 0 0 0 0 0 0 0 0 21 21 0.05 0.05 0.00 0.00 1.00 0.00 0.00 255 255 1.00 0.00 0.00 0.00 0.00 0.00 0.00 0.00
1 0 366 2403 0 0 0 0 0 0 0 0 0 0 0 0 10 10 0.00 0.00 0.00 0.00 1.00 0.00 0.00 255 255 1.00 0.00 0.00 0.00 0.00 0.00 0.00 0.00
1 0 340 422 0 0 0 0 0 0 0 0 0 0 0 0 3 3 0.00 0.00 0.00 0.00 1.00 0.00 0.00 255 255 1.00 0.00 0.00 0.00 0.00 0.00 0.00 0.00
1 0 346 258 0 0 0 0 0 0 0 0 0 0 0 0 13 13 0.00 0.00 0.00 0.00 1.00 0.00 0.00 255 255 1.00 0.00 0.00 0.00 0.00 0.00 0.00 0.00
1 0 343 255 0 0 0 0 0 0 0 0 0 0 0 0 23 23 0.00 0.00 0.00 0.00 1.00 0.00 0.00 255 255 1.00 0.00 0.00 0.00 0.00 0.00 0.00 0.00
1 0 392 42660 0 0 0 0 0 0 0 0 0 0 0 0 5 12 0.00 0.00 0.00 0.00 1.00 0.00 0.17 255 255 1.00 0.00 0.00 0.00 0.00 0.00 0.00 0.00
1 0 375 388 0 0 0 0 0 0 0 0 0 0 0 0 15 22 0.00 0.00 0.00 0.00 1.00 0.00 0.09 255 255 1.00 0.00 0.00 0.00 0.00 0.00 0.00 0.00
1 0 350 1931 0 0 0 0 0 0 0 0 0 0 0 0 6 9 0.00 0.00 0.00 0.00 1.00 0.00 0.22 255 255 1.00 0.00 0.00 0.00 0.00 0.00 0.00 0.00
1 0 345 515 0 0 0 0 0 0 0 0 0 0 0 0 16 21 0.00 0.00 0.00 0.00 1.00 0.00 0.10 255 255 1.00 0.00 0.00 0.00 0.00 0.00 0.00 0.00
1 0 347 2313 0 0 0 0 0 0 0 0 0 0 0 0 26 42 0.00 0.00 0.00 0.00 1.00 0.00 0.05 255 255 1.00 0.00 0.00 0.00 0.00 0.00 0.00 0.00
1 0 506 2419 0 0 0 0 0 0 0 0 0 0 0 0 8 8 0.00 0.00 0.00 0.00 1.00 0.00 0.00 255 255 1.00 0.00 0.00 0.00 0.00 0.00 0.00 0.00
1 0 352 1973 0 0 0 0 0 0 0 0 0 0 0 0 2 2 0.00 0.00 0.00 0.00 1.00 0.00 0.00 255 255 1.00 0.00 0.00 0.00 0.00 0.00 0.00 0.00
1 0 344 1247 0 0 0 0 0 0 0 0 0 0 0 0 12 12 0.00 0.00 0.00 0.00 1.00 0.00 0.00 255 255 1.00 0.00 0.00 0.00 0.00 0.00 0.00 0.00
1 0 345 515 0 0 0 0 0 0 0 0 0 0 0 0 22 22 0.00 0.00 0.00 0.00 1.00 0.00 0.00 255 255 1.00 0.00 0.00 0.00 0.00 0.00 0.00 0.00
1 0 381 272 0 0 0 0 0 0 0 0 0 0 0 0 4 4 0.00 0.00 0.00 0.00 1.00 0.00 0.00 255 255 1.00 0.00 0.00 0.00 0.00 0.00 0.00 0.00
1 0 401 3751 0 0 0 0 0 0 0 0 0 0 0 0 14 14 0.07 0.07 0.00 0.00 1.00 0.00 0.00 255 255 1.00 0.00 0.00 0.00 0.01 0.01 0.00 0.00
1 0 322 338 0 0 1 0 0 0 0 0 0 0 0 0 4 4 0.00 0.00 0.00 0.00 1.00 0.00 0.00 255 255 1.00 0.00 0.00 0.00 0.01 0.01 0.00 0.00
1 0 322 4137 0 0 0 0 0 0 0 0 0 0 0 0 14 14 0.00 0.00 0.00 0.00 1.00 0.00 0.00 255 255 1.00 0.00 0.00 0.00 0.01 0.01 0.00 0.00
1 0 315 1404 0 0 0 0 0 0 0 0 0 0 0 0 24 24 0.00 0.00 0.00 0.00 1.00 0.00 0.00 255 255 1.00 0.00 0.00 0.00 0.01 0.01 0.00 0.00
1 0 324 1973 0 0 0 0 0 0 0 0 0 0 0 0 6 6 0.00 0.00 0.00 0.00 1.00 0.00 0.00 255 255 1.00 0.00 0.00 0.00 0.01 0.01 0.00 0.00
1 0 316 1247 0 0 0 0 0 0 0 0 0 0 0 0 16 16 0.00 0.00 0.00 0.00 1.00 0.00 0.00 255 255 1.00 0.00 0.00 0.00 0.01 0.01 0.00 0.00
1 0 422 5369 0 0 0 0 0 0 0 0 0 0 0 0 26 26 0.00 0.00 0.00 0.00 1.00 0.00 0.00 255 255 1.00 0.00 0.00 0.00 0.01 0.01 0.00 0.00
1 0 345 3040 0 0 0 0 0 0 0 0 0 0 0 0 8 8 0.00 0.00 0.00 0.00 1.00 0.00 0.00 255 255 1.00 0.00 0.00 0.00 0.01 0.01 0.00 0.00
1 0 463 9127 0 0 0 0 0 0 0 0 0 0 0 0 18 18 0.00 0.00 0.00 0.00 1.00 0.00 0.00 255 255 1.00 0.00 0.00 0.00 0.01 0.01 0.00 0.00
1 0 348 892 0 0 0 0 0 0 0 0 0 0 0 0 28 28 0.00 0.00 0.00 0.00 1.00 0.00 0.00 255 255 1.00 0.00 0.00 0.00 0.00 0.00 0.00 0.00
1 0 233 4137 0 0 0 0 0 0 0 0 0 0 0 0 3 3 0.00 0.00 0.00 0.00 1.00 0.00 0.00 255 255 1.00 0.00 0.00 0.00 0.00 0.00 0.00 0.00
1 0 227 1247 0 0 0 0 0 0 0 0 0 0 0 0 13 13 0.00 0.00 0.00 0.00 1.00 0.00 0.00 255 255 1.00 0.00 0.00 0.00 0.00 0.00 0.00 0.00
1 0 230 2313 0 0 0 0 0 0 0 0 0 0 0 0 23 23 0.00 0.00 0.00 0.00 1.00 0.00 0.00 255 255 1.00 0.00 0.00 0.00 0.00 0.00 0.00 0.00
1 0 257 6831 0 0 0 0 0 0 0 0 0 0 0 0 5 5 0.00 0.00 0.00 0.00 1.00 0.00 0.00 255 255 1.00 0.00 0.00 0.00 0.00 0.00 0.00 0.00
1 0 253 1001 0 0 0 0 0 0 0 0 0 0 0 0 15 15 0.00 0.00 0.00 0.00 1.00 0.00 0.00 255 255 1.00 0.00 0.00 0.00 0.00 0.00 0.00 0.00
1 0 153 35215 0 0 0 0 0 0 0 0 0 0 0 0 2 2 0.00 0.00 0.00 0.00 1.00 0.00 0.00 255 255 1.00 0.00 0.00 0.00 0.00 0.00 0.00 0.00
1 0 230 258 0 0 0 0 0 0 0 0 0 0 0 0 12 12 0.00 0.00 0.00 0.00 1.00 0.00 0.00 255 255 1.00 0.00 0.00 0.00 0.00 0.00 0.00 0.00
1 0 234 1931 0 0 0 0 0 0 0 0 0 0 0 0 22 22 0.00 0.00 0.00 0.00 1.00 0.00 0.00 255 255 1.00 0.00 0.00 0.00 0.00 0.00 0.00 0.00
1 0 273 1244 0 0 0 0 0 0 0 0 0 0 0 0 4 4 0.00 0.00 0.00 0.00 1.00 0.00 0.00 255 255 1.00 0.00 0.00 0.00 0.00 0.00 0.00 0.00
1 0 403 6471 0 0 0 0 0 0 0 0 0 0 0 0 14 14 0.00 0.00 0.00 0.00 1.00 0.00 0.00 255 255 1.00 0.00 0.00 0.00 0.00 0.00 0.00 0.00
1 0 271 255 0 0 0 0 0 0 0 0 0 0 0 0 8 8 0.00 0.00 0.00 0.00 1.00 0.00 0.00 255 255 1.00 0.00 0.00 0.00 0.00 0.00 0.00 0.00
1 0 319 1374 0 0 0 0 0 0 0 0 0 0 0 0 3 3 0.00 0.00 0.00 0.00 1.00 0.00 0.00 255 255 1.00 0.00 0.00 0.00 0.00 0.00 0.00 0.00
1 0 315 515 0 0 0 0 0 0 0 0 0 0 0 0 13 13 0.00 0.00 0.00 0.00 1.00 0.00 0.00 255 255 1.00 0.00 0.00 0.00 0.00 0.00 0.00 0.00
1 0 314 274 0 0 0 0 0 0 0 0 0 0 0 0 23 23 0.00 0.00 0.00 0.00 1.00 0.00 0.00 255 255 1.00 0.00 0.00 0.00 0.00 0.00 0.00 0.00
1 0 330 457 0 0 0 0 0 0 0 0 0 0 0 0 1 4 0.00 0.00 0.00 0.00 1.00 0.00 0.50 5 255 1.00 0.00 0.20 0.01 0.00 0.00 0.00 0.00
1 0 387 1290 0 0 0 0 0 0 0 0 0 0 0 0 8 8 0.00 0.00 0.00 0.00 1.00 0.00 0.00 8 255 1.00 0.00 0.12 0.02 0.00 0.00 0.00 0.00
1 0 364 2625 0 0 0 0 0 0 0 0 0 0 0 0 18 18 0.00 0.00 0.00 0.00 1.00 0.00 0.00 18 255 1.00 0.00 0.06 0.02 0.00 0.00 0.00 0.00
1 0 388 1356 0 0 0 0 0 0 0 0 0 0 0 0 28 28 0.00 0.00 0.00 0.00 1.00 0.00 0.00 28 255 1.00 0.00 0.04 0.02 0.00 0.00 0.00 0.00
1 0 270 1290 0 0 0 0 0 0 0 0 0 0 0 0 9 10 0.00 0.00 0.00 0.00 1.00 0.00 0.20 38 255 1.00 0.00 0.03 0.02 0.00 0.00 0.00 0.00
1 0 247 2625 0 0 0 0 0 0 0 0 0 0 0 0 19 20 0.00 0.00 0.00 0.00 1.00 0.00 0.10 48 255 1.00 0.00 0.02 0.02 0.00 0.00 0.00 0.00
1 0 270 1375 0 0 0 0 0 0 0 0 0 0 0 0 29 30 0.00 0.00 0.00 0.00 1.00 0.00 0.07 58 255 1.00 0.00 0.02 0.02 0.00 0.00 0.00 0.00
1 0 365 1379 0 0 0 0 0 0 0 0 0 0 0 0 10 10 0.00 0.00 0.00 0.00 1.00 0.00 0.00 68 255 1.00 0.00 0.01 0.02 0.00 0.00 0.00 0.00
1 0 363 2464 0 0 0 0 0 0 0 0 0 0 0 0 20 20 0.00 0.00 0.00 0.00 1.00 0.00 0.00 78 255 1.00 0.00 0.01 0.02 0.00 0.00 0.00 0.00
1 0 212 2127 0 0 0 0 0 0 0 0 0 0 0 0 1 1 0.00 0.00 0.00 0.00 1.00 0.00 0.00 1 255 1.00 0.00 1.00 0.02 0.00 0.00 0.00 0.00
1 0 212 1187 0 0 0 0 0 0 0 0 0 0 0 0 11 11 0.00 0.00 0.00 0.00 1.00 0.00 0.00 11 255 1.00 0.00 0.09 0.02 0.00 0.00 0.00 0.00
1 0 222 2156 0 0 0 0 0 0 0 0 0 0 0 0 4 21 0.00 0.00 0.00 0.00 1.00 0.00 0.10 21 255 1.00 0.00 0.05 0.02 0.00 0.00 0.00 0.00
1 0 172 2595 0 0 0 0 0 0 0 0 0 0 0 0 1 1 0.00 0.00 0.00 0.00 1.00 0.00 0.00 31 255 1.00 0.00 0.03 0.02 0.00 0.00 0.00 0.00
1 0 222 2183 0 0 0 0 0 0 0 0 0 0 0 0 10 10 0.00 0.00 0.00 0.00 1.00 0.00 0.00 41 255 1.00 0.00 0.02 0.02 0.00 0.00 0.00 0.00
1 0 344 831 0 0 0 0 0 0 0 0 0 0 0 0 3 42 0.00 0.00 0.00 0.00 1.00 0.00 0.05 3 255 1.00 0.00 0.33 0.03 0.00 0.00 0.00 0.00
1 0 345 1556 0 0 0 0 0 0 0 0 0 0 0 0 13 52 0.00 0.00 0.00 0.00 1.00 0.00 0.04 13 255 1.00 0.00 0.08 0.03 0.00 0.00 0.00 0.00
1 0 340 2366 0 0 0 0 0 0 0 0 0 0 0 0 4 4 0.00 0.00 0.00 0.00 1.00 0.00 0.00 4 255 1.00 0.00 0.25 0.04 0.00 0.00 0.00 0.00
1 0 286 224 0 0 0 0 0 0 0 0 0 0 0 0 1 1 0.00 0.00 0.00 0.00 1.00 0.00 0.00 14 255 1.00 0.00 0.07 0.04 0.00 0.00 0.00 0.00
1 0 361 288 0 0 0 0 0 0 0 0 0 0 0 0 10 10 0.00 0.00 0.00 0.00 1.00 0.00 0.00 10 255 1.00 0.00 0.10 0.04 0.00 0.00 0.00 0.00
1 0 318 1479 0 0 0 0 0 0 0 0 0 0 0 0 7 7 0.00 0.00 0.00 0.00 1.00 0.00 0.00 20 255 1.00 0.00 0.05 0.04 0.00 0.00 0.00 0.00
1 0 356 2254 0 0 0 0 0 0 0 0 0 0 0 0 3 3 0.00 0.00 0.00 0.00 1.00 0.00 0.00 30 255 1.00 0.00 0.03 0.04 0.00 0.00 0.00 0.00
1 0 158 312 0 0 0 0 0 0 0 0 0 0 0 0 1 5 0.00 0.00 0.00 0.00 1.00 0.00 0.40 40 255 1.00 0.00 0.03 0.04 0.00 0.00 0.00 0.00
1 0 204 2411 0 0 0 0 0 0 0 0 0 0 0 0 6 6 0.00 0.00 0.00 0.00 1.00 0.00 0.00 50 255 1.00 0.00 0.02 0.04 0.00 0.00 0.00 0.00
1 0 239 3386 0 0 0 0 0 0 0 0 0 0 0 0 2 2 0.00 0.00 0.00 0.00 1.00 0.00 0.00 60 255 1.00 0.00 0.02 0.04 0.00 0.00 0.00 0.00
1 0 306 7933 0 0 0 0 0 0 0 0 0 0 0 0 8 8 0.00 0.00 0.00 0.00 1.00 0.00 0.00 70 255 1.00 0.00 0.01 0.04 0.00 0.00 0.00 0.00
1 0 263 288 0 0 0 0 0 0 0 0 0 0 0 0 5 5 0.00 0.00 0.00 0.00 1.00 0.00 0.00 80 255 1.00 0.00 0.01 0.04 0.00 0.00 0.00 0.00
1 0 290 3595 0 0 0 0 0 0 0 0 0 0 0 0 1 1 0.00 0.00 0.00 0.00 1.00 0.00 0.00 90 255 1.00 0.00 0.01 0.03 0.00 0.00 0.00 0.00
1 0 318 1886 0 0 0 0 0 0 0 0 0 0 0 0 4 4 0.00 0.00 0.00 0.00 1.00 0.00 0.00 4 255 1.00 0.00 0.25 0.04 0.00 0.00 0.00 0.00
1 0 324 267 0 0 0 0 0 0 0 0 0 0 0 0 14 14 0.00 0.00 0.00 0.00 1.00 0.00 0.00 14 255 1.00 0.00 0.07 0.04 0.00 0.00 0.00 0.00
1 0 318 1298 0 0 0 0 0 0 0 0 0 0 0 0 5 12 0.00 0.00 0.00 0.00 1.00 0.00 0.17 24 255 1.00 0.00 0.04 0.04 0.00 0.00 0.00 0.00
1 0 322 255 0 0 0 0 0 0 0 0 0 0 0 0 15 22 0.00 0.00 0.00 0.00 1.00 0.00 0.09 34 255 1.00 0.00 0.03 0.04 0.00 0.00 0.00 0.00
1 0 219 10358 0 0 0 0 0 0 0 0 0 0 0 0 6 6 0.00 0.00 0.00 0.00 1.00 0.00 0.00 44 255 1.00 0.00 0.02 0.04 0.00 0.00 0.00 0.00
1 0 234 255 0 0 0 0 0 0 0 0 0 0 0 0 16 16 0.00 0.00 0.00 0.00 1.00 0.00 0.00 54 255 1.00 0.00 0.02 0.04 0.00 0.00 0.00 0.00
1 0 172 1963 0 0 0 0 0 0 0 0 0 0 0 0 2 2 0.00 0.00 0.00 0.00 1.00 0.00 0.00 4 255 1.00 0.00 0.25 0.05 0.00 0.00 0.00 0.00
1 0 241 163 0 0 0 0 0 0 0 0 0 0 0 0 1 1 0.00 0.00 0.00 0.00 1.00 0.00 0.00 14 255 1.00 0.00 0.07 0.05 0.07 0.00 0.00 0.00
1 0 305 3490 0 0 0 0 0 0 0 0 0 0 0 0 6 6 0.00 0.00 0.00 0.00 1.00 0.00 0.00 6 255 1.00 0.00 0.17 0.05 0.00 0.00 0.00 0.00
1 0 336 5620 0 0 0 0 0 0 0 0 0 0 0 0 7 8 0.00 0.00 0.00 0.00 1.00 0.00 0.25 16 255 1.00 0.00 0.06 0.05 0.00 0.00 0.00 0.00
1 0 201 444 0 0 0 0 0 0 0 0 0 0 0 0 8 12 0.00 0.00 0.00 0.00 1.00 0.00 0.25 8 255 1.00 0.00 0.12 0.05 0.00 0.00 0.00 0.00
1 0 361 5124 0 0 0 0 0 0 0 0 0 0 0 0 3 3 0.00 0.00 0.00 0.00 1.00 0.00 0.00 3 255 1.00 0.00 0.33 0.06 0.00 0.00 0.00 0.00
1 0 259 886 0 0 0 0 0 0 0 0 0 0 0 0 5 5 0.00 0.00 0.00 0.00 1.00 0.00 0.00 13 255 1.00 0.00 0.08 0.05 0.00 0.00 0.00 0.00
1 0 343 7814 0 0 0 0 0 0 0 0 0 0 0 0 1 1 0.00 0.00 0.00 0.00 1.00 0.00 0.00 1 255 1.00 0.00 1.00 0.05 0.00 0.00 0.00 0.00
1 0 194 1226 0 0 0 0 0 0 0 0 0 0 0 0 1 5 0.00 0.00 0.00 0.00 1.00 0.00 0.60 9 255 1.00 0.00 0.11 0.05 0.00 0.00 0.00 0.00
1 0 516 53744 0 0 0 0 0 0 0 0 0 0 0 0 1 1 0.00 0.00 0.00 0.00 1.00 0.00 0.00 6 255 1.00 0.00 0.17 0.05 0.00 0.00 0.00 0.00
1 0 330 1796 0 0 0 0 0 0 0 0 0 0 0 0 6 6 0.00 0.00 0.00 0.00 1.00 0.00 0.00 10 255 1.00 0.00 0.10 0.05 0.00 0.00 0.00 0.00
1 0 361 893 0 0 0 0 0 0 0 0 0 0 0 0 5 5 0.00 0.00 0.00 0.00 1.00 0.00 0.00 10 255 1.00 0.00 0.10 0.06 0.00 0.00 0.00 0.00
1 0 357 2540 0 0 0 0 0 0 0 0 0 0 0 0 15 16 0.00 0.00 0.00 0.00 1.00 0.00 0.12 20 255 1.00 0.00 0.05 0.06 0.00 0.00 0.00 0.00
1 0 201 24840 0 0 0 0 0 0 0 0 0 0 0 0 2 2 0.00 0.00 0.00 0.00 1.00 0.00 0.00 2 255 1.00 0.00 0.50 0.06 0.00 0.00 0.00 0.00
1 0 300 23004 0 0 0 0 0 0 0 0 0 0 0 0 3 31 0.00 0.00 0.00 0.00 1.00 0.00 0.06 6 255 1.00 0.00 0.17 0.07 0.00 0.00 0.00 0.00
1 0 349 10041 0 0 0 0 0 0 0 0 0 0 0 0 1 4 0.00 0.00 0.00 0.00 1.00 0.00 0.50 6 255 1.00 0.00 0.17 0.08 0.00 0.00 0.00 0.00
1 0 312 15574 0 0 0 0 0 0 0 0 0 0 0 0 6 8 0.00 0.00 0.00 0.00 1.00 0.00 0.38 6 255 1.00 0.00 0.17 0.09 0.00 0.00 0.00 0.00
1 0 314 1592 0 0 0 0 0 0 0 0 0 0 0 0 16 21 0.00 0.00 0.00 0.00 1.00 0.00 0.29 16 255 1.00 0.00 0.06 0.09 0.00 0.00 0.00 0.00
1 0 322 476 0 0 0 0 0 0 0 0 0 0 0 0 4 4 0.00 0.00 0.00 0.00 1.00 0.00 0.00 26 255 1.00 0.00 0.04 0.09 0.00 0.00 0.00 0.00
1 0 264 3361 0 0 0 0 0 0 0 0 0 0 0 0 4 4 0.00 0.00 0.00 0.00 1.00 0.00 0.00 4 255 1.00 0.00 0.25 0.09 0.00 0.00 0.00 0.00
1 0 261 9464 0 0 0 0 0 0 0 0 0 0 0 0 4 21 0.00 0.00 0.00 0.00 1.00 0.00 0.19 14 255 1.00 0.00 0.07 0.09 0.00 0.00 0.00 0.00
1 0 238 22583 0 0 0 0 0 0 0 0 0 0 0 0 7 9 0.00 0.00 0.00 0.00 1.00 0.00 0.22 7 255 1.00 0.00 0.14 0.09 0.00 0.00 0.00 0.00
1 0 218 2712 0 0 0 0 0 0 0 0 0 0 0 0 4 4 0.00 0.00 0.00 0.00 1.00 0.00 0.00 4 255 1.00 0.00 0.25 0.10 0.00 0.00 0.00 0.00
1 0 224 5881 0 0 0 0 0 0 0 0 0 0 0 0 10 12 0.00 0.00 0.00 0.00 1.00 0.00 0.17 14 255 1.00 0.00 0.07 0.10 0.00 0.00 0.00 0.00
1 0 224 4826 0 0 0 0 0 0 0 0 0 0 0 0 20 22 0.00 0.00 0.00 0.00 1.00 0.00 0.09 24 255 1.00 0.00 0.04 0.10 0.00 0.00 0.00 0.00
1 0 243 4368 0 0 0 0 0 0 0 0 0 0 0 0 3 11 0.00 0.00 0.00 0.00 1.00 0.00 0.18 34 255 1.00 0.00 0.03 0.09 0.00 0.00 0.00 0.00
1 0 212 701 0 0 0 0 0 0 0 0 0 0 0 0 8 8 0.00 0.00 0.00 0.00 1.00 0.00 0.00 8 255 1.00 0.00 0.12 0.09 0.00 0.00 0.00 0.00
1 0 159 8572 0 0 0 0 0 0 0 0 0 0 0 0 1 1 0.00 0.00 0.00 0.00 1.00 0.00 0.00 18 255 1.00 0.00 0.06 0.09 0.00 0.00 0.00 0.00
1 0 214 701 0 0 0 0 0 0 0 0 0 0 0 0 11 11 0.00 0.00 0.00 0.00 1.00 0.00 0.00 28 255 1.00 0.00 0.04 0.09 0.00 0.00 0.00 0.00
1 0 252 287 0 0 0 0 0 0 0 0 0 0 0 0 1 1 0.00 0.00 0.00 0.00 1.00 0.00 0.00 4 255 1.00 0.00 0.25 0.09 0.00 0.00 0.00 0.00
1 0 304 15039 0 0 0 0 0 0 0 0 0 0 0 0 8 9 0.00 0.00 0.00 0.00 1.00 0.00 0.22 8 255 1.00 0.00 0.12 0.09 0.00 0.00 0.00 0.00
1 0 337 4930 0 0 0 0 0 0 0 0 0 0 0 0 1 1 0.00 0.00 0.00 0.00 1.00 0.00 0.00 18 255 1.00 0.00 0.06 0.09 0.00 0.00 0.00 0.00
1 0 320 3338 0 0 0 0 0 0 0 0 0 0 0 0 2 6 0.00 0.00 0.00 0.00 1.00 0.00 0.67 28 255 1.00 0.00 0.04 0.09 0.00 0.00 0.00 0.00
1 0 334 927 0 0 0 0 0 0 0 0 0 0 0 0 8 10 0.00 0.00 0.00 0.00 1.00 0.00 0.30 38 255 1.00 0.00 0.03 0.08 0.00 0.00 0.00 0.00
1 0 323 5318 0 0 0 0 0 0 0 0 0 0 0 0 7 7 0.00 0.00 0.00 0.00 1.00 0.00 0.00 7 255 1.00 0.00 0.14 0.08 0.00 0.00 0.00 0.00
1 0 325 31864 0 0 0 0 0 0 0 0 0 0 0 0 17 17 0.00 0.00 0.00 0.00 1.00 0.00 0.00 17 255 1.00 0.00 0.06 0.07 0.00 0.00 0.00 0.00
1 0 208 750 0 0 0 0 0 0 0 0 0 0 0 0 5 5 0.00 0.00 0.00 0.00 1.00 0.00 0.00 27 255 1.00 0.00 0.04 0.07 0.00 0.00 0.00 0.00
1 0 211 529 0 0 0 0 0 0 0 0 0 0 0 0 15 15 0.00 0.00 0.00 0.00 1.00 0.00 0.00 37 255 1.00 0.00 0.03 0.07 0.00 0.00 0.00 0.00
1 0 323 5318 0 0 0 0 0 0 0 0 0 0 0 0 3 3 0.00 0.00 0.00 0.00 1.00 0.00 0.00 47 255 1.00 0.00 0.04 0.07 0.00 0.00 0.00 0.00
1 0 328 529 0 0 0 0 0 0 0 0 0 0 0 0 13 14 0.00 0.00 0.00 0.00 1.00 0.00 0.14 57 255 1.00 0.00 0.02 0.06 0.00 0.00 0.00 0.00
1 3 260 193 0 0 0 0 0 0 0 0 0 0 0 0 1 1 0.00 0.00 0.00 0.00 1.00 0.00 0.00 1 255 1.00 0.00 1.00 0.05 0.00 0.00 0.00 0.00
1 0 143 193 0 0 0 0 0 0 0 0 0 0 0 0 1 1 0.00 0.00 0.00 0.00 1.00 0.00 0.00 11 255 1.00 0.00 0.09 0.04 0.00 0.00 0.00 0.00
1 0 159 193 0 0 0 0 0 0 0 0 0 0 0 0 1 1 0.00 0.00 0.00 0.00 1.00 0.00 0.00 21 255 1.00 0.00 0.05 0.04 0.00 0.00 0.00 0.00
1 0 232 285 0 0 0 0 0 0 0 0 0 0 0 0 1 1 0.00 0.00 0.00 0.00 1.00 0.00 0.00 3 255 1.00 0.00 0.33 0.05 0.00 0.00 0.00 0.00
1 0 206 11617 0 0 0 0 0 0 0 0 0 0 0 0 2 3 0.00 0.00 0.00 0.00 1.00 0.00 0.67 6 255 1.00 0.00 0.17 0.05 0.00 0.00 0.00 0.00
1 0 230 9165 0 0 0 0 0 0 0 0 0 0 0 0 2 32 0.00 0.00 0.00 0.00 1.00 0.00 0.16 16 255 1.00 0.00 0.06 0.05 0.00 0.00 0.00 0.00
1 0 192 10794 0 0 0 0 0 0 0 0 0 0 0 0 2 11 0.00 0.00 0.00 0.00 1.00 0.00 0.27 26 255 1.00 0.00 0.04 0.04 0.00 0.00 0.00 0.00
1 0 227 9165 0 0 0 0 0 0 0 0 0 0 0 0 2 27 0.00 0.00 0.00 0.00 1.00 0.00 0.15 36 255 1.00 0.00 0.03 0.04 0.00 0.00 0.00 0.00
1 0 235 9165 0 0 0 0 0 0 0 0 0 0 0 0 2 3 0.00 0.00 0.00 0.00 1.00 0.00 0.67 46 255 1.00 0.00 0.02 0.04 0.00 0.00 0.00 0.00
1 0 207 1215 0 0 0 0 0 0 0 0 0 0 0 0 8 8 0.00 0.00 0.00 0.00 1.00 0.00 0.00 8 255 1.00 0.00 0.12 0.04 0.00 0.00 0.00 0.00
1 0 219 1212 0 0 0 0 0 0 0 0 0 0 0 0 3 3 0.00 0.00 0.00 0.00 1.00 0.00 0.00 18 255 1.00 0.00 0.06 0.04 0.00 0.00 0.00 0.00
1 0 207 771 0 0 0 0 0 0 0 0 0 0 0 0 13 13 0.00 0.00 0.00 0.00 1.00 0.00 0.00 28 255 1.00 0.00 0.04 0.04 0.00 0.00 0.00 0.00
1 0 200 294 0 0 0 0 0 0 0 0 0 0 0 0 7 7 0.00 0.00 0.00 0.00 1.00 0.00 0.00 38 255 1.00 0.00 0.03 0.04 0.00 0.00 0.00 0.00
1 0 224 3867 0 0 0 0 0 0 0 0 0 0 0 0 2 2 0.00 0.00 0.00 0.00 1.00 0.00 0.00 48 255 1.00 0.00 0.02 0.04 0.00 0.00 0.00 0.00
1 0 233 1065 0 0 0 0 0 0 0 0 0 0 0 0 12 12 0.00 0.00 0.00 0.00 1.00 0.00 0.00 58 255 1.00 0.00 0.02 0.04 0.00 0.00 0.00 0.00
1 0 262 451 0 0 0 0 0 0 0 0 0 0 0 0 7 7 0.00 0.00 0.00 0.00 1.00 0.00 0.00 68 255 1.00 0.00 0.01 0.03 0.00 0.00 0.00 0.00
1 0 258 471 0 0 0 0 0 0 0 0 0 0 0 0 17 17 0.00 0.00 0.00 0.00 1.00 0.00 0.00 78 255 1.00 0.00 0.01 0.03 0.00 0.00 0.00 0.00
1 0 334 1065 0 0 0 0 0 0 0 0 0 0 0 0 10 10 0.00 0.00 0.00 0.00 1.00 0.00 0.00 88 255 1.00 0.00 0.01 0.03 0.00 0.00 0.00 0.00
1 0 234 1065 0 0 0 0 0 0 0 0 0 0 0 0 5 36 0.00 0.00 0.00 0.00 1.00 0.00 0.11 98 255 1.00 0.00 0.01 0.03 0.00 0.00 0.00 0.00
1 0 223 771 0 0 0 0 0 0 0 0 0 0 0 0 15 34 0.00 0.00 0.00 0.00 1.00 0.00 0.09 108 255 1.00 0.00 0.01 0.02 0.00 0.00 0.00 0.00
1 0 163 19983 0 0 0 0 0 0 0 0 0 0 0 0 2 2 0.00 0.00 0.00 0.00 1.00 0.00 0.00 118 255 1.00 0.00 0.01 0.02 0.00 0.00 0.00 0.00
1 0 222 1215 0 0 0 0 0 0 0 0 0 0 0 0 12 12 0.00 0.00 0.00 0.00 1.00 0.00 0.00 128 255 1.00 0.00 0.01 0.02 0.00 0.00 0.00 0.00
1 0 299 7492 0 0 0 0 0 0 0 0 0 0 0 0 6 7 0.00 0.00 0.00 0.00 1.00 0.00 0.29 138 255 1.00 0.00 0.01 0.02 0.00 0.00 0.00 0.00
1 0 306 1065 0 0 0 0 0 0 0 0 0 0 0 0 15 16 0.00 0.00 0.00 0.00 1.00 0.00 0.12 148 255 1.00 0.00 0.01 0.02 0.00 0.00 0.00 0.00
1 0 328 336 0 0 0 0 0 0 0 0 0 0 0 0 25 26 0.00 0.00 0.00 0.00 1.00 0.00 0.08 158 255 1.00 0.00 0.01 0.02 0.00 0.00 0.00 0.00
1 0 174 169 0 0 0 0 0 0 0 0 0 0 0 0 1 1 0.00 0.00 0.00 0.00 1.00 0.00 0.00 168 255 1.00 0.00 0.01 0.02 0.00 0.00 0.00 0.00
1 0 306 1065 0 0 0 0 0 0 0 0 0 0 0 0 10 16 0.00 0.00 0.00 0.00 1.00 0.00 0.12 178 255 1.00 0.00 0.01 0.02 0.00 0.00 0.00 0.00
1 0 332 772 0 0 0 0 0 0 0 0 0 0 0 0 5 5 0.00 0.00 0.00 0.00 1.00 0.00 0.00 188 255 1.00 0.00 0.01 0.02 0.00 0.00 0.00 0.00
1 0 331 471 0 0 0 0 0 0 0 0 0 0 0 0 15 15 0.00 0.00 0.00 0.00 1.00 0.00 0.00 198 255 1.00 0.00 0.01 0.02 0.00 0.00 0.00 0.00
1 0 221 1158 0 0 0 0 0 0 0 0 0 0 0 0 8 8 0.00 0.00 0.00 0.00 1.00 0.00 0.00 208 255 1.00 0.00 0.00 0.01 0.00 0.00 0.00 0.00
1 0 211 392 0 0 0 0 0 0 0 0 0 0 0 0 3 3 0.00 0.00 0.00 0.00 1.00 0.00 0.00 218 255 1.00 0.00 0.00 0.01 0.00 0.00 0.00 0.00
1 0 211 3552 0 0 0 0 0 0 0 0 0 0 0 0 13 13 0.00 0.00 0.00 0.00 1.00 0.00 0.00 228 255 1.00 0.00 0.00 0.01 0.00 0.00 0.00 0.00
1 0 252 8134 0 0 0 0 0 0 0 0 0 0 0 0 3 4 0.00 0.00 0.00 0.00 1.00 0.00 0.50 238 255 1.00 0.00 0.00 0.01 0.00 0.00 0.00 0.00
1 0 254 1178 0 0 0 0 0 0 0 0 0 0 0 0 3 3 0.00 0.00 0.00 0.00 1.00 0.00 0.00 248 255 1.00 0.00 0.00 0.01 0.00 0.00 0.00 0.00
1 0 249 1029 0 0 0 0 0 0 0 0 0 0 0 0 13 14 0.00 0.00 0.00 0.00 1.00 0.00 0.14 255 255 1.00 0.00 0.00 0.00 0.00 0.00 0.00 0.00
1 0 250 2066 0 0 0 0 0 0 0 0 0 0 0 0 9 11 0.00 0.00 0.00 0.00 1.00 0.00 0.18 255 255 1.00 0.00 0.00 0.00 0.00 0.00 0.00 0.00
1 0 248 1639 0 0 0 0 0 0 0 0 0 0 0 0 1 20 0.00 0.00 0.00 0.00 1.00 0.00 0.10 255 255 1.00 0.00 0.00 0.00 0.00 0.00 0.00 0.00
1 0 250 768 0 0 0 0 0 0 0 0 0 0 0 0 11 31 0.00 0.00 0.00 0.00 1.00 0.00 0.10 255 255 1.00 0.00 0.00 0.00 0.00 0.00 0.00 0.00
1 0 248 1639 0 0 0 0 0 0 0 0 0 0 0 0 7 9 0.00 0.00 0.00 0.00 1.00 0.00 0.33 255 255 1.00 0.00 0.00 0.00 0.00 0.00 0.00 0.00
1 0 234 1212 0 0 0 0 0 0 0 0 0 0 0 0 3 3 0.00 0.00 0.00 0.00 1.00 0.00 0.00 255 255 1.00 0.00 0.00 0.00 0.00 0.00 0.00 0.00
1 0 222 771 0 0 0 0 0 0 0 0 0 0 0 0 13 13 0.00 0.00 0.00 0.00 1.00 0.00 0.00 255 255 1.00 0.00 0.00 0.00 0.00 0.00 0.00 0.00
1 0 222 1215 0 0 0 0 0 0 0 0 0 0 0 0 8 9 0.00 0.00 0.00 0.00 1.00 0.00 0.22 255 255 1.00 0.00 0.00 0.00 0.00 0.00 0.00 0.00
1 0 236 1249 0 0 0 0 0 0 0 0 0 0 0 0 3 3 0.00 0.00 0.00 0.00 1.00 0.00 0.00 255 255 1.00 0.00 0.00 0.00 0.00 0.00 0.00 0.00
1 0 235 1212 0 0 0 0 0 0 0 0 0 0 0 0 13 13 0.00 0.00 0.00 0.00 1.00 0.00 0.00 255 255 1.00 0.00 0.00 0.00 0.00 0.00 0.00 0.00
1 0 248 1639 0 0 0 0 0 0 0 0 0 0 0 0 7 8 0.00 0.00 0.00 0.00 1.00 0.00 0.25 255 255 1.00 0.00 0.00 0.00 0.00 0.00 0.00 0.00
1 0 252 2974 0 0 0 0 0 0 0 0 0 0 0 0 3 5 0.00 0.00 0.00 0.00 1.00 0.00 0.60 255 255 1.00 0.00 0.00 0.00 0.00 0.00 0.00 0.00
1 0 236 3106 0 0 0 0 0 0 0 0 0 0 0 0 13 16 0.00 0.00 0.00 0.00 1.00 0.00 0.25 255 255 1.00 0.00 0.00 0.00 0.00 0.00 0.00 0.00
1 0 231 1813 0 0 0 0 0 0 0 0 0 0 0 0 9 10 0.00 0.00 0.00 0.00 1.00 0.00 0.20 255 255 1.00 0.00 0.00 0.00 0.00 0.00 0.00 0.00
1 0 245 1578 0 0 0 0 0 0 0 0 0 0 0 0 1 1 0.00 0.00 0.00 0.00 1.00 0.00 0.00 255 255 1.00 0.00 0.00 0.00 0.00 0.00 0.00 0.00
1 0 250 819 0 0 0 0 0 0 0 0 0 0 0 0 11 13 0.00 0.00 0.00 0.00 1.00 0.00 0.23 255 255 1.00 0.00 0.00 0.00 0.00 0.00 0.00 0.00
1 0 250 2066 0 0 0 0 0 0 0 0 0 0 0 0 7 8 0.00 0.00 0.00 0.00 1.00 0.00 0.25 255 255 1.00 0.00 0.00 0.00 0.00 0.00 0.00 0.00
1 0 234 1212 0 0 0 0 0 0 0 0 0 0 0 0 3 3 0.00 0.00 0.00 0.00 1.00 0.00 0.00 255 255 1.00 0.00 0.00 0.00 0.00 0.00 0.00 0.00
1 0 222 1215 0 0 0 0 0 0 0 0 0 0 0 0 13 13 0.00 0.00 0.00 0.00 1.00 0.00 0.00 255 255 1.00 0.00 0.00 0.00 0.00 0.00 0.00 0.00
1 0 231 10569 0 0 0 0 0 0 0 0 0 0 0 0 2 2 0.00 0.00 0.00 0.00 1.00 0.00 0.00 255 255 1.00 0.00 0.00 0.00 0.00 0.00 0.00 0.00
1 0 241 6943 0 0 0 0 0 0 0 0 0 0 0 0 4 4 0.00 0.00 0.00 0.00 1.00 0.00 0.00 255 255 1.00 0.00 0.00 0.00 0.00 0.00 0.00 0.00
1 0 256 8361 0 0 0 0 0 0 0 0 0 0 0 0 6 6 0.00 0.00 0.00 0.00 1.00 0.00 0.00 255 255 1.00 0.00 0.00 0.00 0.00 0.00 0.00 0.00
1 0 247 11236 0 0 0 0 0 0 0 0 0 0 0 0 8 8 0.00 0.00 0.00 0.00 1.00 0.00 0.00 255 255 1.00 0.00 0.00 0.00 0.00 0.00 0.00 0.00
1 0 306 1065 0 0 0 0 0 0 0 0 0 0 0 0 10 10 0.00 0.00 0.00 0.00 1.00 0.00 0.00 255 255 1.00 0.00 0.00 0.00 0.00 0.00 0.00 0.00
1 0 309 1158 0 0 0 0 0 0 0 0 0 0 0 0 4 4 0.00 0.00 0.00 0.00 1.00 0.00 0.00 255 255 1.00 0.00 0.00 0.00 0.00 0.00 0.00 0.00
1 0 295 1215 0 0 0 0 0 0 0 0 0 0 0 0 14 14 0.00 0.00 0.00 0.00 1.00 0.00 0.00 255 255 1.00 0.00 0.01 0.00 0.00 0.00 0.00 0.00
1 0 309 1158 0 0 0 0 0 0 0 0 0 0 0 0 9 9 0.00 0.00 0.00 0.00 1.00 0.00 0.00 255 255 1.00 0.00 0.01 0.00 0.00 0.00 0.00 0.00
1 0 218 1212 0 0 0 0 0 0 0 0 0 0 0 0 3 3 0.00 0.00 0.00 0.00 1.00 0.00 0.00 255 255 1.00 0.00 0.00 0.00 0.00 0.00 0.00 0.00
1 0 210 7492 0 0 0 0 0 0 0 0 0 0 0 0 12 12 0.00 0.00 0.00 0.00 1.00 0.00 0.00 255 255 1.00 0.00 0.00 0.00 0.00 0.00 0.00 0.00
1 0 206 997 0 0 0 0 0 0 0 0 0 0 0 0 6 6 0.00 0.00 0.00 0.00 1.00 0.00 0.00 255 255 1.00 0.00 0.00 0.00 0.00 0.00 0.00 0.00
1 0 293 771 0 0 0 0 0 0 0 0 0 0 0 0 1 1 0.00 0.00 0.00 0.00 1.00 0.00 0.00 255 255 1.00 0.00 0.00 0.00 0.00 0.00 0.00 0.00
1 0 294 431 0 0 0 0 0 0 0 0 0 0 0 0 11 11 0.00 0.00 0.00 0.00 1.00 0.00 0.00 255 255 1.00 0.00 0.00 0.00 0.00 0.00 0.00 0.00
1 0 218 4675 0 0 0 0 0 0 0 0 0 0 0 0 5 5 0.00 0.00 0.00 0.00 1.00 0.00 0.00 5 255 1.00 0.00 0.20 0.01 0.00 0.00 0.00 0.00
1 0 221 2859 0 0 0 0 0 0 0 0 0 0 0 0 15 15 0.00 0.00 0.00 0.00 1.00 0.00 0.00 15 255 1.00 0.00 0.07 0.01 0.00 0.00 0.00 0.00
1 0 222 2477 0 0 0 0 0 0 0 0 0 0 0 0 25 25 0.00 0.00 0.00 0.00 1.00 0.00 0.00 25 255 1.00 0.00 0.04 0.01 0.00 0.00 0.00 0.00
1 0 221 3819 0 0 0 0 0 0 0 0 0 0 0 0 1 1 0.00 0.00 0.00 0.00 1.00 0.00 0.00 1 255 1.00 0.00 1.00 0.02 0.00 0.00 0.00 0.00
1 0 233 3819 0 0 0 0 0 0 0 0 0 0 0 0 5 5 0.00 0.00 0.00 0.00 1.00 0.00 0.00 11 255 1.00 0.00 0.09 0.02 0.00 0.00 0.00 0.00
1 0 318 3811 0 0 0 0 0 0 0 0 0 0 0 0 4 4 0.00 0.00 0.00 0.00 1.00 0.00 0.00 6 255 1.00 0.00 0.17 0.02 0.00 0.00 0.00 0.00
1 0 322 3811 0 0 0 0 0 0 0 0 0 0 0 0 3 24 0.00 0.00 0.00 0.00 1.00 0.00 0.08 16 255 1.00 0.00 0.06 0.02 0.00 0.00 0.00 0.00
1 0 277 2021 0 0 0 0 0 0 0 0 0 0 0 0 1 4 0.00 0.00 0.00 0.00 1.00 0.00 0.50 26 255 1.00 0.00 0.04 0.02 0.00 0.00 0.00 0.00
1 0 324 4451 0 0 0 0 0 0 0 0 0 0 0 0 11 14 0.00 0.00 0.00 0.00 1.00 0.00 0.14 36 255 1.00 0.00 0.03 0.02 0.00 0.00 0.00 0.00
1 0 159 13353 0 0 0 0 0 0 0 0 0 0 0 0 3 3 0.00 0.00 0.00 0.00 1.00 0.00 0.00 10 255 1.00 0.00 0.10 0.02 0.00 0.00 0.00 0.00
1 0 256 2486 0 0 0 0 0 0 0 0 0 0 0 0 13 13 0.00 0.00 0.00 0.00 1.00 0.00 0.00 20 255 1.00 0.00 0.05 0.02 0.00 0.00 0.00 0.00
1 0 253 428 0 0 0 0 0 0 0 0 0 0 0 0 3 4 0.00 0.00 0.00 0.00 1.00 0.00 0.50 3 255 1.00 0.00 0.33 0.03 0.00 0.00 0.00 0.00
1 0 278 24964 0 0 0 0 0 0 0 0 0 0 0 0 4 9 0.00 0.00 0.00 0.00 1.00 0.00 0.33 4 255 1.00 0.00 0.25 0.04 0.00 0.00 0.00 0.00
1 0 270 363 0 0 0 0 0 0 0 0 0 0 0 0 14 19 0.00 0.00 0.00 0.00 1.00 0.00 0.16 14 255 1.00 0.00 0.07 0.04 0.00 0.00 0.00 0.00
1 0 274 12149 0 0 0 0 0 0 0 0 0 0 0 0 24 29 0.00 0.00 0.00 0.00 1.00 0.00 0.10 24 255 1.00 0.00 0.04 0.04 0.00 0.00 0.00 0.00
1 0 293 24546 0 0 0 0 0 0 0 0 0 0 0 0 5 5 0.00 0.00 0.00 0.00 1.00 0.00 0.00 34 255 1.00 0.00 0.03 0.04 0.00 0.00 0.00 0.00
1 0 293 24825 0 0 0 0 0 0 0 0 0 0 0 0 15 15 0.00 0.00 0.00 0.00 1.00 0.00 0.00 44 255 1.00 0.00 0.02 0.04 0.00 0.00 0.00 0.00
1 0 249 11372 0 0 0 0 0 0 0 0 0 0 0 0 1 1 0.00 0.00 0.00 0.00 1.00 0.00 0.00 5 255 1.00 0.00 0.20 0.04 0.00 0.00 0.00 0.00
1 0 304 7957 0 0 0 0 0 0 0 0 0 0 0 0 11 18 0.00 0.00 0.00 0.00 1.00 0.00 0.11 15 255 1.00 0.00 0.07 0.04 0.00 0.00 0.00 0.00
1 0 265 1990 0 0 0 0 0 0 0 0 0 0 0 0 5 8 0.00 0.00 0.00 0.00 1.00 0.00 0.38 5 255 1.00 0.00 0.20 0.05 0.00 0.00 0.00 0.00
1 0 325 36327 0 0 0 0 0 0 0 0 0 0 0 0 15 18 0.00 0.00 0.00 0.00 1.00 0.00 0.17 15 255 1.00 0.00 0.07 0.05 0.00 0.00 0.00 0.00
1 0 324 6101 0 0 0 0 0 0 0 0 0 0 0 0 3 3 0.00 0.00 0.00 0.00 1.00 0.00 0.00 25 255 1.00 0.00 0.04 0.05 0.00 0.00 0.00 0.00
1 0 326 2035 0 0 0 0 0 0 0 0 0 0 0 0 3 3 0.00 0.00 0.00 0.00 1.00 0.00 0.00 35 255 1.00 0.00 0.03 0.05 0.00 0.00 0.00 0.00
1 0 293 31042 0 0 0 0 0 0 0 0 0 0 0 0 1 1 0.00 0.00 0.00 0.00 1.00 0.00 0.00 1 255 1.00 0.00 1.00 0.05 0.00 0.00 0.00 0.00
1 0 235 24558 0 0 0 0 0 0 0 0 0 0 0 0 1 14 0.00 0.00 0.00 0.00 1.00 0.00 0.14 10 255 1.00 0.00 0.10 0.05 0.00 0.00 0.00 0.00
1 0 233 1233 0 0 0 0 0 0 0 0 0 0 0 0 4 4 0.00 0.00 0.00 0.00 1.00 0.00 0.00 20 255 1.00 0.00 0.05 0.05 0.00 0.00 0.00 0.00
1 0 185 19502 0 0 0 0 0 0 0 0 0 0 0 0 1 1 0.00 0.00 0.00 0.00 1.00 0.00 0.00 4 255 1.00 0.00 0.25 0.06 0.00 0.00 0.00 0.00
1 0 289 1270 0 0 0 0 0 0 0 0 0 0 0 0 1 1 0.00 0.00 0.00 0.00 1.00 0.00 0.00 9 255 1.00 0.00 0.11 0.06 0.00 0.00 0.00 0.00
1 0 233 10219 0 0 0 0 0 0 0 0 0 0 0 0 3 4 0.00 0.00 0.00 0.00 1.00 0.00 0.50 3 255 1.00 0.00 0.33 0.06 0.00 0.00 0.00 0.00
1 0 286 1476 0 0 0 0 0 0 0 0 0 0 0 0 13 14 0.00 0.00 0.00 0.00 1.00 0.00 0.14 13 255 1.00 0.00 0.08 0.06 0.00 0.00 0.00 0.00
1 0 285 1479 0 0 0 0 0 0 0 0 0 0 0 0 5 8 0.00 0.00 0.00 0.00 1.00 0.00 0.38 23 255 1.00 0.00 0.04 0.05 0.00 0.00 0.00 0.00
1 0 282 313 0 0 0 0 0 0 0 0 0 0 0 0 4 4 0.00 0.00 0.00 0.00 1.00 0.00 0.00 4 255 1.00 0.00 0.25 0.06 0.00 0.00 0.00 0.00
1 0 190 3090 0 0 0 0 0 0 0 0 0 0 0 0 1 12 0.00 0.08 0.00 0.00 1.00 0.00 0.17 1 255 1.00 0.00 1.00 0.08 0.00 0.00 0.00 0.00
1 0 334 504 0 0 0 0 0 0 0 0 0 0 0 0 6 6 0.00 0.00 0.00 0.00 1.00 0.00 0.00 6 255 1.00 0.00 0.17 0.09 0.00 0.00 0.00 0.00
1 0 335 1088 0 0 0 0 0 0 0 0 0 0 0 0 16 16 0.00 0.00 0.00 0.00 1.00 0.00 0.00 16 255 1.00 0.00 0.06 0.08 0.00 0.00 0.00 0.00
1 0 307 557 0 0 0 0 0 0 0 0 0 0 0 0 6 6 0.00 0.00 0.00 0.00 1.00 0.00 0.00 26 255 1.00 0.00 0.04 0.08 0.00 0.00 0.00 0.00
1 0 309 731 0 0 0 0 0 0 0 0 0 0 0 0 16 16 0.00 0.00 0.00 0.00 1.00 0.00 0.00 36 255 1.00 0.00 0.03 0.08 0.00 0.00 0.00 0.00
1 0 242 1262 0 0 0 0 0 0 0 0 0 0 0 0 5 16 0.00 0.00 0.00 0.00 1.00 0.00 0.12 6 255 1.00 0.00 0.17 0.07 0.00 0.00 0.00 0.00
1 0 237 8011 0 0 0 0 0 0 0 0 0 0 0 0 15 27 0.00 0.00 0.00 0.00 1.00 0.00 0.07 16 255 1.00 0.00 0.06 0.07 0.00 0.00 0.00 0.00
1 0 221 2039 0 0 0 0 0 0 0 0 0 0 0 0 5 5 0.00 0.00 0.00 0.00 1.00 0.00 0.00 26 255 1.00 0.00 0.04 0.07 0.00 0.00 0.00 0.00
1 0 221 8011 0 0 0 0 0 0 0 0 0 0 0 0 15 15 0.00 0.00 0.00 0.00 1.00 0.00 0.00 36 255 1.00 0.00 0.03 0.07 0.00 0.00 0.00 0.00
1 0 335 2071 0 0 0 0 0 0 0 0 0 0 0 0 6 6 0.00 0.00 0.00 0.00 1.00 0.00 0.00 6 255 1.00 0.00 0.17 0.07 0.00 0.00 0.00 0.00
1 0 277 2207 0 0 0 0 0 0 0 0 0 0 0 0 3 3 0.00 0.00 0.00 0.00 1.00 0.00 0.00 16 255 1.00 0.00 0.06 0.07 0.00 0.00 0.00 0.00
1 0 217 9136 0 0 0 0 0 0 0 0 0 0 0 0 7 8 0.00 0.00 0.00 0.00 1.00 0.00 0.25 7 255 1.00 0.00 0.14 0.07 0.00 0.00 0.00 0.00
1 0 250 1432 0 0 0 0 0 0 0 0 0 0 0 0 3 10 0.00 0.00 0.00 0.00 1.00 0.00 0.20 3 255 1.00 0.00 0.33 0.07 0.00 0.00 0.00 0.00
1 0 231 6672 0 0 0 0 0 0 0 0 0 0 0 0 5 5 0.00 0.00 0.00 0.00 1.00 0.00 0.00 13 255 1.00 0.00 0.08 0.07 0.00 0.00 0.00 0.00
1 0 265 394 0 0 0 0 0 0 0 0 0 0 0 0 1 1 0.00 0.00 0.00 0.00 1.00 0.00 0.00 9 255 1.00 0.00 0.11 0.08 0.00 0.00 0.00 0.00
1 0 208 961 0 0 0 0 0 0 0 0 0 0 0 0 1 1 0.00 0.00 0.00 0.00 1.00 0.00 0.00 1 255 1.00 0.00 1.00 0.09 0.00 0.00 0.00 0.00
1 0 203 844 0 0 0 0 0 0 0 0 0 0 0 0 11 11 0.00 0.00 0.00 0.00 1.00 0.00 0.00 11 255 1.00 0.00 0.09 0.09 0.00 0.00 0.00 0.00
1 0 199 3899 0 0 0 0 0 0 0 0 0 0 0 0 8 9 0.00 0.00 0.00 0.00 1.00 0.00 0.22 21 255 1.00 0.00 0.05 0.09 0.00 0.00 0.00 0.00
1 0 311 1177 0 0 0 0 0 0 0 0 0 0 0 0 4 4 0.00 0.00 0.00 0.00 1.00 0.00 0.00 31 255 1.00 0.00 0.03 0.09 0.00 0.00 0.00 0.00
1 0 320 914 0 0 0 0 0 0 0 0 0 0 0 0 1 2 0.00 0.00 0.00 0.00 1.00 0.00 1.00 41 255 1.00 0.00 0.02 0.08 0.00 0.00 0.00 0.00
1 0 320 1065 0 0 0 0 0 0 0 0 0 0 0 0 11 13 0.00 0.00 0.00 0.00 1.00 0.00 0.23 51 255 1.00 0.00 0.02 0.07 0.00 0.00 0.00 0.00
1 0 276 4961 0 0 0 0 0 0 0 0 0 0 0 0 5 5 0.00 0.00 0.00 0.00 1.00 0.00 0.00 5 255 1.00 0.00 0.20 0.08 0.00 0.00 0.00 0.00
1 0 274 402 0 0 0 0 0 0 0 0 0 0 0 0 15 15 0.00 0.00 0.00 0.00 1.00 0.00 0.00 15 255 1.00 0.00 0.07 0.08 0.00 0.00 0.00 0.00
1 0 280 358 0 0 0 0 0 0 0 0 0 0 0 0 7 8 0.14 0.12 0.00 0.00 1.00 0.00 0.25 25 255 1.00 0.00 0.04 0.08 0.04 0.00 0.00 0.00
1 0 335 549 0 0 0 0 0 0 0 0 0 0 0 0 5 5 0.00 0.00 0.00 0.00 1.00 0.00 0.00 5 255 1.00 0.00 0.20 0.08 0.00 0.00 0.00 0.00
1 0 335 549 0 0 0 0 0 0 0 0 0 0 0 0 7 8 0.00 0.00 0.00 0.00 1.00 0.00 0.25 15 255 1.00 0.00 0.07 0.07 0.00 0.00 0.00 0.00
1 0 312 6533 0 0 0 0 0 0 0 0 0 0 0 0 2 2 0.00 0.00 0.00 0.00 1.00 0.00 0.00 25 255 1.00 0.00 0.04 0.05 0.00 0.00 0.00 0.00
1 0 222 367 0 0 0 0 0 0 0 0 0 0 0 0 5 5 0.00 0.00 0.00 0.00 1.00 0.00 0.00 35 255 1.00 0.00 0.03 0.05 0.00 0.00 0.00 0.00
1 0 168 5940 0 0 0 0 0 0 0 0 0 0 0 0 7 8 0.00 0.00 0.00 0.00 1.00 0.00 0.25 45 255 1.00 0.00 0.02 0.05 0.00 0.00 0.00 0.00
1 0 208 5940 0 0 0 0 0 0 0 0 0 0 0 0 2 2 0.00 0.00 0.00 0.00 1.00 0.00 0.00 55 255 1.00 0.00 0.02 0.05 0.00 0.00 0.00 0.00
1 0 222 367 0 0 0 0 0 0 0 0 0 0 0 0 5 5 0.00 0.00 0.00 0.00 1.00 0.00 0.00 65 255 1.00 0.00 0.02 0.05 0.00 0.00 0.00 0.00
1 0 249 549 0 0 0 0 0 0 0 0 0 0 0 0 7 7 0.00 0.00 0.00 0.00 1.00 0.00 0.00 75 255 1.00 0.00 0.01 0.05 0.00 0.00 0.00 0.00
1 0 226 6533 0 0 0 0 0 0 0 0 0 0 0 0 2 2 0.00 0.00 0.00 0.00 1.00 0.00 0.00 85 255 1.00 0.00 0.01 0.05 0.00 0.00 0.00 0.00
1 0 287 3790 0 0 0 0 0 0 0 0 0 0 0 0 5 5 0.00 0.00 0.00 0.00 1.00 0.00 0.00 5 255 1.00 0.00 0.20 0.05 0.00 0.00 0.00 0.00
1 0 289 2644 0 0 0 0 0 0 0 0 0 0 0 0 15 15 0.00 0.00 0.00 0.00 1.00 0.00 0.00 15 255 1.00 0.00 0.07 0.05 0.00 0.00 0.00 0.00
1 0 246 3708 0 0 0 0 0 0 0 0 0 0 0 0 1 1 0.00 0.00 0.00 0.00 1.00 0.00 0.00 25 255 1.00 0.00 0.04 0.05 0.00 0.00 0.00 0.00
1 0 248 1331 0 0 0 0 0 0 0 0 0 0 0 0 8 9 0.00 0.00 0.00 0.00 1.00 0.00 0.22 8 255 1.00 0.00 0.12 0.05 0.00 0.00 0.00 0.00
1 0 268 663 0 0 0 0 0 0 0 0 0 0 0 0 7 7 0.00 0.00 0.00 0.00 1.00 0.00 0.00 18 255 1.00 0.00 0.06 0.05 0.00 0.00 0.00 0.00
1 0 200 1308 0 0 0 0 0 0 0 0 0 0 0 0 10 11 0.00 0.00 0.00 0.00 1.00 0.00 0.18 10 255 1.00 0.00 0.10 0.05 0.00 0.00 0.00 0.00
1 0 187 8421 0 0 0 0 0 0 0 0 0 0 0 0 1 3 0.00 0.00 0.00 0.00 1.00 0.00 0.67 20 255 1.00 0.00 0.05 0.04 0.00 0.00 0.00 0.00
1 0 205 1515 0 0 0 0 0 0 0 0 0 0 0 0 10 10 0.00 0.00 0.00 0.00 1.00 0.00 0.00 30 255 1.00 0.00 0.03 0.04 0.00 0.00 0.00 0.00
1 0 162 8871 0 0 0 0 0 0 0 0 0 0 0 0 1 1 0.00 0.00 0.00 0.00 1.00 0.00 0.00 40 255 1.00 0.00 0.03 0.03 0.00 0.00 0.00 0.00
1 0 216 14289 0 0 0 0 0 0 0 0 0 0 0 0 11 11 0.00 0.00 0.00 0.00 1.00 0.00 0.00 50 255 1.00 0.00 0.02 0.03 0.00 0.00 0.00 0.00
1 0 180 4279 0 0 0 0 0 0 0 0 0 0 0 0 2 2 0.00 0.00 0.00 0.00 1.00 0.00 0.00 60 255 1.00 0.00 0.02 0.03 0.00 0.00 0.00 0.00
1 0 239 8015 0 0 0 0 0 0 0 0 0 0 0 0 12 12 0.00 0.00 0.00 0.00 1.00 0.00 0.00 70 255 1.00 0.00 0.01 0.03 0.00 0.00 0.00 0.00
1 0 205 1515 0 0 0 0 0 0 0 0 0 0 0 0 10 13 0.00 0.00 0.00 0.00 1.00 0.00 0.15 80 255 1.00 0.00 0.01 0.03 0.00 0.00 0.00 0.00
1 0 187 8421 0 0 0 0 0 0 0 0 0 0 0 0 1 1 0.00 0.00 0.00 0.00 1.00 0.00 0.00 90 255 1.00 0.00 0.01 0.02 0.00 0.00 0.00 0.00
1 0 200 1308 0 0 0 0 0 0 0 0 0 0 0 0 10 10 0.00 0.00 0.00 0.00 1.00 0.00 0.00 100 255 1.00 0.00 0.01 0.02 0.00 0.00 0.00 0.00
1 0 199 1308 0 0 0 0 0 0 0 0 0 0 0 0 1 1 0.00 0.00 0.00 0.00 1.00 0.00 0.00 110 255 1.00 0.00 0.01 0.02 0.00 0.00 0.00 0.00
1 0 203 952 0 0 0 0 0 0 0 0 0 0 0 0 11 11 0.00 0.00 0.00 0.00 1.00 0.00 0.00 120 255 1.00 0.00 0.01 0.02 0.00 0.00 0.00 0.00
1 0 224 8173 0 0 0 0 0 0 0 0 0 0 0 0 2 2 0.00 0.00 0.00 0.00 1.00 0.00 0.00 130 255 1.00 0.00 0.01 0.02 0.00 0.00 0.00 0.00
1 0 221 745 0 0 0 0 0 0 0 0 0 0 0 0 12 12 0.00 0.00 0.00 0.00 1.00 0.00 0.00 140 255 1.00 0.00 0.01 0.02 0.00 0.00 0.00 0.00
1 0 292 283 0 0 0 0 0 0 0 0 0 0 0 0 10 10 0.00 0.00 0.00 0.00 1.00 0.00 0.00 150 255 1.00 0.00 0.01 0.02 0.00 0.00 0.00 0.00
1 0 275 8421 0 0 0 0 0 0 0 0 0 0 0 0 5 5 0.00 0.00 0.00 0.00 1.00 0.00 0.00 160 255 1.00 0.00 0.01 0.02 0.00 0.00 0.00 0.00
1 0 293 1515 0 0 0 0 0 0 0 0 0 0 0 0 10 10 0.00 0.00 0.00 0.00 1.00 0.00 0.00 170 255 1.00 0.00 0.01 0.02 0.00 0.00 0.00 0.00
1 0 146 289 0 0 0 0 0 0 0 0 0 0 0 0 1 1 0.00 0.00 0.00 0.00 1.00 0.00 0.00 1 255 1.00 0.00 1.00 0.02 0.00 0.00 0.00 0.00
1 0 170 3952 0 0 0 0 0 0 0 0 0 0 0 0 1 1 0.00 0.00 0.00 0.00 1.00 0.00 0.00 10 255 1.00 0.00 0.10 0.02 0.00 0.00 0.00 0.00
1 0 216 740 0 0 0 0 0 0 0 0 0 0 0 0 4 16 0.00 0.00 0.00 0.00 1.00 0.00 0.12 4 255 1.00 0.00 0.25 0.04 0.00 0.00 0.00 0.00
1 0 213 11232 0 0 0 0 0 0 0 0 0 0 0 0 1 2 0.00 0.00 0.00 0.00 1.00 0.00 1.00 2 255 1.00 0.00 0.50 0.04 0.00 0.00 0.00 0.00
1 0 211 4773 0 0 0 0 0 0 0 0 0 0 0 0 11 15 0.00 0.00 0.00 0.00 1.00 0.00 0.20 12 255 1.00 0.00 0.08 0.04 0.00 0.00 0.00 0.00
1 0 195 30190 0 0 0 0 0 0 0 0 0 0 0 0 5 58 0.00 0.00 0.00 0.00 1.00 0.00 0.09 22 255 1.00 0.00 0.05 0.04 0.00 0.00 0.00 0.00
1 0 157 3370 0 0 0 0 0 0 0 0 0 0 0 0 1 2 0.00 0.00 0.00 0.00 1.00 0.00 1.00 32 255 1.00 0.00 0.03 0.04 0.00 0.00 0.00 0.00
1 0 274 3174 0 0 0 0 0 0 0 0 0 0 0 0 3 20 0.00 0.00 0.00 0.00 1.00 0.00 0.15 8 255 1.00 0.00 0.12 0.05 0.00 0.00 0.00 0.00
1 0 276 749 0 0 0 0 0 0 0 0 0 0 0 0 13 33 0.00 0.00 0.00 0.00 1.00 0.00 0.09 18 255 1.00 0.00 0.06 0.04 0.00 0.00 0.00 0.00
1 0 276 5100 0 0 0 0 0 0 0 0 0 0 0 0 10 14 0.00 0.00 0.00 0.00 1.00 0.00 0.21 28 255 1.00 0.00 0.04 0.04 0.00 0.00 0.00 0.00
1 0 285 5950 0 0 0 0 0 0 0 0 0 0 0 0 2 34 0.00 0.00 0.00 0.00 1.00 0.00 0.12 38 255 1.00 0.00 0.03 0.04 0.00 0.00 0.00 0.00
1 0 286 24913 0 0 0 0 0 0 0 0 0 0 0 0 6 6 0.00 0.00 0.00 0.00 1.00 0.00 0.00 48 255 1.00 0.00 0.02 0.04 0.00 0.00 0.00 0.00
1 0 240 3953 0 0 0 0 0 0 0 0 0 0 0 0 1 1 0.00 0.00 0.00 0.00 1.00 0.00 0.00 58 255 1.00 0.00 0.02 0.04 0.00 0.00 0.00 0.00
1 0 240 3181 0 0 0 0 0 0 0 0 0 0 0 0 1 1 0.00 0.00 0.00 0.00 1.00 0.00 0.00 68 255 1.00 0.00 0.01 0.04 0.00 0.00 0.00 0.00
1 0 244 10332 0 0 0 0 0 0 0 0 0 0 0 0 1 4 0.00 0.00 0.00 0.00 1.00 0.00 0.50 78 255 1.00 0.00 0.01 0.04 0.00 0.00 0.00 0.00
1 0 190 6931 0 0 0 0 0 0 0 0 0 0 0 0 5 5 0.00 0.00 0.00 0.00 1.00 0.00 0.00 88 255 1.00 0.00 0.01 0.04 0.00 0.00 0.00 0.00
1 0 188 3174 0 0 0 0 0 0 0 0 0 0 0 0 10 10 0.00 0.00 0.00 0.00 1.00 0.00 0.00 98 255 1.00 0.00 0.01 0.04 0.00 0.00 0.00 0.00
1 0 188 3174 0 0 0 0 0 0 0 0 0 0 0 0 7 27 0.00 0.00 0.00 0.00 1.00 0.00 0.11 108 255 1.00 0.00 0.01 0.04 0.00 0.00 0.00 0.00
1 0 185 6158 0 0 0 0 0 0 0 0 0 0 0 0 17 37 0.00 0.00 0.00 0.00 1.00 0.00 0.08 118 255 1.00 0.00 0.01 0.04 0.00 0.00 0.00 0.00
1 0 202 3732 0 0 0 0 0 0 0 0 0 0 0 0 3 8 0.00 0.00 0.00 0.00 1.00 0.00 0.25 128 255 1.00 0.00 0.01 0.04 0.00 0.00 0.00 0.00
1 0 199 1476 0 0 0 0 0 0 0 0 0 0 0 0 7 8 0.00 0.00 0.00 0.00 1.00 0.00 0.25 138 255 1.00 0.00 0.01 0.04 0.00 0.00 0.00 0.00
1 0 196 1509 0 0 0 0 0 0 0 0 0 0 0 0 8 9 0.00 0.00 0.00 0.00 1.00 0.00 0.22 148 255 1.00 0.00 0.01 0.04 0.00 0.00 0.00 0.00
1 0 199 749 0 0 0 0 0 0 0 0 0 0 0 0 8 8 0.00 0.00 0.00 0.00 1.00 0.00 0.00 158 255 1.00 0.00 0.01 0.04 0.00 0.00 0.00 0.00
1 0 189 15875 0 0 0 0 0 0 0 0 0 0 0 0 2 2 0.00 0.00 0.00 0.00 1.00 0.00 0.00 168 255 1.00 0.00 0.01 0.04 0.00 0.00 0.00 0.00
1 0 190 5100 0 0 0 0 0 0 0 0 0 0 0 0 12 13 0.00 0.00 0.00 0.00 1.00 0.00 0.15 178 255 1.00 0.00 0.01 0.04 0.00 0.00 0.00 0.00
1 0 190 6931 0 0 0 0 0 0 0 0 0 0 0 0 4 5 0.00 0.00 0.00 0.00 1.00 0.00 0.40 188 255 1.00 0.00 0.01 0.04 0.00 0.00 0.00 0.00
1 0 189 3883 0 0 0 0 0 0 0 0 0 0 0 0 14 15 0.00 0.00 0.00 0.00 1.00 0.00 0.13 198 255 1.00 0.00 0.01 0.04 0.00 0.00 0.00 0.00
1 0 196 6158 0 0 0 0 0 0 0 0 0 0 0 0 6 6 0.00 0.00 0.00 0.00 1.00 0.00 0.00 208 255 1.00 0.00 0.00 0.02 0.00 0.00 0.00 0.00
1 0 196 2013 0 0 0 0 0 0 0 0 0 0 0 0 1 1 0.00 0.00 0.00 0.00 1.00 0.00 0.00 218 255 1.00 0.00 0.00 0.02 0.00 0.00 0.00 0.00
1 0 198 18896 0 0 0 0 0 0 0 0 0 0 0 0 5 5 0.00 0.00 0.00 0.00 1.00 0.00 0.00 228 255 1.00 0.00 0.00 0.01 0.00 0.00 0.00 0.00
1 0 197 1476 0 0 0 0 0 0 0 0 0 0 0 0 5 5 0.00 0.00 0.00 0.00 1.00 0.00 0.00 238 255 1.00 0.00 0.00 0.01 0.00 0.00 0.00 0.00
1 0 203 749 0 0 0 0 0 0 0 0 0 0 0 0 5 5 0.00 0.00 0.00 0.00 1.00 0.00 0.00 248 255 1.00 0.00 0.00 0.01 0.00 0.00 0.00 0.00
1 0 326 1372 0 0 0 0 0 0 0 0 0 0 0 0 9 35 0.00 0.00 0.00 0.00 1.00 0.00 0.06 9 255 1.00 0.00 0.11 0.01 0.00 0.00 0.00 0.00
1 0 330 7745 0 0 0 0 0 0 0 0 0 0 0 0 19 45 0.00 0.00 0.00 0.00 1.00 0.00 0.04 19 255 1.00 0.00 0.05 0.01 0.00 0.00 0.00 0.00
1 0 336 6764 0 0 0 0 0 0 0 0 0 0 0 0 1 4 0.00 0.00 0.00 0.00 1.00 0.00 0.50 4 255 1.00 0.00 0.25 0.01 0.00 0.00 0.00 0.00
1 0 277 5116 0 0 0 0 0 0 0 0 0 0 0 0 6 6 0.00 0.00 0.00 0.00 1.00 0.00 0.00 6 255 1.00 0.00 0.17 0.02 0.00 0.00 0.00 0.00
1 0 286 950 0 0 0 0 0 0 0 0 0 0 0 0 1 1 0.00 0.00 0.00 0.00 1.00 0.00 0.00 16 255 1.00 0.00 0.06 0.02 0.00 0.00 0.00 0.00
1 0 245 10949 0 0 0 0 0 0 0 0 0 0 0 0 2 2 0.00 0.00 0.00 0.00 1.00 0.00 0.00 26 255 1.00 0.00 0.04 0.02 0.00 0.00 0.00 0.00
1 0 313 1123 0 0 0 0 0 0 0 0 0 0 0 0 1 1 0.00 0.00 0.00 0.00 1.00 0.00 0.00 36 255 1.00 0.00 0.03 0.02 0.00 0.00 0.00 0.00
1 0 233 432 0 0 0 0 0 0 0 0 0 0 0 0 1 1 0.00 0.00 0.00 0.00 1.00 0.00 0.00 2 255 1.00 0.00 0.50 0.03 0.00 0.00 0.00 0.00
1 0 282 379 0 0 0 0 0 0 0 0 0 0 0 0 10 10 0.00 0.00 0.00 0.00 1.00 0.00 0.00 10 255 1.00 0.00 0.10 0.03 0.00 0.00 0.00 0.00
1 0 259 8130 0 0 0 0 0 0 0 0 0 0 0 0 1 1 0.00 0.00 0.00 0.00 1.00 0.00 0.00 1 255 1.00 0.00 1.00 0.04 0.00 0.00 0.00 0.00
1 0 318 1988 0 0 0 0 0 0 0 0 0 0 0 0 7 7 0.00 0.00 0.00 0.00 1.00 0.00 0.00 11 255 1.00 0.00 0.09 0.04 0.00 0.00 0.00 0.00
1 0 314 4767 0 0 0 0 0 0 0 0 0 0 0 0 6 6 0.00 0.00 0.00 0.00 1.00 0.00 0.00 6 255 1.00 0.00 0.17 0.04 0.00 0.00 0.00 0.00
1 0 205 1616 0 0 0 0 0 0 0 0 0 0 0 0 9 9 0.00 0.00 0.00 0.00 1.00 0.00 0.00 9 255 1.00 0.00 0.11 0.05 0.00 0.00 0.00 0.00
1 0 297 5720 0 0 0 0 0 0 0 0 0 0 0 0 5 5 0.00 0.00 0.00 0.00 1.00 0.00 0.00 5 255 1.00 0.00 0.20 0.05 0.00 0.00 0.00 0.00
1 0 179 5670 0 0 0 0 0 0 0 0 0 0 0 0 4 4 0.00 0.00 0.00 0.00 1.00 0.00 0.00 15 255 1.00 0.00 0.07 0.05 0.00 0.00 0.00 0.00
1 0 197 5548 0 0 0 0 0 0 0 0 0 0 0 0 3 3 0.00 0.00 0.00 0.00 1.00 0.00 0.00 25 255 1.00 0.00 0.04 0.05 0.00 0.00 0.00 0.00
1 0 295 3091 0 0 0 0 0 0 0 0 0 0 0 0 1 1 0.00 0.00 0.00 0.00 1.00 0.00 0.00 35 255 1.00 0.00 0.03 0.05 0.00 0.00 0.00 0.00
1 0 297 5548 0 0 0 0 0 0 0 0 0 0 0 0 11 11 0.00 0.00 0.00 0.00 1.00 0.00 0.00 45 255 1.00 0.00 0.02 0.05 0.00 0.00 0.00 0.00
1 0 213 331 0 0 0 0 0 0 0 0 0 0 0 0 10 10 0.00 0.00 0.00 0.00 1.00 0.00 0.00 10 255 1.00 0.00 0.10 0.05 0.00 0.00 0.00 0.00
1 0 216 451 0 0 0 0 0 0 0 0 0 0 0 0 20 20 0.00 0.00 0.00 0.00 1.00 0.00 0.00 20 255 1.00 0.00 0.05 0.05 0.00 0.00 0.00 0.00
1 0 210 327 0 0 0 0 0 0 0 0 0 0 0 0 3 3 0.00 0.00 0.00 0.00 1.00 0.00 0.00 30 255 1.00 0.00 0.03 0.05 0.00 0.00 0.00 0.00
1 0 165 259 0 0 0 0 0 0 0 0 0 0 0 0 1 1 0.00 0.00 0.00 0.00 1.00 0.00 0.00 1 255 1.00 0.00 1.00 0.06 0.00 0.00 0.00 0.00
1 0 329 15850 0 0 0 0 0 0 0 0 0 0 0 0 4 4 0.00 0.00 0.00 0.00 1.00 0.00 0.00 10 255 1.00 0.00 0.10 0.06 0.00 0.00 0.00 0.00
1 0 352 2096 0 0 0 0 0 0 0 0 0 0 0 0 14 14 0.00 0.00 0.00 0.00 1.00 0.00 0.00 20 255 1.00 0.00 0.05 0.06 0.00 0.00 0.00 0.00
1 0 215 10526 0 0 0 0 0 0 0 0 0 0 0 0 1 4 0.00 0.00 0.00 0.00 1.00 0.00 0.50 30 255 1.00 0.00 0.03 0.06 0.00 0.00 0.00 0.00
1 0 220 12102 0 0 0 0 0 0 0 0 0 0 0 0 8 8 0.00 0.00 0.00 0.00 1.00 0.00 0.00 40 255 1.00 0.00 0.03 0.06 0.00 0.00 0.00 0.00
1 0 152 2182 0 0 0 0 0 0 0 0 0 0 0 0 1 2 0.00 0.00 0.00 0.00 1.00 0.00 1.00 50 255 1.00 0.00 0.02 0.06 0.00 0.00 0.00 0.00
1 0 337 12097 0 0 0 0 0 0 0 0 0 0 0 0 2 2 0.00 0.00 0.00 0.00 1.00 0.00 0.00 60 255 1.00 0.00 0.02 0.06 0.00 0.00 0.00 0.00
1 0 352 6754 0 0 0 0 0 0 0 0 0 0 0 0 12 12 0.00 0.00 0.00 0.00 1.00 0.00 0.00 70 255 1.00 0.00 0.01 0.04 0.00 0.00 0.00 0.00
1 0 322 2300 0 0 0 0 0 0 0 0 0 0 0 0 2 2 0.00 0.00 0.00 0.00 1.00 0.00 0.00 2 255 1.00 0.00 0.50 0.05 0.00 0.00 0.00 0.00
1 0 337 7283 0 0 0 0 0 0 0 0 0 0 0 0 5 10 0.00 0.00 0.00 0.00 1.00 0.00 0.40 12 255 1.00 0.00 0.08 0.05 0.00 0.00 0.00 0.00
1 0 333 1148 0 0 0 0 0 0 0 0 0 0 0 0 15 21 0.00 0.00 0.00 0.00 1.00 0.00 0.19 22 255 1.00 0.00 0.05 0.05 0.00 0.00 0.00 0.00
1 0 205 2300 0 0 0 0 0 0 0 0 0 0 0 0 3 5 0.00 0.00 0.00 0.00 1.00 0.00 0.40 32 255 1.00 0.00 0.03 0.05 0.00 0.00 0.00 0.00
1 0 212 1065 0 0 0 0 0 0 0 0 0 0 0 0 13 16 0.00 0.00 0.00 0.00 1.00 0.00 0.19 42 255 1.00 0.00 0.02 0.04 0.00 0.00 0.00 0.00
1 0 160 8792 0 0 0 0 0 0 0 0 0 0 0 0 1 1 0.00 0.00 0.00 0.00 1.00 0.00 0.00 52 255 1.00 0.00 0.02 0.04 0.00 0.00 0.00 0.00
1 0 329 300 0 0 0 0 0 0 0 0 0 0 0 0 4 57 0.00 0.00 0.00 0.00 1.00 0.00 0.09 62 255 1.00 0.00 0.02 0.04 0.00 0.00 0.00 0.00
1 0 339 4417 0 0 0 0 0 0 0 0 0 0 0 0 7 9 0.00 0.00 0.00 0.00 1.00 0.00 0.22 72 255 1.00 0.00 0.01 0.03 0.00 0.00 0.00 0.00
1 0 335 281 0 0 0 0 0 0 0 0 0 0 0 0 2 3 0.00 0.00 0.00 0.00 1.00 0.00 0.67 82 255 1.00 0.00 0.01 0.02 0.00 0.00 0.00 0.00
1 0 314 497 0 0 0 0 0 0 0 0 0 0 0 0 1 13 0.00 0.00 0.00 0.00 1.00 0.00 0.23 5 255 1.00 0.00 0.20 0.02 0.00 0.00 0.00 0.00
1 0 231 685 0 0 0 0 0 0 0 0 0 0 0 0 9 9 0.00 0.00 0.00 0.00 1.00 0.00 0.00 9 255 1.00 0.00 0.11 0.03 0.00 0.00 0.00 0.00
1 0 216 1206 0 0 0 0 0 0 0 0 0 0 0 0 19 19 0.00 0.00 0.00 0.00 1.00 0.00 0.00 19 255 1.00 0.00 0.05 0.03 0.00 0.00 0.00 0.00
1 0 230 8489 0 0 0 0 0 0 0 0 0 0 0 0 29 29 0.00 0.00 0.00 0.00 1.00 0.00 0.00 29 255 1.00 0.00 0.03 0.03 0.00 0.00 0.00 0.00
1 0 242 1344 0 0 0 0 0 0 0 0 0 0 0 0 6 6 0.00 0.00 0.00 0.00 1.00 0.00 0.00 39 255 1.00 0.00 0.03 0.03 0.00 0.00 0.00 0.00
1 0 244 740 0 0 0 0 0 0 0 0 0 0 0 0 16 16 0.00 0.00 0.00 0.00 1.00 0.00 0.00 49 255 1.00 0.00 0.02 0.02 0.00 0.00 0.00 0.00
1 0 247 783 0 0 0 0 0 0 0 0 0 0 0 0 26 26 0.00 0.00 0.00 0.00 1.00 0.00 0.00 59 255 1.00 0.00 0.02 0.02 0.00 0.00 0.00 0.00
1 0 243 1434 0 0 0 0 0 0 0 0 0 0 0 0 8 8 0.00 0.00 0.00 0.00 1.00 0.00 0.00 69 255 1.00 0.00 0.01 0.02 0.00 0.00 0.00 0.00
1 0 242 1344 0 0 0 0 0 0 0 0 0 0 0 0 18 18 0.00 0.00 0.00 0.00 1.00 0.00 0.00 79 255 1.00 0.00 0.01 0.02 0.00 0.00 0.00 0.00
1 0 250 11863 0 0 0 0 0 0 0 0 0 0 0 0 8 8 0.00 0.00 0.00 0.00 1.00 0.00 0.00 89 255 1.00 0.00 0.01 0.02 0.00 0.00 0.00 0.00
1 0 242 5201 0 0 0 0 0 0 0 0 0 0 0 0 10 10 0.00 0.00 0.00 0.00 1.00 0.00 0.00 99 255 1.00 0.00 0.01 0.02 0.00 0.00 0.00 0.00
1 0 242 1344 0 0 0 0 0 0 0 0 0 0 0 0 20 20 0.00 0.00 0.00 0.00 1.00 0.00 0.00 109 255 1.00 0.00 0.01 0.02 0.00 0.00 0.00 0.00
1 0 235 32134 0 0 0 0 0 0 0 0 0 0 0 0 2 2 0.00 0.00 0.00 0.00 1.00 0.00 0.00 119 255 1.00 0.00 0.01 0.02 0.00 0.00 0.00 0.00
1 0 241 1572 0 0 0 0 0 0 0 0 0 0 0 0 4 4 0.00 0.00 0.00 0.00 1.00 0.00 0.00 129 255 1.00 0.00 0.01 0.02 0.00 0.00 0.00 0.00
1 0 244 3825 0 0 0 0 0 0 0 0 0 0 0 0 14 14 0.00 0.00 0.00 0.00 1.00 0.00 0.00 139 255 1.00 0.00 0.01 0.02 0.00 0.00 0.00 0.00
1 0 249 346 0 0 0 0 0 0 0 0 0 0 0 0 1 14 0.00 0.00 0.00 0.00 1.00 0.00 0.29 2 255 1.00 0.00 0.50 0.02 0.00 0.00 0.00 0.00
1 0 374 346 0 0 0 0 0 0 0 0 0 0 0 0 6 31 0.00 0.00 0.00 0.00 1.00 0.00 0.06 12 255 1.00 0.00 0.08 0.02 0.00 0.00 0.00 0.00
1 0 380 346 0 0 0 0 0 0 0 0 0 0 0 0 4 14 0.00 0.00 0.00 0.00 1.00 0.00 0.14 22 255 1.00 0.00 0.05 0.02 0.00 0.00 0.00 0.00
1 0 285 346 0 0 0 0 0 0 0 0 0 0 0 0 6 22 0.00 0.00 0.00 0.00 1.00 0.00 0.09 32 255 1.00 0.00 0.03 0.02 0.00 0.00 0.00 0.00
1 0 353 346 0 0 0 0 0 0 0 0 0 0 0 0 2 2 0.00 0.00 0.00 0.00 1.00 0.00 0.00 42 255 1.00 0.00 0.02 0.02 0.00 0.00 0.00 0.00
1 0 259 346 0 0 0 0 0 0 0 0 0 0 0 0 1 7 0.00 0.00 0.00 0.00 1.00 0.00 0.29 52 255 1.00 0.00 0.02 0.02 0.00 0.00 0.00 0.00
1 0 374 158 0 0 0 0 0 0 0 0 0 0 0 0 1 3 0.00 0.00 0.00 0.00 1.00 0.00 0.67 2 255 1.00 0.00 0.50 0.02 0.00 0.00 0.00 0.00
1 0 202 1805 0 0 0 0 0 0 0 0 0 0 0 0 1 1 0.00 0.00 0.00 0.00 1.00 0.00 0.00 1 255 1.00 0.00 1.00 0.03 0.00 0.00 0.00 0.00
1 0 172 6823 0 0 0 0 0 0 0 0 0 0 0 0 1 3 0.00 0.00 0.00 0.00 1.00 0.00 1.00 11 255 1.00 0.00 0.09 0.03 0.00 0.00 0.00 0.00
1 0 196 7003 0 0 0 0 0 0 0 0 0 0 0 0 1 6 0.00 0.00 0.00 0.00 1.00 0.00 0.67 1 255 1.00 0.00 1.00 0.03 0.00 0.00 0.00 0.00
1 0 213 241 0 0 0 0 0 0 0 0 0 0 0 0 1 8 0.00 0.00 0.00 0.00 1.00 0.00 0.38 3 255 1.00 0.00 0.33 0.03 0.00 0.00 0.00 0.00
1 0 197 338 0 0 0 0 0 0 0 0 0 0 0 0 2 2 0.00 0.00 0.00 0.00 1.00 0.00 0.00 9 255 1.00 0.00 0.11 0.03 0.00 0.00 0.00 0.00
1 0 339 1585 0 0 0 0 0 0 0 0 0 0 0 0 3 7 0.00 0.00 0.00 0.00 1.00 0.00 0.43 3 255 1.00 0.00 0.33 0.04 0.00 0.00 0.00 0.00
1 0 284 916 0 0 0 0 0 0 0 0 0 0 0 0 3 24 0.00 0.00 0.00 0.00 1.00 0.00 0.08 13 255 1.00 0.00 0.08 0.04 0.00 0.00 0.00 0.00
1 0 344 1678 0 0 0 0 0 0 0 0 0 0 0 0 13 23 0.00 0.00 0.00 0.00 1.00 0.00 0.09 23 255 1.00 0.00 0.04 0.04 0.00 0.00 0.00 0.00
1 0 203 301 0 0 0 0 0 0 0 0 0 0 0 0 2 5 0.00 0.00 0.00 0.00 1.00 0.00 0.80 4 255 1.00 0.00 0.25 0.04 0.00 0.00 0.00 0.00
1 0 248 2913 0 0 0 0 0 0 0 0 0 0 0 0 8 8 0.00 0.00 0.00 0.00 1.00 0.00 0.00 8 255 1.00 0.00 0.12 0.04 0.00 0.00 0.00 0.00
1 0 247 1496 0 0 0 0 0 0 0 0 0 0 0 0 6 6 0.00 0.00 0.00 0.00 1.00 0.00 0.00 18 255 1.00 0.00 0.06 0.04 0.00 0.00 0.00 0.00
1 0 242 6577 0 0 0 0 0 0 0 0 0 0 0 0 16 16 0.00 0.00 0.00 0.00 1.00 0.00 0.00 28 255 1.00 0.00 0.04 0.04 0.00 0.00 0.00 0.00
1 0 194 1714 0 0 0 0 0 0 0 0 0 0 0 0 1 10 0.00 0.00 0.00 0.00 1.00 0.00 0.20 6 255 1.00 0.00 0.17 0.05 0.00 0.00 0.00 0.00
1 0 282 11848 0 0 0 0 0 0 0 0 0 0 0 0 5 5 0.00 0.00 0.00 0.00 1.00 0.00 0.00 16 255 1.00 0.00 0.06 0.05 0.00 0.00 0.00 0.00
1 0 282 11848 0 0 0 0 0 0 0 0 0 0 0 0 4 29 0.00 0.00 0.00 0.00 1.00 0.00 0.07 26 255 1.00 0.00 0.04 0.05 0.00 0.00 0.00 0.00
1 0 261 10460 0 0 0 0 0 0 0 0 0 0 0 0 2 2 0.00 0.00 0.00 0.00 1.00 0.00 0.00 2 255 1.00 0.00 0.50 0.05 0.00 0.00 0.00 0.00
1 0 314 1035 0 0 0 0 0 0 0 0 0 0 0 0 12 12 0.00 0.00 0.00 0.00 1.00 0.00 0.00 12 255 1.00 0.00 0.08 0.05 0.00 0.00 0.00 0.00
1 0 318 1663 0 0 0 0 0 0 0 0 0 0 0 0 22 22 0.00 0.00 0.00 0.00 1.00 0.00 0.00 22 255 1.00 0.00 0.05 0.05 0.00 0.00 0.00 0.00
1 0 193 406 0 0 0 0 0 0 0 0 0 0 0 0 1 1 0.00 0.00 0.00 0.00 1.00 0.00 0.00 1 255 1.00 0.00 1.00 0.06 0.00 0.00 0.00 0.00
1 0 203 405 0 0 0 0 0 0 0 0 0 0 0 0 1 10 0.00 0.00 0.00 0.00 1.00 0.00 0.20 8 255 1.00 0.00 0.12 0.06 0.00 0.00 0.00 0.00
1 0 245 6215 0 0 0 0 0 0 0 0 0 0 0 0 3 3 0.00 0.00 0.00 0.00 1.00 0.00 0.00 3 255 1.00 0.00 0.33 0.07 0.00 0.00 0.00 0.00
1 0 302 33798 0 0 0 0 0 0 0 0 0 0 0 0 3 4 0.00 0.00 0.00 0.00 1.00 0.00 0.50 13 255 1.00 0.00 0.08 0.07 0.00 0.00 0.00 0.00
1 0 292 4266 0 0 0 0 0 0 0 0 0 0 0 0 1 10 0.00 0.00 0.00 0.00 1.00 0.00 0.20 1 255 1.00 0.00 1.00 0.07 0.00 0.00 0.00 0.00
1 0 250 7096 0 0 0 0 0 0 0 0 0 0 0 0 8 9 0.00 0.00 0.00 0.00 1.00 0.00 0.22 11 255 1.00 0.00 0.09 0.07 0.00 0.00 0.00 0.00
1 0 325 5993 0 0 0 0 0 0 0 0 0 0 0 0 5 10 0.00 0.00 0.00 0.00 1.00 0.00 0.30 21 255 1.00 0.00 0.05 0.07 0.00 0.00 0.00 0.00
1 0 244 1546 0 0 0 0 0 0 0 0 0 0 0 0 1 13 0.00 0.00 0.00 0.00 1.00 0.00 0.15 3 255 1.00 0.00 0.33 0.07 0.00 0.00 0.00 0.00
1 0 223 17159 0 0 0 0 0 0 0 0 0 0 0 0 5 7 0.00 0.00 0.00 0.00 1.00 0.00 0.43 5 255 1.00 0.00 0.20 0.07 0.00 0.00 0.00 0.00
1 0 222 392 0 0 0 0 0 0 0 0 0 0 0 0 15 19 0.00 0.00 0.00 0.00 1.00 0.00 0.21 15 255 1.00 0.00 0.07 0.07 0.00 0.00 0.00 0.00
1 0 219 11487 0 0 0 0 0 0 0 0 0 0 0 0 5 6 0.00 0.00 0.00 0.00 1.00 0.00 0.33 25 255 1.00 0.00 0.04 0.07 0.00 0.00 0.00 0.00
1 0 213 292 0 0 0 0 0 0 0 0 0 0 0 0 15 27 0.00 0.00 0.00 0.00 1.00 0.00 0.11 35 255 1.00 0.00 0.03 0.06 0.00 0.00 0.00 0.00
1 0 253 2235 0 0 0 0 0 0 0 0 0 0 0 0 1 6 0.00 0.00 0.00 0.00 1.00 0.00 0.33 1 255 1.00 0.00 1.00 0.07 0.00 0.00 0.00 0.00
1 0 218 8367 0 0 0 0 0 0 0 0 0 0 0 0 8 8 0.00 0.00 0.00 0.00 1.00 0.00 0.00 8 255 1.00 0.00 0.12 0.07 0.00 0.00 0.00 0.00
1 0 177 1155 0 0 0 0 0 0 0 0 0 0 0 0 2 2 0.00 0.00 0.00 0.00 1.00 0.00 0.00 18 255 1.00 0.00 0.06 0.07 0.00 0.00 0.00 0.00
1 0 294 5615 0 0 0 0 0 0 0 0 0 0 0 0 1 1 0.00 0.00 0.00 0.00 1.00 0.00 0.00 28 255 1.00 0.00 0.04 0.07 0.00 0.00 0.00 0.00
1 0 291 15560 0 0 0 0 0 0 0 0 0 0 0 0 11 12 0.00 0.00 0.00 0.00 1.00 0.00 0.17 38 255 1.00 0.00 0.03 0.06 0.00 0.00 0.00 0.00
1 0 332 11403 0 0 0 0 0 0 0 0 0 0 0 0 5 26 0.00 0.00 0.00 0.00 1.00 0.00 0.15 48 255 1.00 0.00 0.02 0.06 0.00 0.00 0.00 0.00
1 0 293 7740 0 0 0 0 0 0 0 0 0 0 0 0 4 4 0.00 0.00 0.00 0.00 1.00 0.00 0.00 58 255 1.00 0.00 0.02 0.06 0.00 0.00 0.00 0.00
1 0 239 6349 0 0 0 0 0 0 0 0 0 0 0 0 14 15 0.00 0.00 0.00 0.00 1.00 0.00 0.13 68 255 1.00 0.00 0.01 0.05 0.00 0.00 0.00 0.00
1 0 329 3702 0 0 0 0 0 0 0 0 0 0 0 0 1 1 0.00 0.00 0.00 0.00 1.00 0.00 0.00 78 255 1.00 0.00 0.01 0.05 0.00 0.00 0.00 0.00
1 0 291 1046 0 0 0 0 0 0 0 0 0 0 0 0 7 8 0.00 0.00 0.00 0.00 1.00 0.00 0.25 7 255 1.00 0.00 0.14 0.06 0.00 0.00 0.00 0.00
1 0 147 971 0 0 0 0 0 0 0 0 0 0 0 0 1 1 0.00 0.00 0.00 0.00 1.00 0.00 0.00 17 255 1.00 0.00 0.06 0.06 0.00 0.00 0.00 0.00
1 0 205 1032 0 0 0 0 0 0 0 0 0 0 0 0 11 11 0.00 0.00 0.00 0.00 1.00 0.00 0.00 27 255 1.00 0.00 0.04 0.05 0.00 0.00 0.00 0.00
1 0 158 5903 0 0 0 0 0 0 0 0 0 0 0 0 5 5 0.00 0.00 0.00 0.00 1.00 0.00 0.00 37 255 1.00 0.00 0.03 0.05 0.00 0.00 0.00 0.00
1 0 161 325 0 0 0 0 0 0 0 0 0 0 0 0 15 15 0.00 0.00 0.00 0.00 1.00 0.00 0.00 47 255 1.00 0.00 0.02 0.05 0.00 0.00 0.00 0.00
1 0 292 2131 0 0 0 0 0 0 0 0 0 0 0 0 9 9 0.00 0.00 0.00 0.00 1.00 0.00 0.00 9 255 1.00 0.00 0.11 0.04 0.00 0.00 0.00 0.00
1 0 293 15441 0 0 0 0 0 0 0 0 0 0 0 0 19 19 0.00 0.00 0.00 0.00 1.00 0.00 0.00 19 255 1.00 0.00 0.05 0.04 0.00 0.00 0.00 0.00
1 0 236 2420 0 0 0 0 0 0 0 0 0 0 0 0 9 9 0.00 0.00 0.00 0.00 1.00 0.00 0.00 9 255 1.00 0.00 0.11 0.04 0.00 0.00 0.00 0.00
1 0 318 10655 0 0 0 0 0 0 0 0 0 0 0 0 3 3 0.00 0.00 0.00 0.00 1.00 0.00 0.00 3 255 1.00 0.00 0.33 0.04 0.00 0.00 0.00 0.00
1 0 218 3930 0 0 0 0 0 0 0 0 0 0 0 0 5 33 0.00 0.00 0.00 0.00 1.00 0.00 0.06 13 255 1.00 0.00 0.08 0.04 0.00 0.00 0.00 0.00
1 0 213 2262 0 0 0 0 0 0 0 0 0 0 0 0 7 7 0.00 0.00 0.00 0.00 1.00 0.00 0.00 23 255 1.00 0.00 0.04 0.04 0.00 0.00 0.00 0.00
1 0 216 3783 0 0 0 0 0 0 0 0 0 0 0 0 1 1 0.00 0.00 0.00 0.00 1.00 0.00 0.00 33 255 1.00 0.00 0.03 0.04 0.00 0.00 0.00 0.00
1 0 214 2262 0 0 0 0 0 0 0 0 0 0 0 0 4 4 0.00 0.00 0.00 0.00 1.00 0.00 0.00 43 255 1.00 0.00 0.02 0.03 0.00 0.00 0.00 0.00
1 0 255 663 0 0 0 0 0 0 0 0 0 0 0 0 7 7 0.00 0.00 0.00 0.00 1.00 0.00 0.00 53 255 1.00 0.00 0.02 0.03 0.00 0.00 0.00 0.00
1 0 261 1966 0 0 0 0 0 0 0 0 0 0 0 0 1 8 0.00 0.00 0.00 0.00 1.00 0.00 0.25 1 255 1.00 0.00 1.00 0.05 0.00 0.00 0.00 0.00
1 0 333 13110 0 0 0 0 0 0 0 0 0 0 0 0 1 3 0.00 0.00 0.00 0.00 1.00 0.00 0.67 1 255 1.00 0.00 1.00 0.05 0.00 0.00 0.00 0.00
1 0 340 6131 0 0 0 0 0 0 0 0 0 0 0 0 1 1 0.00 0.00 0.00 0.00 1.00 0.00 0.00 1 255 1.00 0.00 1.00 0.05 0.00 0.00 0.00 0.00
1 0 326 237 0 0 0 0 0 0 0 0 0 0 0 0 4 4 0.00 0.00 0.00 0.00 1.00 0.00 0.00 7 255 1.00 0.00 0.14 0.05 0.00 0.00 0.00 0.00
1 0 298 1099 0 0 0 0 0 0 0 0 0 0 0 0 8 10 0.00 0.00 0.00 0.00 1.00 0.00 0.30 17 255 1.00 0.00 0.06 0.05 0.00 0.00 0.00 0.00
1 0 347 2286 0 0 0 0 0 0 0 0 0 0 0 0 1 1 0.00 0.00 0.00 0.00 1.00 0.00 0.00 9 255 1.00 0.00 0.11 0.06 0.00 0.00 0.00 0.00
1 0 290 11829 0 0 0 0 0 0 0 0 0 0 0 0 1 1 0.00 0.00 0.00 0.00 1.00 0.00 0.00 19 255 1.00 0.00 0.05 0.06 0.00 0.00 0.00 0.00
1 0 291 234 0 0 0 0 0 0 0 0 0 0 0 0 3 4 0.00 0.00 0.00 0.00 1.00 0.00 0.50 29 255 1.00 0.00 0.03 0.06 0.00 0.00 0.00 0.00
1 0 249 16393 0 0 0 0 0 0 0 0 0 0 0 0 1 1 0.00 0.00 0.00 0.00 1.00 0.00 0.00 39 255 1.00 0.00 0.03 0.06 0.00 0.00 0.00 0.00
1 0 266 8988 0 0 0 0 0 0 0 0 0 0 0 0 1 1 0.00 0.00 0.00 0.00 1.00 0.00 0.00 49 255 1.00 0.00 0.02 0.06 0.00 0.00 0.00 0.00
1 0 181 5450 0 0 0 0 0 0 0 0 0 0 0 0 5 5 0.00 0.00 0.00 0.00 1.00 0.00 0.00 6 6 1.00 0.00 0.17 0.00 0.00 0.00 0.00 0.00
1 0 235 1337 0 0 0 0 0 0 0 0 0 0 0 0 5 5 0.00 0.00 0.00 0.00 1.00 0.00 0.00 16 16 1.00 0.00 0.06 0.00 0.00 0.00 0.00 0.00
1 0 239 1295 0 0 0 0 0 0 0 0 0 0 0 0 5 5 0.00 0.00 0.00 0.00 1.00 0.00 0.00 26 26 1.00 0.00 0.04 0.00 0.00 0.00 0.00 0.00
1 0 220 1228 0 0 0 0 0 0 0 0 0 0 0 0 3 3 0.00 0.00 0.00 0.00 1.00 0.00 0.00 36 36 1.00 0.00 0.03 0.00 0.00 0.00 0.00 0.00
1 0 165 5450 0 0 0 0 0 0 0 0 0 0 0 0 3 3 0.00 0.00 0.00 0.00 1.00 0.00 0.00 46 46 1.00 0.00 0.02 0.00 0.00 0.00 0.00 0.00
1 0 165 5450 0 0 0 0 0 0 0 0 0 0 0 0 3 46 0.00 0.00 0.00 0.00 1.00 0.00 0.04 56 56 1.00 0.00 0.02 0.00 0.00 0.00 0.00 0.00
1 0 365 4095 0 0 0 0 0 0 0 0 0 0 0 0 3 3 0.00 0.00 0.00 0.00 1.00 0.00 0.00 3 66 1.00 0.00 0.33 0.03 0.00 0.00 0.00 0.00
1 0 208 2260 0 0 0 0 0 0 0 0 0 0 0 0 2 2 0.00 0.00 0.00 0.00 1.00 0.00 0.00 8 76 1.00 0.00 0.12 0.04 0.00 0.00 0.00 0.00
1 0 212 1402 0 0 0 0 0 0 0 0 0 0 0 0 5 5 0.00 0.00 0.00 0.00 1.00 0.00 0.00 5 86 1.00 0.00 0.20 0.05 0.00 0.00 0.00 0.00
1 0 209 3008 0 0 0 0 0 0 0 0 0 0 0 0 15 15 0.00 0.00 0.00 0.00 1.00 0.00 0.00 15 96 1.00 0.00 0.07 0.04 0.00 0.00 0.00 0.00
1 0 210 505 0 0 0 0 0 0 0 0 0 0 0 0 25 25 0.00 0.00 0.00 0.00 1.00 0.00 0.00 25 106 1.00 0.00 0.04 0.04 0.00 0.00 0.00 0.00
1 0 222 861 0 0 0 0 0 0 0 0 0 0 0 0 8 8 0.00 0.00 0.00 0.00 1.00 0.00 0.00 35 116 1.00 0.00 0.03 0.03 0.00 0.00 0.00 0.00
1 0 229 2611 0 0 0 0 0 0 0 0 0 0 0 0 1 1 0.00 0.00 0.00 0.00 1.00 0.00 0.00 1 126 1.00 0.00 1.00 0.04 0.00 0.00 0.00 0.00
1 0 240 647 0 0 0 0 0 0 0 0 0 0 0 0 6 6 0.00 0.00 0.00 0.00 1.00 0.00 0.00 11 136 1.00 0.00 0.09 0.04 0.00 0.00 0.00 0.00
1 0 232 268 0 0 0 0 0 0 0 0 0 0 0 0 16 16 0.00 0.00 0.00 0.00 1.00 0.00 0.00 21 146 1.00 0.00 0.05 0.03 0.00 0.00 0.00 0.00
1 0 235 261 0 0 0 0 0 0 0 0 0 0 0 0 4 4 0.00 0.00 0.00 0.00 1.00 0.00 0.00 31 156 1.00 0.00 0.03 0.03 0.00 0.00 0.00 0.00
1 0 185 10820 0 0 0 0 0 0 0 0 0 0 0 0 3 3 0.00 0.00 0.00 0.00 1.00 0.00 0.00 41 166 1.00 0.00 0.02 0.03 0.00 0.00 0.00 0.00
1 0 240 255 0 0 0 0 0 0 0 0 0 0 0 0 13 13 0.00 0.00 0.00 0.00 1.00 0.00 0.00 51 176 1.00 0.00 0.02 0.03 0.00 0.00 0.00 0.00
1 0 237 2728 0 0 0 0 0 0 0 0 0 0 0 0 4 4 0.00 0.00 0.00 0.00 1.00 0.00 0.00 61 186 1.00 0.00 0.02 0.03 0.00 0.00 0.00 0.00
1 0 241 261 0 0 0 0 0 0 0 0 0 0 0 0 9 9 0.00 0.00 0.00 0.00 1.00 0.00 0.00 71 196 1.00 0.00 0.01 0.03 0.00 0.00 0.00 0.00
1 0 253 426 0 0 0 0 0 0 0 0 0 0 0 0 19 19 0.00 0.00 0.00 0.00 1.00 0.00 0.00 81 206 1.00 0.00 0.01 0.02 0.00 0.00 0.00 0.00
1 0 256 1169 0 0 0 0 0 0 0 0 0 0 0 0 10 10 0.00 0.00 0.00 0.00 1.00 0.00 0.00 91 216 1.00 0.00 0.01 0.02 0.00 0.00 0.00 0.00
1 0 260 1837 0 0 0 0 0 0 0 0 0 0 0 0 20 20 0.00 0.00 0.00 0.00 1.00 0.00 0.00 101 226 1.00 0.00 0.01 0.02 0.00 0.00 0.00 0.00
1 0 246 1962 0 0 0 0 0 0 0 0 0 0 0 0 10 10 0.00 0.00 0.00 0.00 1.00 0.00 0.00 10 236 1.00 0.00 0.10 0.03 0.00 0.00 0.00 0.00
1 0 165 3600 0 0 0 0 0 0 0 0 0 0 0 0 20 20 0.00 0.00 0.00 0.00 1.00 0.00 0.00 20 246 1.00 0.00 0.05 0.02 0.00 0.00 0.00 0.00
1 0 221 2025 0 0 0 0 0 0 0 0 0 0 0 0 3 3 0.00 0.00 0.00 0.00 1.00 0.00 0.00 3 255 1.00 0.00 0.33 0.03 0.00 0.00 0.00 0.00
1 0 211 1269 0 0 0 0 0 0 0 0 0 0 0 0 5 5 0.00 0.00 0.00 0.00 1.00 0.00 0.00 10 255 1.00 0.00 0.10 0.04 0.00 0.00 0.00 0.00
1 0 203 1626 0 0 0 0 0 0 0 0 0 0 0 0 1 1 0.00 0.00 0.00 0.00 1.00 0.00 0.00 20 255 1.00 0.00 0.05 0.04 0.00 0.00 0.00 0.00
1 0 168 4789 0 0 0 0 0 0 0 0 0 0 0 0 2 2 0.00 0.00 0.00 0.00 1.00 0.00 0.00 30 255 1.00 0.00 0.03 0.04 0.00 0.00 0.00 0.00
1 0 168 4789 0 0 0 0 0 0 0 0 0 0 0 0 1 1 0.00 0.00 0.00 0.00 1.00 0.00 0.00 40 255 1.00 0.00 0.03 0.04 0.00 0.00 0.00 0.00
1 0 142 3917 0 0 0 0 0 0 0 0 0 0 0 0 1 2 0.00 0.00 0.00 0.00 1.00 0.00 1.00 1 255 1.00 0.00 1.00 0.05 0.00 0.00 0.00 0.00
1 0 184 2653 0 0 0 0 0 0 0 0 0 0 0 0 2 11 0.00 0.00 0.00 0.00 1.00 0.00 0.18 11 255 1.00 0.00 0.09 0.05 0.00 0.00 0.00 0.00
1 0 205 424 0 0 0 0 0 0 0 0 0 0 0 0 2 2 0.00 0.00 0.00 0.00 1.00 0.00 0.00 21 255 1.00 0.00 0.05 0.04 0.00 0.00 0.00 0.00
1 0 253 520 0 0 0 0 0 0 0 0 0 0 0 0 3 3 0.00 0.00 0.00 0.00 1.00 0.00 0.00 31 255 1.00 0.00 0.03 0.04 0.00 0.00 0.00 0.00
1 0 184 2653 0 0 0 0 0 0 0 0 0 0 0 0 3 3 0.00 0.00 0.00 0.00 1.00 0.00 0.00 41 255 1.00 0.00 0.02 0.04 0.00 0.00 0.00 0.00
1 0 272 424 0 0 0 0 0 0 0 0 0 0 0 0 1 1 0.00 0.00 0.00 0.00 1.00 0.00 0.00 51 255 1.00 0.00 0.02 0.04 0.00 0.00 0.00 0.00
1 202 321 424 0 0 0 0 0 0 0 0 0 0 0 0 1 1 0.00 0.00 0.00 0.00 1.00 0.00 0.00 61 255 1.00 0.00 0.02 0.04 0.00 0.00 0.00 0.00
1 0 301 2653 0 0 0 0 0 0 0 0 0 0 0 0 2 2 0.00 0.00 0.00 0.00 1.00 0.00 0.00 71 255 1.00 0.00 0.01 0.04 0.00 0.00 0.00 0.00
1 0 296 424 0 0 0 0 0 0 0 0 0 0 0 0 2 2 0.00 0.00 0.00 0.00 1.00 0.00 0.00 81 255 1.00 0.00 0.01 0.03 0.00 0.00 0.00 0.00
1 0 235 20165 0 0 0 0 0 0 0 0 0 0 0 0 5 5 0.00 0.00 0.00 0.00 1.00 0.00 0.00 9 255 1.00 0.00 0.11 0.04 0.00 0.00 0.00 0.00
1 0 201 11507 0 0 0 0 0 0 0 0 0 0 0 0 1 1 0.00 0.00 0.00 0.00 1.00 0.00 0.00 19 255 1.00 0.00 0.05 0.04 0.00 0.00 0.00 0.00
1 0 258 19790 0 0 0 0 0 0 0 0 0 0 0 0 3 17 0.00 0.00 0.00 0.00 1.00 0.00 0.18 29 255 1.00 0.00 0.03 0.04 0.00 0.00 0.00 0.00
1 0 271 16123 0 0 0 0 0 0 0 0 0 0 0 0 5 5 0.00 0.00 0.00 0.00 1.00 0.00 0.00 39 255 1.00 0.00 0.03 0.04 0.00 0.00 0.00 0.00
1 0 349 481 0 0 0 0 0 0 0 0 0 0 0 0 2 2 0.00 0.00 0.00 0.00 1.00 0.00 0.00 7 255 1.00 0.00 0.14 0.04 0.00 0.00 0.00 0.00
1 0 225 9542 0 0 0 0 0 0 0 0 0 0 0 0 3 3 0.00 0.00 0.00 0.00 1.00 0.00 0.00 17 255 1.00 0.00 0.06 0.04 0.00 0.00 0.00 0.00
1 0 282 2498 0 0 0 0 0 0 0 0 0 0 0 0 1 1 0.00 0.00 0.00 0.00 1.00 0.00 0.00 27 255 1.00 0.00 0.04 0.04 0.00 0.00 0.00 0.00
1 0 304 42766 0 0 0 0 0 0 0 0 0 0 0 0 4 4 0.00 0.00 0.00 0.00 1.00 0.00 0.00 4 255 1.00 0.00 0.25 0.05 0.00 0.00 0.00 0.00
1 0 271 1508 0 0 0 0 0 0 0 0 0 0 0 0 1 1 0.00 0.00 0.00 0.00 1.00 0.00 0.00 14 255 1.00 0.00 0.07 0.05 0.00 0.00 0.00 0.00
1 0 258 9491 0 0 0 0 0 0 0 0 0 0 0 0 4 4 0.00 0.00 0.00 0.00 1.00 0.00 0.00 4 255 1.00 0.00 0.25 0.05 0.00 0.00 0.00 0.00
1 0 309 1030 0 0 0 0 0 0 0 0 0 0 0 0 14 14 0.00 0.00 0.00 0.00 1.00 0.00 0.00 14 255 1.00 0.00 0.07 0.05 0.00 0.00 0.00 0.00
1 0 312 1357 0 0 0 0 0 0 0 0 0 0 0 0 24 24 0.00 0.00 0.00 0.00 1.00 0.00 0.00 24 255 1.00 0.00 0.04 0.05 0.00 0.00 0.00 0.00
1 0 239 7106 0 0 0 0 0 0 0 0 0 0 0 0 6 6 0.00 0.00 0.00 0.00 1.00 0.00 0.00 6 255 1.00 0.00 0.17 0.04 0.00 0.00 0.00 0.00
1 0 181 1384 0 0 0 0 0 0 0 0 0 0 0 0 3 3 0.00 0.00 0.00 0.00 1.00 0.00 0.00 16 255 1.00 0.00 0.06 0.04 0.00 0.00 0.00 0.00
1 0 247 13468 0 0 0 0 0 0 0 0 0 0 0 0 13 13 0.00 0.00 0.00 0.00 1.00 0.00 0.00 26 255 1.00 0.00 0.04 0.04 0.00 0.00 0.00 0.00
1 0 237 1633 0 0 0 0 0 0 0 0 0 0 0 0 10 10 0.00 0.00 0.00 0.00 1.00 0.00 0.00 36 255 1.00 0.00 0.03 0.04 0.00 0.00 0.00 0.00
1 0 224 3609 0 0 0 0 0 0 0 0 0 0 0 0 7 8 0.00 0.00 0.00 0.00 1.00 0.00 0.25 7 255 1.00 0.00 0.14 0.05 0.00 0.00 0.00 0.00
1 0 225 1658 0 0 0 0 0 0 0 0 0 0 0 0 17 18 0.00 0.00 0.00 0.00 1.00 0.00 0.11 17 255 1.00 0.00 0.06 0.04 0.00 0.00 0.00 0.00
1 0 241 2164 0 0 0 0 0 0 0 0 0 0 0 0 8 19 0.00 0.00 0.00 0.00 1.00 0.00 0.11 27 255 1.00 0.00 0.04 0.04 0.00 0.00 0.00 0.00
1 0 240 2164 0 0 0 0 0 0 0 0 0 0 0 0 4 29 0.00 0.00 0.00 0.00 1.00 0.00 0.07 37 255 1.00 0.00 0.03 0.04 0.00 0.00 0.00 0.00
1 0 235 1151 0 0 0 0 0 0 0 0 0 0 0 0 14 41 0.00 0.00 0.00 0.00 1.00 0.00 0.05 47 255 1.00 0.00 0.02 0.04 0.00 0.00 0.00 0.00
1 0 227 1040 0 0 0 0 0 0 0 0 0 0 0 0 5 5 0.00 0.00 0.00 0.00 1.00 0.00 0.00 57 255 1.00 0.00 0.02 0.04 0.00 0.00 0.00 0.00
1 0 229 1247 0 0 0 0 0 0 0 0 0 0 0 0 15 16 0.00 0.00 0.00 0.00 1.00 0.00 0.12 67 255 1.00 0.00 0.01 0.04 0.00 0.00 0.00 0.00
1 0 175 4437 0 0 0 0 0 0 0 0 0 0 0 0 25 26 0.00 0.00 0.00 0.00 1.00 0.00 0.08 77 255 1.00 0.00 0.01 0.04 0.00 0.00 0.00 0.00
1 0 228 3421 0 0 0 0 0 0 0 0 0 0 0 0 2 2 0.00 0.00 0.00 0.00 1.00 0.00 0.00 87 255 1.00 0.00 0.01 0.04 0.00 0.00 0.00 0.00
1 0 236 2000 0 0 0 0 0 0 0 0 0 0 0 0 12 18 0.00 0.00 0.00 0.00 1.00 0.00 0.11 97 255 1.00 0.00 0.01 0.03 0.00 0.00 0.00 0.00
1 0 209 2063 0 0 0 0 0 0 0 0 0 0 0 0 3 3 0.00 0.00 0.00 0.00 1.00 0.00 0.00 107 255 1.00 0.00 0.01 0.03 0.00 0.00 0.00 0.00
1 0 208 1658 0 0 0 0 0 0 0 0 0 0 0 0 13 13 0.00 0.00 0.00 0.00 1.00 0.00 0.00 117 255 1.00 0.00 0.01 0.03 0.00 0.00 0.00 0.00
1 0 216 2281 0 0 0 0 0 0 0 0 0 0 0 0 4 4 0.00 0.00 0.00 0.00 1.00 0.00 0.00 127 255 1.00 0.00 0.01 0.03 0.00 0.00 0.00 0.00
1 0 211 296 0 0 0 0 0 0 0 0 0 0 0 0 14 14 0.00 0.00 0.00 0.00 1.00 0.00 0.00 137 255 1.00 0.00 0.01 0.03 0.00 0.00 0.00 0.00
1 0 222 1981 0 0 0 0 0 0 0 0 0 0 0 0 5 7 0.00 0.00 0.00 0.00 1.00 0.00 0.29 147 255 1.00 0.00 0.01 0.03 0.00 0.00 0.00 0.00
1 0 220 2063 0 0 0 0 0 0 0 0 0 0 0 0 1 1 0.00 0.00 0.00 0.00 1.00 0.00 0.00 157 255 1.00 0.00 0.01 0.03 0.00 0.00 0.00 0.00
1 0 221 296 0 0 0 0 0 0 0 0 0 0 0 0 11 11 0.00 0.00 0.00 0.00 1.00 0.00 0.00 167 255 1.00 0.00 0.01 0.02 0.00 0.00 0.00 0.00
1 0 297 2000 0 0 0 0 0 0 0 0 0 0 0 0 7 7 0.00 0.00 0.00 0.00 1.00 0.00 0.00 177 255 1.00 0.00 0.01 0.02 0.00 0.00 0.00 0.00
1 0 299 2112 0 0 0 0 0 0 0 0 0 0 0 0 17 17 0.00 0.00 0.00 0.00 1.00 0.00 0.00 187 255 1.00 0.00 0.01 0.02 0.00 0.00 0.00 0.00
1 0 310 2118 0 0 0 0 0 0 0 0 0 0 0 0 8 8 0.00 0.00 0.00 0.00 1.00 0.00 0.00 197 255 1.00 0.00 0.01 0.01 0.00 0.00 0.00 0.00
1 0 304 8766 0 0 0 0 0 0 0 0 0 0 0 0 4 9 0.00 0.00 0.00 0.00 1.00 0.00 0.22 207 255 1.00 0.00 0.00 0.01 0.00 0.00 0.00 0.00
1 0 314 2298 0 0 0 0 0 0 0 0 0 0 0 0 14 19 0.00 0.00 0.00 0.00 1.00 0.00 0.11 217 255 1.00 0.00 0.00 0.01 0.00 0.00 0.00 0.00
1 0 310 1981 0 0 0 0 0 0 0 0 0 0 0 0 10 15 0.00 0.00 0.00 0.00 1.00 0.00 0.13 227 255 1.00 0.00 0.00 0.01 0.00 0.00 0.00 0.00
1 0 304 8766 0 0 0 0 0 0 0 0 0 0 0 0 6 6 0.00 0.00 0.00 0.00 1.00 0.00 0.00 237 255 1.00 0.00 0.00 0.01 0.00 0.00 0.00 0.00
1 0 219 296 0 0 0 0 0 0 0 0 0 0 0 0 2 2 0.00 0.00 0.00 0.00 1.00 0.00 0.00 247 255 1.00 0.00 0.00 0.01 0.00 0.00 0.00 0.00
1 0 222 2195 0 0 0 0 0 0 0 0 0 0 0 0 12 12 0.00 0.00 0.00 0.00 1.00 0.00 0.00 255 255 1.00 0.00 0.00 0.00 0.00 0.00 0.00 0.00
1 0 224 2195 0 0 0 0 0 0 0 0 0 0 0 0 8 8 0.00 0.00 0.00 0.00 1.00 0.00 0.00 255 255 1.00 0.00 0.00 0.00 0.00 0.00 0.00 0.00
1 0 231 2281 0 0 0 0 0 0 0 0 0 0 0 0 4 4 0.00 0.00 0.00 0.00 1.00 0.00 0.00 255 255 1.00 0.00 0.00 0.00 0.00 0.00 0.00 0.00
1 0 224 1151 0 0 0 0 0 0 0 0 0 0 0 0 14 15 0.00 0.00 0.00 0.00 1.00 0.00 0.13 255 255 1.00 0.00 0.00 0.00 0.00 0.00 0.00 0.00
1 0 236 2063 0 0 0 0 0 0 0 0 0 0 0 0 5 5 0.00 0.00 0.00 0.00 1.00 0.00 0.00 255 255 1.00 0.00 0.00 0.00 0.00 0.00 0.00 0.00
1 0 235 2063 0 0 0 0 0 0 0 0 0 0 0 0 1 2 0.00 0.00 0.00 0.00 1.00 0.00 1.00 255 255 1.00 0.00 0.00 0.00 0.00 0.00 0.00 0.00
1 0 236 2112 0 0 0 0 0 0 0 0 0 0 0 0 11 11 0.00 0.00 0.00 0.00 1.00 0.00 0.00 255 255 1.00 0.00 0.00 0.00 0.00 0.00 0.00 0.00
1 0 224 1151 0 0 0 0 0 0 0 0 0 0 0 0 2 13 0.00 0.00 0.00 0.00 1.00 0.00 0.15 255 255 1.00 0.00 0.01 0.00 0.00 0.00 0.00 0.00
1 0 216 3421 0 0 0 0 0 0 0 0 0 0 0 0 12 23 0.00 0.00 0.00 0.00 1.00 0.00 0.09 255 255 1.00 0.00 0.01 0.00 0.00 0.00 0.00 0.00
1 0 166 164 0 0 0 0 0 0 0 0 0 0 0 0 1 13 0.00 0.00 0.00 0.00 1.00 0.00 0.15 3 255 1.00 0.00 0.33 0.01 0.00 0.00 0.00 0.00
1 0 293 38125 0 0 0 0 0 0 0 0 0 0 0 0 10 19 0.00 0.00 0.00 0.00 1.00 0.00 0.11 10 255 1.00 0.00 0.10 0.01 0.00 0.00 0.00 0.00
1 0 297 4306 0 0 0 0 0 0 0 0 0 0 0 0 20 29 0.00 0.00 0.00 0.00 1.00 0.00 0.07 20 255 1.00 0.00 0.05 0.01 0.00 0.00 0.00 0.00
1 0 219 756 0 0 0 0 0 0 0 0 0 0 0 0 7 7 0.00 0.00 0.00 0.00 1.00 0.00 0.00 7 255 1.00 0.00 0.14 0.02 0.00 0.00 0.00 0.00
1 0 215 375 0 0 0 0 0 0 0 0 0 0 0 0 17 17 0.00 0.00 0.00 0.00 1.00 0.00 0.00 17 255 1.00 0.00 0.06 0.02 0.00 0.00 0.00 0.00
1 0 231 756 0 0 0 0 0 0 0 0 0 0 0 0 27 27 0.00 0.00 0.00 0.00 1.00 0.00 0.00 27 255 1.00 0.00 0.04 0.02 0.00 0.00 0.00 0.00
1 0 219 413 0 0 0 0 0 0 0 0 0 0 0 0 37 37 0.00 0.00 0.00 0.00 1.00 0.00 0.00 37 255 1.00 0.00 0.03 0.02 0.00 0.00 0.00 0.00
1 0 204 375 0 0 0 0 0 0 0 0 0 0 0 0 5 5 0.00 0.00 0.00 0.00 1.00 0.00 0.00 47 255 1.00 0.00 0.02 0.02 0.00 0.00 0.00 0.00
1 0 219 413 0 0 0 0 0 0 0 0 0 0 0 0 15 16 0.00 0.00 0.00 0.00 1.00 0.00 0.12 57 255 1.00 0.00 0.02 0.02 0.00 0.00 0.00 0.00
1 0 219 857 0 0 0 0 0 0 0 0 0 0 0 0 25 27 0.00 0.00 0.00 0.00 1.00 0.00 0.07 67 255 1.00 0.00 0.01 0.02 0.00 0.00 0.00 0.00
1 0 231 820 0 0 0 0 0 0 0 0 0 0 0 0 35 37 0.00 0.00 0.00 0.00 1.00 0.00 0.05 77 255 1.00 0.00 0.01 0.02 0.00 0.00 0.00 0.00
1 0 178 1973 0 0 0 0 0 0 0 0 0 0 0 0 1 1 0.00 0.00 0.00 0.00 1.00 0.00 0.00 1 255 1.00 0.00 1.00 0.03 0.00 0.00 0.00 0.00
1 0 165 2288 0 0 0 0 0 0 0 0 0 0 0 0 1 9 0.00 0.00 0.00 0.00 1.00 0.00 0.33 11 255 1.00 0.00 0.09 0.03 0.00 0.00 0.00 0.00
1 0 313 307 0 0 0 0 0 0 0 0 0 0 0 0 1 1 0.00 0.00 0.00 0.00 1.00 0.00 0.00 5 255 1.00 0.00 0.20 0.03 0.00 0.00 0.00 0.00
1 0 309 303 0 0 0 0 0 0 0 0 0 0 0 0 11 11 0.00 0.00 0.00 0.00 1.00 0.00 0.00 15 255 1.00 0.00 0.07 0.03 0.00 0.00 0.00 0.00
1 0 176 789 0 0 0 0 0 0 0 0 0 0 0 0 1 1 0.00 0.00 0.00 0.00 1.00 0.00 0.00 8 255 1.00 0.00 0.12 0.04 0.00 0.00 0.00 0.00
1 0 259 1020 0 0 0 0 0 0 0 0 0 0 0 0 1 1 0.00 0.00 0.00 0.00 1.00 0.00 0.00 2 255 1.00 0.00 0.50 0.04 0.00 0.00 0.00 0.00
1 0 215 4132 0 0 0 0 0 0 0 0 0 0 0 0 6 6 0.00 0.00 0.00 0.00 1.00 0.00 0.00 6 255 1.00 0.00 0.17 0.05 0.00 0.00 0.00 0.00
1 0 212 4210 0 0 0 0 0 0 0 0 0 0 0 0 2 2 0.00 0.00 0.00 0.00 1.00 0.00 0.00 16 255 1.00 0.00 0.06 0.05 0.00 0.00 0.00 0.00
1 0 216 1302 0 0 0 0 0 0 0 0 0 0 0 0 12 12 0.00 0.00 0.00 0.00 1.00 0.00 0.00 26 255 1.00 0.00 0.04 0.05 0.00 0.00 0.00 0.00
1 0 213 1628 0 0 0 0 0 0 0 0 0 0 0 0 6 6 0.00 0.00 0.00 0.00 1.00 0.00 0.00 36 255 1.00 0.00 0.03 0.05 0.00 0.00 0.00 0.00
1 0 228 4210 0 0 0 0 0 0 0 0 0 0 0 0 2 2 0.00 0.00 0.00 0.00 1.00 0.00 0.00 46 255 1.00 0.00 0.02 0.05 0.00 0.00 0.00 0.00
1 0 232 1302 0 0 0 0 0 0 0 0 0 0 0 0 12 12 0.00 0.00 0.00 0.00 1.00 0.00 0.00 56 255 1.00 0.00 0.02 0.05 0.00 0.00 0.00 0.00
1 0 230 3986 0 0 0 0 0 0 0 0 0 0 0 0 8 42 0.00 0.00 0.00 0.00 1.00 0.00 0.05 66 255 1.00 0.00 0.02 0.05 0.00 0.00 0.00 0.00
1 0 232 1302 0 0 0 0 0 0 0 0 0 0 0 0 2 2 0.00 0.00 0.00 0.00 1.00 0.00 0.00 76 255 1.00 0.00 0.01 0.05 0.00 0.00 0.00 0.00
1 0 228 4433 0 0 0 0 0 0 0 0 0 0 0 0 12 12 0.00 0.00 0.00 0.00 1.00 0.00 0.00 86 255 1.00 0.00 0.01 0.05 0.00 0.00 0.00 0.00
1 0 181 9317 0 0 0 0 0 0 0 0 0 0 0 0 6 6 0.00 0.00 0.00 0.00 1.00 0.00 0.00 6 255 1.00 0.00 0.17 0.05 0.00 0.00 0.00 0.00
1 0 212 438 0 0 0 0 0 0 0 0 0 0 0 0 6 6 0.00 0.00 0.00 0.00 1.00 0.00 0.00 16 255 1.00 0.00 0.06 0.05 0.00 0.00 0.00 0.00
1 0 269 9317 0 0 0 0 0 0 0 0 0 0 0 0 2 2 0.00 0.00 0.00 0.00 1.00 0.00 0.00 26 255 1.00 0.00 0.04 0.04 0.00 0.00 0.00 0.00
1 0 207 3727 0 0 0 0 0 0 0 0 0 0 0 0 5 5 0.00 0.00 0.00 0.00 1.00 0.00 0.00 36 255 1.00 0.00 0.03 0.04 0.00 0.00 0.00 0.00
1 0 282 43129 0 0 0 0 0 0 0 0 0 0 0 0 3 3 0.00 0.00 0.00 0.00 1.00 0.00 0.00 46 255 1.00 0.00 0.02 0.04 0.00 0.00 0.00 0.00
1 0 206 3727 0 0 0 0 0 0 0 0 0 0 0 0 4 20 0.00 0.00 0.00 0.00 1.00 0.00 0.10 56 255 1.00 0.00 0.02 0.04 0.00 0.00 0.00 0.00
1 0 168 450 0 0 0 0 0 0 0 0 0 0 0 0 1 1 0.00 0.00 0.00 0.00 1.00 0.00 0.00 66 255 1.00 0.00 0.02 0.04 0.00 0.00 0.00 0.00
1 0 269 9317 0 0 0 0 0 0 0 0 0 0 0 0 5 5 0.00 0.00 0.00 0.00 1.00 0.00 0.00 76 255 1.00 0.00 0.01 0.04 0.00 0.00 0.00 0.00
1 0 287 7646 0 0 0 0 0 0 0 0 0 0 0 0 1 1 0.00 0.00 0.00 0.00 1.00 0.00 0.00 5 255 1.00 0.00 0.20 0.04 0.00 0.00 0.00 0.00
1 0 273 11437 0 0 0 0 0 0 0 0 0 0 0 0 3 22 0.00 0.00 0.00 0.00 1.00 0.00 0.09 3 255 1.00 0.00 0.33 0.05 0.00 0.00 0.00 0.00
1 0 288 1105 0 0 0 0 0 0 0 0 0 0 0 0 1 1 0.00 0.00 0.00 0.00 1.00 0.00 0.00 13 255 1.00 0.00 0.08 0.05 0.00 0.00 0.00 0.00
1 0 161 4992 0 0 0 0 0 0 0 0 0 0 0 0 3 7 0.00 0.00 0.00 0.00 1.00 0.00 0.43 3 255 1.00 0.00 0.33 0.05 0.00 0.00 0.00 0.00
1 0 247 7522 0 0 0 0 0 0 0 0 0 0 0 0 5 16 0.00 0.00 0.00 0.00 1.00 0.00 0.12 13 255 1.00 0.00 0.08 0.05 0.00 0.00 0.00 0.00
1 0 153 4992 0 0 0 0 0 0 0 0 0 0 0 0 8 8 0.00 0.00 0.00 0.00 1.00 0.00 0.00 23 255 1.00 0.00 0.04 0.05 0.00 0.00 0.00 0.00
1 0 187 466 0 0 0 0 0 0 0 0 0 0 0 0 1 1 0.00 0.00 0.00 0.00 1.00 0.00 0.00 10 255 1.00 0.00 0.10 0.05 0.00 0.00 0.00 0.00
1 0 196 6107 0 0 0 0 0 0 0 0 0 0 0 0 2 2 0.00 0.00 0.00 0.00 1.00 0.00 0.00 20 255 1.00 0.00 0.05 0.05 0.00 0.00 0.00 0.00
1 0 216 74301 0 0 0 0 0 0 0 0 0 0 0 0 4 4 0.00 0.00 0.00 0.00 1.00 0.00 0.00 30 255 1.00 0.00 0.03 0.04 0.00 0.00 0.00 0.00
1 0 219 26992 0 0 0 0 0 0 0 0 0 0 0 0 3 8 0.00 0.00 0.00 0.00 1.00 0.00 0.25 40 255 1.00 0.00 0.03 0.04 0.00 0.00 0.00 0.00
1 0 282 6107 0 0 0 0 0 0 0 0 0 0 0 0 4 4 0.00 0.00 0.00 0.00 1.00 0.00 0.00 50 255 1.00 0.00 0.02 0.04 0.00 0.00 0.00 0.00
1 0 317 8320 0 0 0 0 0 0 0 0 0 0 0 0 6 6 0.00 0.00 0.00 0.00 1.00 0.00 0.00 6 255 1.00 0.00 0.17 0.04 0.00 0.00 0.00 0.00
1 0 162 3253 0 0 0 0 0 0 0 0 0 0 0 0 1 14 0.00 0.00 0.00 0.00 1.00 0.00 0.14 9 255 1.00 0.00 0.11 0.05 0.00 0.00 0.00 0.00
1 0 225 1484 0 0 0 0 0 0 0 0 0 0 0 0 3 3 0.00 0.00 0.00 0.00 1.00 0.00 0.00 19 255 1.00 0.00 0.05 0.05 0.00 0.00 0.00 0.00
1 0 230 1719 0 0 0 0 0 0 0 0 0 0 0 0 13 13 0.00 0.00 0.00 0.00 1.00 0.00 0.00 29 255 1.00 0.00 0.03 0.05 0.00 0.00 0.00 0.00
1 0 233 1713 0 0 0 0 0 0 0 0 0 0 0 0 8 20 0.00 0.00 0.00 0.00 1.00 0.00 0.15 39 255 1.00 0.00 0.03 0.05 0.00 0.00 0.00 0.00
1 0 236 1718 0 0 0 0 0 0 0 0 0 0 0 0 5 5 0.00 0.00 0.00 0.00 1.00 0.00 0.00 49 255 1.00 0.00 0.02 0.05 0.00 0.00 0.00 0.00
1 0 198 1108 0 0 0 0 0 0 0 0 0 0 0 0 2 13 0.00 0.00 0.00 0.00 1.00 0.00 0.15 59 255 1.00 0.00 0.02 0.04 0.00 0.00 0.00 0.00
1 0 307 1680 0 0 0 0 0 0 0 0 0 0 0 0 4 7 0.00 0.00 0.00 0.00 1.00 0.00 0.29 69 255 1.00 0.00 0.01 0.04 0.00 0.00 0.00 0.00
1 0 286 1108 0 0 0 0 0 0 0 0 0 0 0 0 1 1 0.00 0.00 0.00 0.00 1.00 0.00 0.00 79 255 1.00 0.00 0.01 0.04 0.00 0.00 0.00 0.00
1 0 249 4183 0 0 0 0 0 0 0 0 0 0 0 0 7 7 0.00 0.00 0.00 0.00 1.00 0.00 0.00 89 255 1.00 0.00 0.01 0.04 0.00 0.00 0.00 0.00
1 0 240 5565 0 0 0 0 0 0 0 0 0 0 0 0 2 2 0.00 0.00 0.00 0.00 1.00 0.00 0.00 99 255 1.00 0.00 0.01 0.04 0.00 0.00 0.00 0.00
1 0 294 1713 0 0 0 0 0 0 0 0 0 0 0 0 12 12 0.00 0.00 0.00 0.00 1.00 0.00 0.00 109 255 1.00 0.00 0.01 0.04 0.00 0.00 0.00 0.00
1 0 152 6084 0 0 0 0 0 0 0 0 0 0 0 0 1 1 0.00 0.00 0.00 0.00 1.00 0.00 0.00 119 255 1.00 0.00 0.01 0.04 0.00 0.00 0.00 0.00
1 0 206 1719 0 0 0 0 0 0 0 0 0 0 0 0 11 11 0.00 0.00 0.00 0.00 1.00 0.00 0.00 129 255 1.00 0.00 0.01 0.04 0.00 0.00 0.00 0.00
1 0 210 1484 0 0 0 0 0 0 0 0 0 0 0 0 4 5 0.00 0.00 0.00 0.00 1.00 0.00 0.40 139 255 1.00 0.00 0.01 0.04 0.00 0.00 0.00 0.00
1 0 215 1719 0 0 0 0 0 0 0 0 0 0 0 0 14 15 0.00 0.00 0.00 0.00 1.00 0.00 0.13 149 255 1.00 0.00 0.01 0.04 0.00 0.00 0.00 0.00
1 0 255 1645 0 0 0 0 0 0 0 0 0 0 0 0 5 5 0.00 0.00 0.00 0.00 1.00 0.00 0.00 159 255 1.00 0.00 0.01 0.03 0.00 0.00 0.00 0.00
1 0 213 25519 0 0 0 0 0 0 0 0 0 0 0 0 2 4 0.00 0.00 0.00 0.00 1.00 0.00 0.50 169 255 1.00 0.00 0.01 0.02 0.00 0.00 0.00 0.00
1 0 239 1695 0 0 0 0 0 0 0 0 0 0 0 0 4 4 0.00 0.00 0.00 0.00 1.00 0.00 0.00 179 255 1.00 0.00 0.01 0.02 0.00 0.00 0.00 0.00
1 0 162 3253 0 0 0 0 0 0 0 0 0 0 0 0 1 6 0.00 0.00 0.00 0.00 1.00 0.00 0.33 189 255 1.00 0.00 0.01 0.02 0.00 0.00 0.00 0.00
1 0 219 1651 0 0 0 0 0 0 0 0 0 0 0 0 7 7 0.00 0.00 0.00 0.00 1.00 0.00 0.00 199 255 1.00 0.00 0.01 0.01 0.00 0.00 0.00 0.00
1 0 163 3253 0 0 0 0 0 0 0 0 0 0 0 0 4 4 0.00 0.00 0.00 0.00 1.00 0.00 0.00 209 255 1.00 0.00 0.00 0.01 0.00 0.00 0.00 0.00
1 0 164 3253 0 0 0 0 0 0 0 0 0 0 0 0 1 1 0.00 0.00 0.00 0.00 1.00 0.00 0.00 219 255 1.00 0.00 0.00 0.01 0.00 0.00 0.00 0.00
1 0 235 1721 0 0 0 0 0 0 0 0 0 0 0 0 7 7 0.00 0.00 0.00 0.00 1.00 0.00 0.00 229 255 1.00 0.00 0.00 0.01 0.00 0.00 0.00 0.00
1 0 224 1680 0 0 0 0 0 0 0 0 0 0 0 0 3 21 0.00 0.00 0.00 0.00 1.00 0.00 0.10 239 255 1.00 0.00 0.00 0.01 0.00 0.00 0.00 0.00
1 0 223 1694 0 0 0 0 0 0 0 0 0 0 0 0 12 12 0.00 0.00 0.00 0.00 1.00 0.00 0.00 249 255 1.00 0.00 0.00 0.01 0.00 0.00 0.00 0.00
1 0 232 1713 0 0 0 0 0 0 0 0 0 0 0 0 9 9 0.00 0.00 0.00 0.00 1.00 0.00 0.00 255 255 1.00 0.00 0.00 0.00 0.00 0.00 0.00 0.00
1 0 247 1680 0 0 0 0 0 0 0 0 0 0 0 0 3 3 0.00 0.00 0.00 0.00 1.00 0.00 0.00 255 255 1.00 0.00 0.00 0.00 0.00 0.00 0.00 0.00
1 0 245 1651 0 0 0 0 0 0 0 0 0 0 0 0 13 13 0.00 0.00 0.00 0.00 1.00 0.00 0.00 255 255 1.00 0.00 0.00 0.00 0.00 0.00 0.00 0.00
1 0 262 1721 0 0 0 0 0 0 0 0 0 0 0 0 9 9 0.00 0.00 0.00 0.00 1.00 0.00 0.00 255 255 1.00 0.00 0.00 0.00 0.00 0.00 0.00 0.00
1 0 221 3798 0 0 0 0 0 0 0 0 0 0 0 0 1 1 0.00 0.00 0.00 0.00 1.00 0.00 0.00 255 255 1.00 0.00 0.00 0.00 0.00 0.00 0.00 0.00
1 0 314 1108 0 0 0 0 0 0 0 0 0 0 0 0 2 3 0.00 0.00 0.00 0.00 1.00 0.00 0.67 255 255 1.00 0.00 0.00 0.00 0.00 0.00 0.00 0.00
1 0 231 1694 0 0 0 0 0 0 0 0 0 0 0 0 1 1 0.00 0.00 0.00 0.00 1.00 0.00 0.00 255 255 1.00 0.00 0.00 0.00 0.00 0.00 0.00 0.00
1 0 231 1718 0 0 0 0 0 0 0 0 0 0 0 0 11 11 0.00 0.00 0.00 0.00 1.00 0.00 0.00 255 255 1.00 0.00 0.00 0.00 0.00 0.00 0.00 0.00
1 0 247 1718 0 0 0 0 0 0 0 0 0 0 0 0 1 1 0.00 0.00 0.00 0.00 1.00 0.00 0.00 255 255 1.00 0.00 0.00 0.00 0.00 0.00 0.00 0.00
1 0 247 1713 0 0 0 0 0 0 0 0 0 0 0 0 11 11 0.00 0.00 0.00 0.00 1.00 0.00 0.00 255 255 1.00 0.00 0.00 0.00 0.00 0.00 0.00 0.00
1 0 232 1718 0 0 0 0 0 0 0 0 0 0 0 0 8 8 0.00 0.00 0.00 0.00 1.00 0.00 0.00 255 255 1.00 0.00 0.00 0.00 0.00 0.00 0.00 0.00
1 0 313 25519 0 0 0 0 0 0 0 0 0 0 0 0 3 3 0.00 0.00 0.00 0.00 1.00 0.00 0.00 255 255 1.00 0.00 0.00 0.00 0.00 0.00 0.00 0.00
1 0 334 1718 0 0 0 0 0 0 0 0 0 0 0 0 9 9 0.00 0.00 0.00 0.00 1.00 0.00 0.00 255 255 1.00 0.00 0.00 0.00 0.00 0.00 0.00 0.00
1 0 330 1651 0 0 0 0 0 0 0 0 0 0 0 0 2 2 0.00 0.00 0.00 0.00 1.00 0.00 0.00 255 255 1.00 0.00 0.00 0.00 0.00 0.00 0.00 0.00
1 0 331 1713 0 0 0 0 0 0 0 0 0 0 0 0 12 12 0.00 0.00 0.00 0.00 1.00 0.00 0.00 255 255 1.00 0.00 0.00 0.00 0.00 0.00 0.00 0.00
1 0 324 1875 0 0 0 0 0 0 0 0 0 0 0 0 7 7 0.00 0.00 0.00 0.00 1.00 0.00 0.00 255 255 1.00 0.00 0.00 0.00 0.00 0.00 0.00 0.00
1 0 314 1108 0 0 0 0 0 0 0 0 0 0 0 0 4 4 0.00 0.00 0.00 0.00 1.00 0.00 0.00 255 255 1.00 0.00 0.00 0.00 0.00 0.00 0.00 0.00
1 0 238 6722 0 0 0 0 0 0 0 0 0 0 0 0 2 2 0.00 0.00 0.00 0.00 1.00 0.00 0.00 255 255 1.00 0.00 0.00 0.00 0.00 0.00 0.00 0.00
1 0 292 1721 0 0 0 0 0 0 0 0 0 0 0 0 12 12 0.00 0.00 0.00 0.00 1.00 0.00 0.00 255 255 1.00 0.00 0.00 0.00 0.00 0.00 0.00 0.00
1 0 301 1719 0 0 0 0 0 0 0 0 0 0 0 0 9 9 0.00 0.00 0.00 0.00 1.00 0.00 0.00 255 255 1.00 0.00 0.00 0.00 0.00 0.00 0.00 0.00
1 0 292 1694 0 0 0 0 0 0 0 0 0 0 0 0 6 6 0.00 0.00 0.00 0.00 1.00 0.00 0.00 255 255 1.00 0.00 0.00 0.00 0.00 0.00 0.00 0.00
1 0 319 1875 0 0 0 0 0 0 0 0 0 0 0 0 3 3 0.00 0.00 0.00 0.00 1.00 0.00 0.00 255 255 1.00 0.00 0.00 0.00 0.00 0.00 0.00 0.00
1 0 317 1721 0 0 0 0 0 0 0 0 0 0 0 0 13 13 0.00 0.00 0.00 0.00 1.00 0.00 0.00 255 255 1.00 0.00 0.00 0.00 0.00 0.00 0.00 0.00
1 0 246 1600 0 0 0 0 0 0 0 0 0 0 0 0 10 10 0.00 0.00 0.00 0.00 1.00 0.00 0.00 255 255 1.00 0.00 0.00 0.00 0.00 0.00 0.00 0.00
1 0 238 1695 0 0 0 0 0 0 0 0 0 0 0 0 3 3 0.00 0.00 0.00 0.00 1.00 0.00 0.00 255 255 1.00 0.00 0.00 0.00 0.00 0.00 0.00 0.00
1 0 233 1721 0 0 0 0 0 0 0 0 0 0 0 0 13 13 0.00 0.00 0.00 0.00 1.00 0.00 0.00 255 255 1.00 0.00 0.00 0.00 0.00 0.00 0.00 0.00
1 0 228 1695 0 0 0 0 0 0 0 0 0 0 0 0 10 10 0.00 0.00 0.00 0.00 1.00 0.00 0.00 255 255 1.00 0.00 0.00 0.00 0.00 0.00 0.00 0.00
1 0 224 1680 0 0 0 0 0 0 0 0 0 0 0 0 7 8 0.00 0.00 0.00 0.00 1.00 0.00 0.25 255 255 1.00 0.00 0.00 0.00 0.00 0.00 0.00 0.00
1 0 215 1108 0 0 0 0 0 0 0 0 0 0 0 0 4 8 0.00 0.00 0.00 0.00 1.00 0.00 0.38 255 255 1.00 0.00 0.01 0.00 0.00 0.00 0.00 0.00
1 0 213 1694 0 0 0 0 0 0 0 0 0 0 0 0 2 2 0.00 0.00 0.00 0.00 1.00 0.00 0.00 255 255 1.00 0.00 0.00 0.00 0.00 0.00 0.00 0.00
1 0 215 1875 0 0 0 0 0 0 0 0 0 0 0 0 12 12 0.00 0.00 0.00 0.00 1.00 0.00 0.00 255 255 1.00 0.00 0.00 0.00 0.00 0.00 0.00 0.00
1 0 245 1875 0 0 0 0 0 0 0 0 0 0 0 0 1 1 0.00 0.00 0.00 0.00 1.00 0.00 0.00 255 255 1.00 0.00 0.00 0.00 0.00 0.00 0.00 0.00
1 0 263 3253 0 0 0 0 0 0 0 0 0 0 0 0 1 1 0.00 0.00 0.00 0.00 1.00 0.00 0.00 255 255 1.00 0.00 0.00 0.00 0.00 0.00 0.00 0.00
1 0 325 1645 0 0 0 0 0 0 0 0 0 0 0 0 4 6 0.00 0.00 0.00 0.00 1.00 0.00 0.33 255 255 1.00 0.00 0.00 0.00 0.00 0.00 0.00 0.00
1 0 2936 329 0 0 0 0 0 0 0 0 0 0 0 0 2 1 0.00 0.00 0.00 0.00 0.50 1.00 0.00 1 1 1.00 0.00 1.00 0.00 0.00 0.00 0.00 0.00
1 0 30 0 0 0 0 0 0 0 0 0 0 0 0 0 1 2 0.00 0.00 0.00 0.00 1.00 0.00 1.00 11 2 0.18 0.27 0.18 0.00 0.00 0.00 0.00 0.00
1 0 3498 328 0 0 0 0 0 0 0 0 0 0 0 0 1 1 0.00 0.00 0.00 0.00 1.00 0.00 0.00 21 14 0.67 0.19 0.05 0.00 0.00 0.00 0.00 0.00
1 0 9 34 0 0 0 0 0 0 0 0 0 0 0 0 1 1 0.00 0.00 0.00 0.00 1.00 0.00 0.00 31 4 0.13 0.13 0.03 0.00 0.00 0.00 0.00 0.00
1 0 841 328 0 0 0 0 0 0 0 0 0 0 0 0 1 1 0.00 0.00 0.00 0.00 1.00 0.00 0.00 41 27 0.66 0.12 0.02 0.00 0.00 0.00 0.00 0.00
1 0 33 0 0 0 0 0 0 0 0 0 0 0 0 0 1 2 0.00 0.00 0.00 0.00 1.00 0.00 1.00 51 9 0.18 0.10 0.18 0.00 0.00 0.00 0.00 0.00
1 3 2029 491 0 0 0 0 0 0 0 0 0 0 0 0 1 2 0.00 0.00 0.00 0.00 1.00 0.00 1.00 61 42 0.69 0.08 0.02 0.00 0.00 0.00 0.00 0.00
1 0 1565 328 0 0 0 0 0 0 0 0 0 0 0 0 1 1 0.00 0.00 0.00 0.00 1.00 0.00 0.00 71 48 0.68 0.07 0.01 0.00 0.00 0.00 0.00 0.00
1 0 10 39 0 0 0 0 0 0 0 0 0 0 0 0 2 1 0.00 0.00 0.00 0.00 0.50 1.00 0.00 81 7 0.09 0.06 0.01 0.00 0.00 0.00 0.00 0.00
1 0 1848 328 0 0 0 0 0 0 0 0 0 0 0 0 2 1 0.00 0.00 0.00 0.00 0.50 1.00 0.00 91 61 0.67 0.05 0.01 0.00 0.00 0.00 0.00 0.00
1 0 33 0 0 0 0 0 0 0 0 0 0 0 0 0 1 2 0.00 0.00 0.00 0.00 1.00 0.00 1.00 101 21 0.21 0.05 0.21 0.00 0.00 0.00 0.00 0.00
1 1 878 360 0 0 0 0 0 0 0 0 0 0 0 0 1 3 0.00 0.00 0.00 0.00 1.00 0.00 1.00 111 71 0.64 0.05 0.01 0.00 0.00 0.00 0.00 0.00
1 0 1301 330 0 0 0 0 0 0 0 0 0 0 0 0 1 2 0.00 0.00 0.00 0.00 1.00 0.00 1.00 121 79 0.65 0.04 0.01 0.00 0.00 0.00 0.00 0.00
1 1 960 330 0 0 0 0 0 0 0 0 0 0 0 0 1 2 0.00 0.00 0.00 0.00 1.00 0.00 1.00 1 85 1.00 0.00 1.00 0.02 0.00 0.00 0.00 0.00
1 0 31 0 0 0 0 0 0 0 0 0 0 0 0 0 1 2 0.00 0.00 0.00 0.00 1.00 0.00 1.00 11 30 0.27 0.18 0.27 0.07 0.00 0.00 0.00 0.00
1 0 7 138 0 0 0 0 0 0 0 0 0 0 0 0 1 1 0.00 0.00 0.00 0.00 1.00 0.00 0.00 21 8 0.05 0.14 0.05 0.25 0.00 0.00 0.00 0.00
1 0 834 329 0 0 0 0 0 0 0 0 0 0 0 0 2 1 0.00 0.00 0.00 0.00 0.50 1.00 0.00 31 106 0.71 0.10 0.03 0.02 0.00 0.00 0.00 0.00
1 0 31 0 0 0 0 0 0 0 0 0 0 0 0 0 1 3 0.00 0.00 0.00 0.00 1.00 0.00 0.67 41 37 0.24 0.10 0.24 0.05 0.00 0.00 0.00 0.00
1 0 31 0 0 0 0 0 0 0 0 0 0 0 0 0 1 4 0.00 0.00 0.00 0.00 1.00 0.00 0.75 51 40 0.25 0.10 0.25 0.05 0.00 0.00 0.00 0.00
1 0 31 0 0 0 0 0 0 0 0 0 0 0 0 0 1 2 0.00 0.00 0.00 0.00 1.00 0.00 1.00 61 42 0.25 0.08 0.25 0.05 0.00 0.00 0.00 0.00
1 0 1625 329 0 0 0 0 0 0 0 0 0 0 0 0 1 1 0.00 0.00 0.00 0.00 1.00 0.00 0.00 71 134 0.70 0.07 0.01 0.01 0.00 0.00 0.00 0.00
1 5 1545 326 0 0 0 0 0 0 0 0 0 0 0 0 1 2 0.00 0.00 0.00 0.00 1.00 0.00 1.00 81 137 0.65 0.06 0.01 0.01 0.00 0.00 0.00 0.00
1 0 1047 333 0 0 0 0 0 0 0 0 0 0 0 0 1 1 0.00 0.00 0.00 0.00 1.00 0.00 0.00 91 144 0.66 0.05 0.01 0.01 0.00 0.00 0.00 0.00
1 0 992 331 0 0 0 0 0 0 0 0 0 0 0 0 1 1 0.00 0.00 0.00 0.00 1.00 0.00 0.00 101 153 0.68 0.05 0.01 0.01 0.00 0.00 0.00 0.00
1 0 637 329 0 0 0 0 0 0 0 0 0 0 0 0 1 1 0.00 0.00 0.00 0.00 1.00 0.00 0.00 111 161 0.69 0.05 0.01 0.01 0.00 0.00 0.00 0.00
1 0 10 141 0 0 0 0 0 0 0 0 0 0 0 0 1 1 0.00 0.00 0.00 0.00 1.00 0.00 0.00 121 12 0.04 0.04 0.01 0.17 0.00 0.00 0.00 0.00
1 0 31 0 0 0 0 0 0 0 0 0 0 0 0 0 1 2 0.00 0.00 0.00 0.00 1.00 0.00 1.00 131 56 0.22 0.05 0.22 0.04 0.00 0.00 0.00 0.00
1 0 286 1415 0 0 0 0 0 0 0 0 0 0 0 0 4 4 0.00 0.00 0.00 0.00 1.00 0.00 0.00 7 7 1.00 0.00 0.14 0.00 0.00 0.00 0.00 0.00
1 0 215 12884 0 0 0 0 0 0 0 0 0 0 0 0 3 3 0.00 0.00 0.00 0.00 1.00 0.00 0.00 17 17 1.00 0.00 0.06 0.00 0.00 0.00 0.00 0.00
1 0 227 1415 0 0 0 0 0 0 0 0 0 0 0 0 2 2 0.00 0.00 0.00 0.00 1.00 0.00 0.00 27 27 1.00 0.00 0.04 0.00 0.00 0.00 0.00 0.00
1 0 296 1227 0 0 0 0 0 0 0 0 0 0 0 0 7 7 0.00 0.00 0.00 0.00 1.00 0.00 0.00 37 37 1.00 0.00 0.03 0.00 0.00 0.00 0.00 0.00
1 0 277 2295 0 0 0 0 0 0 0 0 0 0 0 0 1 1 0.00 0.00 0.00 0.00 1.00 0.00 0.00 47 47 1.00 0.00 0.02 0.00 0.00 0.00 0.00 0.00
1 0 296 1227 0 0 0 0 0 0 0 0 0 0 0 0 7 7 0.00 0.00 0.00 0.00 1.00 0.00 0.00 57 57 1.00 0.00 0.02 0.00 0.00 0.00 0.00 0.00
1 0 173 1493 0 0 0 0 0 0 0 0 0 0 0 0 3 3 0.00 0.00 0.00 0.00 1.00 0.00 0.00 67 67 1.00 0.00 0.01 0.00 0.00 0.00 0.00 0.00
1 0 324 1227 0 0 0 0 0 0 0 0 0 0 0 0 10 14 0.00 0.00 0.00 0.00 1.00 0.00 0.14 77 77 1.00 0.00 0.01 0.00 0.00 0.00 0.00 0.00
1 0 172 4145 0 0 0 0 0 0 0 0 0 0 0 0 9 14 0.00 0.00 0.00 0.00 1.00 0.00 0.14 87 87 1.00 0.00 0.01 0.00 0.00 0.00 0.00 0.00
1 0 325 2531 0 0 0 0 0 0 0 0 0 0 0 0 8 8 0.00 0.00 0.00 0.00 1.00 0.00 0.00 97 97 1.00 0.00 0.01 0.00 0.00 0.00 0.00 0.00
1 0 198 12884 0 0 0 0 0 0 0 0 0 0 0 0 5 5 0.00 0.00 0.00 0.00 1.00 0.00 0.00 107 107 1.00 0.00 0.01 0.00 0.00 0.00 0.00 0.00
1 0 214 12884 0 0 0 0 0 0 0 0 0 0 0 0 4 4 0.00 0.00 0.00 0.00 1.00 0.00 0.00 117 117 1.00 0.00 0.01 0.00 0.00 0.00 0.00 0.00
1 0 294 1415 0 0 0 0 0 0 0 0 0 0 0 0 3 3 0.00 0.00 0.00 0.00 1.00 0.00 0.00 127 127 1.00 0.00 0.01 0.00 0.00 0.00 0.00 0.00
1 0 146 13187 0 0 0 0 0 0 0 0 0 0 0 0 1 1 0.00 0.00 0.00 0.00 1.00 0.00 0.00 137 137 1.00 0.00 0.01 0.00 0.00 0.00 0.00 0.00
1 0 158 11889 0 0 0 0 0 0 0 0 0 0 0 0 11 11 0.00 0.00 0.00 0.00 1.00 0.00 0.00 147 147 1.00 0.00 0.01 0.00 0.00 0.00 0.00 0.00
1 0 223 1415 0 0 0 0 0 0 0 0 0 0 0 0 10 10 0.00 0.00 0.00 0.00 1.00 0.00 0.00 157 157 1.00 0.00 0.01 0.00 0.00 0.00 0.00 0.00
1 0 297 2531 0 0 0 0 0 0 0 0 0 0 0 0 2 2 0.00 0.00 0.00 0.00 1.00 0.00 0.00 167 167 1.00 0.00 0.01 0.00 0.00 0.00 0.00 0.00
1 0 305 106426 0 0 0 0 0 0 0 0 0 0 0 0 1 1 0.00 0.00 0.00 0.00 1.00 0.00 0.00 177 177 1.00 0.00 0.01 0.00 0.00 0.00 0.00 0.00
1 0 208 1227 0 0 0 0 0 0 0 0 0 0 0 0 7 7 0.00 0.00 0.00 0.00 1.00 0.00 0.00 187 187 1.00 0.00 0.01 0.00 0.00 0.00 0.00 0.00
1 0 211 1227 0 0 0 0 0 0 0 0 0 0 0 0 3 3 0.00 0.00 0.00 0.00 1.00 0.00 0.00 197 197 1.00 0.00 0.01 0.00 0.00 0.00 0.00 0.00
1 0 244 4145 0 0 0 0 0 0 0 0 0 0 0 0 2 2 0.00 0.00 0.00 0.00 1.00 0.00 0.00 207 207 1.00 0.00 0.00 0.00 0.00 0.00 0.00 0.00
1 0 232 13187 0 0 0 0 0 0 0 0 0 0 0 0 1 3 0.00 0.00 0.00 0.00 1.00 0.00 1.00 217 217 1.00 0.00 0.00 0.00 0.00 0.00 0.00 0.00
1 0 295 12884 0 0 0 0 0 0 0 0 0 0 0 0 11 11 0.00 0.00 0.00 0.00 1.00 0.00 0.00 227 227 1.00 0.00 0.00 0.00 0.00 0.00 0.00 0.00
1 0 224 12884 0 0 0 0 0 0 0 0 0 0 0 0 10 14 0.00 0.00 0.00 0.00 1.00 0.00 0.21 237 237 1.00 0.00 0.00 0.00 0.00 0.00 0.00 0.00
1 0 173 11889 0 0 0 0 0 0 0 0 0 0 0 0 9 21 0.00 0.00 0.00 0.00 1.00 0.00 0.10 247 247 1.00 0.00 0.00 0.00 0.00 0.00 0.00 0.00
1 0 301 6340 0 0 0 0 0 0 0 0 0 0 0 0 1 1 0.00 0.00 0.00 0.00 1.00 0.00 0.00 8 255 1.00 0.00 0.12 0.01 0.00 0.00 0.00 0.00
1 0 167 2375 0 0 0 0 0 0 0 0 0 0 0 0 1 3 0.00 0.00 0.00 0.00 1.00 0.00 0.67 5 255 1.00 0.00 0.20 0.01 0.00 0.00 0.00 0.00
1 0 222 1471 0 0 0 0 0 0 0 0 0 0 0 0 6 12 0.00 0.00 0.00 0.00 1.00 0.00 0.17 6 255 1.00 0.00 0.17 0.02 0.00 0.00 0.00 0.00
1 0 221 1461 0 0 0 0 0 0 0 0 0 0 0 0 2 2 0.00 0.00 0.00 0.00 1.00 0.00 0.00 16 255 1.00 0.00 0.06 0.02 0.00 0.00 0.00 0.00
1 0 223 1423 0 0 0 0 0 0 0 0 0 0 0 0 12 12 0.00 0.00 0.00 0.00 1.00 0.00 0.00 26 255 1.00 0.00 0.04 0.02 0.00 0.00 0.00 0.00
1 0 219 3211 0 0 0 0 0 0 0 0 0 0 0 0 8 9 0.00 0.00 0.00 0.00 1.00 0.00 0.22 36 255 1.00 0.00 0.03 0.02 0.00 0.00 0.00 0.00
1 0 220 1109 0 0 0 0 0 0 0 0 0 0 0 0 4 7 0.00 0.00 0.00 0.00 1.00 0.00 0.43 46 255 1.00 0.00 0.02 0.02 0.00 0.00 0.00 0.00
1 0 208 324 0 0 0 0 0 0 0 0 0 0 0 0 14 17 0.00 0.00 0.00 0.00 1.00 0.00 0.18 56 255 1.00 0.00 0.02 0.02 0.00 0.00 0.00 0.00
1 0 221 1109 0 0 0 0 0 0 0 0 0 0 0 0 10 10 0.00 0.00 0.00 0.00 1.00 0.00 0.00 66 255 1.00 0.00 0.02 0.02 0.00 0.00 0.00 0.00
1 0 231 1461 0 0 0 0 0 0 0 0 0 0 0 0 6 6 0.00 0.00 0.00 0.00 1.00 0.00 0.00 76 255 1.00 0.00 0.01 0.02 0.00 0.00 0.00 0.00
1 0 310 1481 0 0 0 0 0 0 0 0 0 0 0 0 2 2 0.00 0.00 0.00 0.00 1.00 0.00 0.00 86 255 1.00 0.00 0.01 0.02 0.00 0.00 0.00 0.00
1 0 309 1109 0 0 0 0 0 0 0 0 0 0 0 0 12 12 0.00 0.00 0.00 0.00 1.00 0.00 0.00 96 255 1.00 0.00 0.01 0.02 0.00 0.00 0.00 0.00
1 0 308 1461 0 0 0 0 0 0 0 0 0 0 0 0 8 8 0.00 0.00 0.00 0.00 1.00 0.00 0.00 106 255 1.00 0.00 0.01 0.02 0.00 0.00 0.00 0.00
1 0 320 1408 0 0 0 0 0 0 0 0 0 0 0 0 4 4 0.00 0.00 0.00 0.00 1.00 0.00 0.00 116 255 1.00 0.00 0.01 0.02 0.00 0.00 0.00 0.00
1 0 307 1112 0 0 0 0 0 0 0 0 0 0 0 0 2 2 0.00 0.00 0.00 0.00 1.00 0.00 0.00 126 255 1.00 0.00 0.01 0.02 0.00 0.00 0.00 0.00
1 0 307 1109 0 0 0 0 0 0 0 0 0 0 0 0 12 12 0.00 0.00 0.00 0.00 1.00 0.00 0.00 136 255 1.00 0.00 0.01 0.02 0.00 0.00 0.00 0.00
1 0 326 1471 0 0 0 0 0 0 0 0 0 0 0 0 8 8 0.00 0.00 0.00 0.00 1.00 0.00 0.00 146 255 1.00 0.00 0.01 0.02 0.00 0.00 0.00 0.00
1 0 308 1408 0 0 0 0 0 0 0 0 0 0 0 0 7 7 0.00 0.00 0.00 0.00 1.00 0.00 0.00 156 255 1.00 0.00 0.01 0.02 0.00 0.00 0.00 0.00
1 0 315 1425 0 0 0 0 0 0 0 0 0 0 0 0 3 3 0.33 0.33 0.00 0.00 1.00 0.00 0.00 166 255 1.00 0.00 0.01 0.02 0.01 0.00 0.00 0.00
1 0 289 6734 0 0 0 0 0 0 0 0 0 0 0 0 1 1 0.00 0.00 0.00 0.00 1.00 0.00 0.00 176 255 1.00 0.00 0.01 0.02 0.01 0.00 0.00 0.00
1 0 303 772 0 0 0 0 0 0 0 0 0 0 0 0 11 11 0.00 0.00 0.00 0.00 1.00 0.00 0.00 186 255 1.00 0.00 0.01 0.02 0.01 0.00 0.00 0.00
1 0 315 4758 0 0 0 0 0 0 0 0 0 0 0 0 2 2 0.00 0.00 0.00 0.00 1.00 0.00 0.00 196 255 1.00 0.00 0.01 0.02 0.01 0.00 0.00 0.00
1 0 302 1461 0 0 0 0 0 0 0 0 0 0 0 0 3 3 0.00 0.00 0.00 0.00 1.00 0.00 0.00 206 255 1.00 0.00 0.00 0.02 0.00 0.00 0.00 0.00
1 0 302 1481 0 0 0 0 0 0 0 0 0 0 0 0 13 13 0.00 0.00 0.00 0.00 1.00 0.00 0.00 216 255 1.00 0.00 0.00 0.02 0.00 0.00 0.00 0.00
1 0 307 5280 0 0 0 0 0 0 0 0 0 0 0 0 9 9 0.00 0.00 0.00 0.00 1.00 0.00 0.00 226 255 1.00 0.00 0.00 0.02 0.00 0.00 0.00 0.00
1 0 236 1425 0 0 0 0 0 0 0 0 0 0 0 0 5 8 0.00 0.00 0.00 0.00 1.00 0.00 0.25 236 255 1.00 0.00 0.00 0.01 0.00 0.00 0.00 0.00
1 0 237 1481 0 0 0 0 0 0 0 0 0 0 0 0 1 14 0.00 0.00 0.00 0.00 1.00 0.00 0.14 246 255 1.00 0.00 0.00 0.01 0.00 0.00 0.00 0.00
1 0 237 1408 0 0 0 0 0 0 0 0 0 0 0 0 11 24 0.00 0.00 0.00 0.00 1.00 0.00 0.08 255 255 1.00 0.00 0.00 0.00 0.00 0.00 0.00 0.00
1 0 186 3469 0 0 0 0 0 0 0 0 0 0 0 0 7 8 0.00 0.00 0.00 0.00 1.00 0.00 0.25 7 255 1.00 0.00 0.14 0.01 0.00 0.00 0.00 0.00
1 0 189 1931 0 0 0 0 0 0 0 0 0 0 0 0 17 18 0.00 0.00 0.00 0.00 1.00 0.00 0.11 17 255 1.00 0.00 0.06 0.01 0.00 0.00 0.00 0.00
1 0 164 1932 0 0 0 0 0 0 0 0 0 0 0 0 1 1 0.00 0.00 0.00 0.00 1.00 0.00 0.00 27 255 1.00 0.00 0.04 0.01 0.00 0.00 0.00 0.00
1 0 203 4929 0 0 0 0 0 0 0 0 0 0 0 0 3 18 0.00 0.00 0.00 0.00 1.00 0.00 0.11 37 255 1.00 0.00 0.03 0.01 0.00 0.00 0.00 0.00
1 0 204 74810 0 0 0 0 0 0 0 0 0 0 0 0 13 28 0.00 0.00 0.00 0.00 1.00 0.00 0.07 47 255 1.00 0.00 0.02 0.01 0.00 0.00 0.00 0.00
1 0 214 11071 0 0 0 0 0 0 0 0 0 0 0 0 2 2 0.00 0.00 0.00 0.00 1.00 0.00 0.00 57 255 1.00 0.00 0.02 0.01 0.00 0.00 0.00 0.00
1 0 170 5295 0 0 0 0 0 0 0 0 0 0 0 0 5 5 0.00 0.00 0.00 0.00 1.00 0.00 0.00 67 255 1.00 0.00 0.01 0.01 0.00 0.00 0.00 0.00
1 0 272 913 0 0 0 0 0 0 0 0 0 0 0 0 9 9 0.00 0.00 0.00 0.00 1.00 0.00 0.00 9 255 1.00 0.00 0.11 0.01 0.00 0.00 0.00 0.00
1 0 272 60397 0 0 1 0 0 1 0 0 0 0 0 0 19 19 0.00 0.00 0.00 0.00 1.00 0.00 0.00 19 255 1.00 0.00 0.05 0.01 0.00 0.00 0.00 0.00
1 0 219 3443 0 0 0 0 0 0 0 0 0 0 0 0 3 3 0.00 0.00 0.00 0.00 1.00 0.00 0.00 10 255 1.00 0.00 0.10 0.02 0.00 0.00 0.00 0.00
1 0 263 4895 0 0 0 0 0 0 0 0 0 0 0 0 3 4 0.00 0.00 0.00 0.00 1.00 0.00 0.50 3 255 1.00 0.00 0.33 0.02 0.00 0.00 0.00 0.00
1 0 331 2109 0 0 0 0 0 0 0 0 0 0 0 0 13 14 0.00 0.00 0.00 0.00 1.00 0.00 0.14 13 255 1.00 0.00 0.08 0.02 0.00 0.00 0.00 0.00
1 0 236 2125 0 0 0 0 0 0 0 0 0 0 0 0 1 1 0.00 0.00 0.00 0.00 1.00 0.00 0.00 23 255 1.00 0.00 0.04 0.02 0.00 0.00 0.00 0.00
1 0 240 2129 0 0 0 0 0 0 0 0 0 0 0 0 11 12 0.00 0.00 0.00 0.00 1.00 0.00 0.17 33 255 1.00 0.00 0.03 0.02 0.00 0.00 0.00 0.00
1 0 174 4895 0 0 0 0 0 0 0 0 0 0 0 0 1 1 0.00 0.00 0.00 0.00 1.00 0.00 0.00 43 255 1.00 0.00 0.02 0.02 0.00 0.00 0.00 0.00
1 0 239 2125 0 0 0 0 0 0 0 0 0 0 0 0 11 11 0.00 0.00 0.00 0.00 1.00 0.00 0.00 53 255 1.00 0.00 0.02 0.02 0.00 0.00 0.00 0.00
1 0 177 1718 0 0 0 0 0 0 0 0 0 0 0 0 1 11 0.00 0.00 0.00 0.00 1.00 0.00 0.18 63 255 1.00 0.00 0.02 0.02 0.00 0.00 0.00 0.00
1 0 240 125015 0 0 0 0 0 0 0 0 0 0 0 0 10 11 0.00 0.00 0.00 0.00 1.00 0.00 0.18 73 255 1.00 0.00 0.01 0.02 0.00 0.00 0.00 0.00
1 0 231 19361 0 0 0 0 0 0 0 0 0 0 0 0 20 21 0.00 0.00 0.00 0.00 1.00 0.00 0.10 83 255 1.00 0.00 0.01 0.02 0.00 0.00 0.00 0.00
1 0 256 125015 0 0 0 0 0 0 0 0 0 0 0 0 9 11 0.00 0.00 0.00 0.00 1.00 0.00 0.27 93 255 1.00 0.00 0.01 0.02 0.00 0.00 0.00 0.00
1 0 247 19361 0 0 0 0 0 0 0 0 0 0 0 0 19 21 0.00 0.00 0.00 0.00 1.00 0.00 0.14 103 255 1.00 0.00 0.02 0.02 0.00 0.00 0.00 0.00
1 0 204 569 0 0 0 0 0 0 0 0 0 0 0 0 9 9 0.00 0.00 0.00 0.00 1.00 0.00 0.00 9 255 1.00 0.00 0.11 0.03 0.00 0.00 0.00 0.00
1 0 232 15681 0 0 0 0 0 0 0 0 0 0 0 0 1 1 0.00 0.00 0.00 0.00 1.00 0.00 0.00 1 255 1.00 0.00 1.00 0.03 0.00 0.00 0.00 0.00
1 0 295 604 0 0 0 0 0 0 0 0 0 0 0 0 11 11 0.00 0.00 0.00 0.00 1.00 0.00 0.00 11 255 1.00 0.00 0.09 0.03 0.00 0.00 0.00 0.00
1 0 302 347 0 0 0 0 0 0 0 0 0 0 0 0 21 21 0.00 0.00 0.00 0.00 1.00 0.00 0.00 21 255 1.00 0.00 0.05 0.03 0.00 0.00 0.00 0.00
1 0 344 572 0 0 0 0 0 0 0 0 0 0 0 0 7 17 0.00 0.00 0.00 0.00 1.00 0.00 0.12 31 255 1.00 0.00 0.03 0.03 0.00 0.00 0.00 0.00
1 0 358 2811 0 0 0 0 0 0 0 0 0 0 0 0 17 27 0.00 0.00 0.00 0.00 1.00 0.00 0.07 41 255 1.00 0.00 0.02 0.03 0.00 0.00 0.00 0.00
1 0 239 1519 0 0 0 0 0 0 0 0 0 0 0 0 1 1 0.00 0.00 0.00 0.00 1.00 0.00 0.00 8 255 1.00 0.00 0.12 0.03 0.00 0.00 0.00 0.00
1 0 335 2415 0 0 0 0 0 0 0 0 0 0 0 0 9 29 0.00 0.00 0.00 0.00 1.00 0.00 0.07 9 255 1.00 0.00 0.11 0.04 0.00 0.00 0.00 0.00
1 0 246 1243 0 0 0 0 0 0 0 0 0 0 0 0 4 4 0.00 0.00 0.00 0.00 1.00 0.00 0.00 4 255 1.00 0.00 0.25 0.04 0.00 0.00 0.00 0.00
1 0 167 3503 0 0 0 0 0 0 0 0 0 0 0 0 3 3 0.00 0.00 0.00 0.00 1.00 0.00 0.00 14 255 1.00 0.00 0.07 0.04 0.00 0.00 0.00 0.00
1 0 240 2037 0 0 0 0 0 0 0 0 0 0 0 0 2 2 0.00 0.00 0.00 0.00 1.00 0.00 0.00 24 255 1.00 0.00 0.04 0.04 0.00 0.00 0.00 0.00
1 0 226 51100 0 0 0 0 0 0 0 0 0 0 0 0 5 6 0.20 0.17 0.00 0.00 1.00 0.00 0.33 34 255 1.00 0.00 0.03 0.04 0.03 0.00 0.00 0.00
1 0 250 80263 0 0 0 0 0 0 0 0 0 0 0 0 3 3 0.00 0.00 0.00 0.00 1.00 0.00 0.00 44 255 1.00 0.00 0.02 0.04 0.02 0.00 0.00 0.00
1 0 241 913 0 0 0 0 0 0 0 0 0 0 0 0 13 13 0.00 0.00 0.00 0.00 1.00 0.00 0.00 54 255 1.00 0.00 0.02 0.03 0.02 0.00 0.00 0.00
1 0 274 9439 0 0 0 0 0 0 0 0 0 0 0 0 3 3 0.00 0.00 0.00 0.00 1.00 0.00 0.00 64 255 1.00 0.00 0.02 0.03 0.02 0.00 0.00 0.00
1 0 349 2028 0 0 0 0 0 0 0 0 0 0 0 0 13 13 0.00 0.00 0.00 0.00 1.00 0.00 0.00 74 255 1.00 0.00 0.01 0.02 0.01 0.00 0.00 0.00
1 0 340 1987 0 0 0 0 0 0 0 0 0 0 0 0 23 23 0.00 0.00 0.00 0.00 1.00 0.00 0.00 84 255 1.00 0.00 0.01 0.02 0.01 0.00 0.00 0.00
1 0 343 5109 0 0 0 0 0 0 0 0 0 0 0 0 33 33 0.00 0.00 0.00 0.00 1.00 0.00 0.00 94 255 1.00 0.00 0.01 0.02 0.01 0.00 0.00 0.00
1 0 231 3105 0 0 0 0 0 0 0 0 0 0 0 0 7 8 0.00 0.00 0.00 0.00 1.00 0.00 0.25 104 255 1.00 0.00 0.01 0.02 0.01 0.00 0.00 0.00
1 0 211 373 0 0 0 0 0 0 0 0 0 0 0 0 6 6 0.00 0.00 0.00 0.00 1.00 0.00 0.00 114 255 1.00 0.00 0.01 0.02 0.01 0.00 0.00 0.00
1 0 221 913 0 0 0 0 0 0 0 0 0 0 0 0 9 9 0.00 0.00 0.00 0.00 1.00 0.00 0.00 124 255 1.00 0.00 0.01 0.02 0.01 0.00 0.00 0.00
1 0 241 913 0 0 0 0 0 0 0 0 0 0 0 0 6 6 0.00 0.00 0.00 0.00 1.00 0.00 0.00 134 255 1.00 0.00 0.01 0.02 0.01 0.00 0.00 0.00
1 0 312 13647 0 0 0 0 0 0 0 0 0 0 0 0 3 10 0.00 0.00 0.00 0.00 1.00 0.00 0.30 144 255 1.00 0.00 0.01 0.02 0.01 0.00 0.00 0.00
1 0 297 373 0 0 0 0 0 0 0 0 0 0 0 0 2 3 0.00 0.00 0.00 0.00 1.00 0.00 0.67 154 255 1.00 0.00 0.01 0.02 0.01 0.00 0.00 0.00
1 0 307 913 0 0 0 0 0 0 0 0 0 0 0 0 5 17 0.00 0.00 0.00 0.00 1.00 0.00 0.12 164 255 1.00 0.00 0.01 0.02 0.01 0.00 0.00 0.00
1 0 266 3028 0 0 0 0 0 0 0 0 0 0 0 0 2 2 0.00 0.00 0.00 0.00 1.00 0.00 0.00 174 255 1.00 0.00 0.01 0.02 0.01 0.00 0.00 0.00
1 0 324 2002 0 0 0 0 0 0 0 0 0 0 0 0 12 12 0.00 0.00 0.00 0.00 1.00 0.00 0.00 184 255 1.00 0.00 0.01 0.02 0.01 0.00 0.00 0.00
1 0 310 433 0 0 0 0 0 0 0 0 0 0 0 0 9 9 0.00 0.00 0.00 0.00 1.00 0.00 0.00 9 255 1.00 0.00 0.11 0.02 0.00 0.00 0.00 0.00
1 0 308 404 0 0 0 0 0 0 0 0 0 0 0 0 19 19 0.00 0.00 0.00 0.00 1.00 0.00 0.00 19 255 1.00 0.00 0.05 0.02 0.00 0.00 0.00 0.00
1 0 310 654 0 0 0 0 0 0 0 0 0 0 0 0 29 29 0.00 0.00 0.00 0.00 1.00 0.00 0.00 29 255 1.00 0.00 0.03 0.02 0.00 0.00 0.00 0.00
1 0 312 1359 0 0 0 0 0 0 0 0 0 0 0 0 6 6 0.00 0.00 0.00 0.00 1.00 0.00 0.00 6 255 1.00 0.00 0.17 0.03 0.00 0.00 0.00 0.00
1 0 319 525 0 0 0 0 0 0 0 0 0 0 0 0 16 16 0.00 0.00 0.00 0.00 1.00 0.00 0.00 16 255 1.00 0.00 0.06 0.02 0.00 0.00 0.00 0.00
1 0 309 1748 0 0 0 0 0 0 0 0 0 0 0 0 9 9 0.00 0.00 0.00 0.00 1.00 0.00 0.00 26 255 1.00 0.00 0.04 0.02 0.00 0.00 0.00 0.00
1 0 245 15385 0 0 0 0 0 0 0 0 0 0 0 0 2 2 0.00 0.00 0.00 0.00 1.00 0.00 0.00 36 255 1.00 0.00 0.03 0.02 0.00 0.00 0.00 0.00
1 0 315 525 0 0 0 0 0 0 0 0 0 0 0 0 12 12 0.00 0.00 0.00 0.00 1.00 0.00 0.00 46 255 1.00 0.00 0.02 0.02 0.00 0.00 0.00 0.00
1 0 300 1649 0 0 0 0 0 0 0 0 0 0 0 0 22 22 0.00 0.00 0.00 0.00 1.00 0.00 0.00 56 255 1.00 0.00 0.02 0.02 0.00 0.00 0.00 0.00
1 0 212 1292 0 0 0 0 0 0 0 0 0 0 0 0 8 8 0.00 0.00 0.00 0.00 1.00 0.00 0.00 8 255 1.00 0.00 0.12 0.02 0.00 0.00 0.00 0.00
1 0 210 18479 0 0 0 0 0 0 0 0 0 0 0 0 18 18 0.00 0.00 0.00 0.00 1.00 0.00 0.00 18 255 1.00 0.00 0.06 0.02 0.00 0.00 0.00 0.00
1 0 234 1578 0 0 0 0 0 0 0 0 0 0 0 0 10 10 0.00 0.00 0.00 0.00 1.00 0.00 0.00 28 255 1.00 0.00 0.04 0.02 0.00 0.00 0.00 0.00
1 0 218 1155 0 0 0 0 0 0 0 0 0 0 0 0 2 2 0.00 0.00 0.00 0.00 1.00 0.00 0.00 8 255 1.00 0.00 0.12 0.02 0.00 0.00 0.00 0.00
1 0 199 1183 0 0 0 0 0 0 0 0 0 0 0 0 1 24 0.00 0.00 0.00 0.00 1.00 0.00 0.12 4 255 1.00 0.00 0.25 0.03 0.00 0.00 0.00 0.00
1 0 283 1668 0 0 0 0 0 0 0 0 0 0 0 0 3 3 0.00 0.00 0.00 0.00 1.00 0.00 0.00 3 255 1.00 0.00 0.33 0.03 0.00 0.00 0.00 0.00
1 0 284 8141 0 0 0 0 0 0 0 0 0 0 0 0 13 13 0.00 0.00 0.00 0.00 1.00 0.00 0.00 13 255 1.00 0.00 0.08 0.03 0.00 0.00 0.00 0.00
1 0 296 2810 0 0 0 0 0 0 0 0 0 0 0 0 5 5 0.00 0.00 0.00 0.00 1.00 0.00 0.00 23 255 1.00 0.00 0.04 0.03 0.00 0.00 0.00 0.00
1 0 291 1236 0 0 0 0 0 0 0 0 0 0 0 0 3 3 0.33 0.33 0.00 0.00 1.00 0.00 0.00 3 255 1.00 0.00 0.33 0.04 0.33 0.00 0.00 0.00
1 0 292 10420 0 0 0 0 0 0 0 0 0 0 0 0 13 13 0.08 0.08 0.00 0.00 1.00 0.00 0.00 13 255 1.00 0.00 0.08 0.04 0.08 0.00 0.00 0.00
1 0 319 1467 0 0 0 0 0 0 0 0 0 0 0 0 23 23 0.04 0.04 0.00 0.00 1.00 0.00 0.00 23 255 1.00 0.00 0.04 0.04 0.04 0.00 0.00 0.00
1 0 301 1349 0 0 0 0 0 0 0 0 0 0 0 0 33 34 0.03 0.03 0.00 0.00 1.00 0.00 0.06 33 255 1.00 0.00 0.03 0.04 0.03 0.00 0.00 0.00
1 0 310 759 0 0 0 0 0 0 0 0 0 0 0 0 1 2 0.00 0.00 0.00 0.00 1.00 0.00 1.00 6 255 1.00 0.00 0.17 0.05 0.00 0.00 0.00 0.00
1 0 192 751 0 0 0 0 0 0 0 0 0 0 0 0 4 15 0.00 0.00 0.00 0.00 1.00 0.00 0.20 16 255 1.00 0.00 0.06 0.05 0.00 0.00 0.00 0.00
1 0 233 760 0 0 0 0 0 0 0 0 0 0 0 0 2 6 0.00 0.00 0.00 0.00 1.00 0.00 0.67 26 255 1.00 0.00 0.04 0.05 0.00 0.00 0.00 0.00
1 0 279 757 0 0 0 0 0 0 0 0 0 0 0 0 3 8 0.00 0.00 0.00 0.00 1.00 0.00 0.25 36 255 1.00 0.00 0.03 0.05 0.00 0.00 0.00 0.00
1 0 279 751 0 0 0 0 0 0 0 0 0 0 0 0 4 8 0.00 0.00 0.00 0.00 1.00 0.00 0.25 46 255 1.00 0.00 0.02 0.05 0.00 0.00 0.00 0.00
1 0 209 757 0 0 0 0 0 0 0 0 0 0 0 0 2 3 0.00 0.00 0.00 0.00 1.00 0.00 0.67 56 255 1.00 0.00 0.02 0.05 0.00 0.00 0.00 0.00
1 0 209 757 0 0 0 0 0 0 0 0 0 0 0 0 3 8 0.00 0.00 0.00 0.00 1.00 0.00 0.25 66 255 1.00 0.00 0.02 0.05 0.00 0.00 0.00 0.00
1 0 235 760 0 0 0 0 0 0 0 0 0 0 0 0 1 13 0.00 0.00 0.00 0.00 1.00 0.00 0.15 76 255 1.00 0.00 0.01 0.04 0.00 0.00 0.00 0.00
1 0 210 755 0 0 0 0 0 0 0 0 0 0 0 0 1 2 0.00 0.00 0.00 0.00 1.00 0.00 1.00 86 255 1.00 0.00 0.01 0.04 0.00 0.00 0.00 0.00
1 0 208 751 0 0 0 0 0 0 0 0 0 0 0 0 2 8 0.00 0.00 0.00 0.00 1.00 0.00 0.25 96 255 1.00 0.00 0.01 0.04 0.00 0.00 0.00 0.00
1 0 349 578 0 0 0 0 0 0 0 0 0 0 0 0 1 1 0.00 0.00 0.00 0.00 1.00 0.00 0.00 106 255 1.00 0.00 0.01 0.04 0.00 0.00 0.00 0.00
1 0 279 751 0 0 0 0 0 0 0 0 0 0 0 0 4 15 0.00 0.00 0.00 0.00 1.00 0.00 0.13 116 255 1.00 0.00 0.01 0.04 0.00 0.00 0.00 0.00
1 0 192 757 0 0 0 0 0 0 0 0 0 0 0 0 2 5 0.00 0.00 0.00 0.00 1.00 0.00 0.40 126 255 1.00 0.00 0.01 0.04 0.00 0.00 0.00 0.00
1 0 279 757 0 0 0 0 0 0 0 0 0 0 0 0 4 8 0.00 0.00 0.00 0.00 1.00 0.00 0.25 136 255 1.00 0.00 0.01 0.04 0.00 0.00 0.00 0.00
1 0 208 751 0 0 0 0 0 0 0 0 0 0 0 0 4 12 0.00 0.00 0.00 0.00 1.00 0.00 0.17 146 255 1.00 0.00 0.01 0.04 0.00 0.00 0.00 0.00
1 0 256 758 0 0 0 0 0 0 0 0 0 0 0 0 2 12 0.00 0.00 0.00 0.00 1.00 0.00 0.25 156 255 1.00 0.00 0.01 0.04 0.00 0.00 0.00 0.00
1 0 286 1054 0 0 0 0 0 0 0 0 0 0 0 0 4 4 0.00 0.00 0.00 0.00 1.00 0.00 0.00 4 255 1.00 0.00 0.25 0.04 0.00 0.00 0.00 0.00
1 0 230 1092 0 0 0 0 0 0 0 0 0 0 0 0 14 14 0.00 0.00 0.00 0.00 1.00 0.00 0.00 14 255 1.00 0.00 0.07 0.04 0.00 0.00 0.00 0.00
1 0 141 16617 0 0 0 0 0 0 0 0 0 0 0 0 1 1 0.00 0.00 0.00 0.00 1.00 0.00 0.00 3 255 1.00 0.00 0.33 0.04 0.00 0.00 0.00 0.00
1 0 187 1046 0 0 0 0 0 0 0 0 0 0 0 0 11 15 0.00 0.00 0.00 0.00 1.00 0.00 0.13 13 255 1.00 0.00 0.08 0.04 0.00 0.00 0.00 0.00
1 0 304 784 0 0 0 0 0 0 0 0 0 0 0 0 5 6 0.00 0.00 0.00 0.00 1.00 0.00 0.33 23 255 1.00 0.00 0.04 0.04 0.00 0.00 0.00 0.00
1 0 185 1263 0 0 0 0 0 0 0 0 0 0 0 0 4 20 0.00 0.00 0.00 0.00 1.00 0.00 0.15 33 255 1.00 0.00 0.03 0.03 0.00 0.00 0.00 0.00
1 0 220 891 0 0 0 0 0 0 0 0 0 0 0 0 4 6 0.00 0.00 0.00 0.00 1.00 0.00 0.50 43 255 1.00 0.00 0.02 0.03 0.00 0.00 0.00 0.00
1 0 185 1263 0 0 0 0 0 0 0 0 0 0 0 0 2 9 0.00 0.00 0.00 0.00 1.00 0.00 0.33 53 255 1.00 0.00 0.02 0.03 0.00 0.00 0.00 0.00
1 0 221 316 0 0 0 0 0 0 0 0 0 0 0 0 1 4 0.00 0.00 0.00 0.00 1.00 0.00 0.75 63 255 1.00 0.00 0.02 0.03 0.00 0.00 0.00 0.00
1 0 141 16617 0 0 0 0 0 0 0 0 0 0 0 0 1 1 0.00 0.00 0.00 0.00 1.00 0.00 0.00 73 255 1.00 0.00 0.01 0.02 0.00 0.00 0.00 0.00
1 0 191 934 0 0 0 0 0 0 0 0 0 0 0 0 11 15 0.00 0.00 0.00 0.00 1.00 0.00 0.13 83 255 1.00 0.00 0.01 0.02 0.00 0.00 0.00 0.00
1 0 221 934 0 0 0 0 0 0 0 0 0 0 0 0 10 26 0.00 0.00 0.00 0.00 1.00 0.00 0.12 93 255 1.00 0.00 0.01 0.02 0.00 0.00 0.00 0.00
1 0 229 1263 0 0 0 0 0 0 0 0 0 0 0 0 8 13 0.00 0.00 0.00 0.00 1.00 0.00 0.31 103 255 1.00 0.00 0.01 0.02 0.00 0.00 0.00 0.00
1 0 214 1319 0 0 0 0 0 0 0 0 0 0 0 0 8 9 0.00 0.00 0.00 0.00 1.00 0.00 0.22 113 255 1.00 0.00 0.01 0.02 0.00 0.00 0.00 0.00
1 0 278 944 0 0 0 0 0 0 0 0 0 0 0 0 4 5 0.00 0.00 0.00 0.00 1.00 0.00 0.40 123 255 1.00 0.00 0.01 0.02 0.00 0.00 0.00 0.00
1 0 296 784 0 0 0 0 0 0 0 0 0 0 0 0 3 4 0.00 0.00 0.00 0.00 1.00 0.00 0.50 133 255 1.00 0.00 0.01 0.02 0.00 0.00 0.00 0.00
1 0 228 16617 0 0 0 0 0 0 0 0 0 0 0 0 1 1 0.00 0.00 0.00 0.00 1.00 0.00 0.00 143 255 1.00 0.00 0.01 0.02 0.00 0.00 0.00 0.00
1 0 278 934 0 0 0 0 0 0 0 0 0 0 0 0 11 15 0.00 0.00 0.00 0.00 1.00 0.00 0.13 153 255 1.00 0.00 0.01 0.02 0.00 0.00 0.00 0.00
1 0 303 308 0 0 0 0 0 0 0 0 0 0 0 0 10 11 0.00 0.00 0.00 0.00 1.00 0.00 0.18 163 255 1.00 0.00 0.01 0.02 0.00 0.00 0.00 0.00
1 0 307 891 0 0 0 0 0 0 0 0 0 0 0 0 8 12 0.00 0.00 0.00 0.00 1.00 0.00 0.17 173 255 1.00 0.00 0.01 0.02 0.00 0.00 0.00 0.00
1 0 276 308 0 0 0 0 0 0 0 0 0 0 0 0 6 10 0.00 0.00 0.00 0.00 1.00 0.00 0.20 183 255 1.00 0.00 0.01 0.02 0.00 0.00 0.00 0.00
1 0 300 2325 0 0 0 0 0 0 0 0 0 0 0 0 6 7 0.00 0.00 0.00 0.00 1.00 0.00 0.29 193 255 1.00 0.00 0.01 0.02 0.00 0.00 0.00 0.00
1 0 202 784 0 0 0 0 0 0 0 0 0 0 0 0 4 4 0.00 0.00 0.00 0.00 1.00 0.00 0.00 203 255 1.00 0.00 0.00 0.02 0.00 0.00 0.00 0.00
1 0 308 316 0 0 0 0 0 0 0 0 0 0 0 0 3 4 0.00 0.00 0.00 0.00 1.00 0.00 0.50 213 255 1.00 0.00 0.00 0.02 0.00 0.00 0.00 0.00
1 0 303 784 0 0 0 0 0 0 0 0 0 0 0 0 3 4 0.00 0.00 0.00 0.00 1.00 0.00 0.50 223 255 1.00 0.00 0.00 0.02 0.00 0.00 0.00 0.00
1 0 158 16617 0 0 0 0 0 0 0 0 0 0 0 0 1 1 0.00 0.00 0.00 0.00 1.00 0.00 0.00 233 255 1.00 0.00 0.00 0.02 0.00 0.00 0.00 0.00
1 0 208 2071 0 0 0 0 0 0 0 0 0 0 0 0 11 15 0.00 0.00 0.00 0.00 1.00 0.00 0.13 243 255 1.00 0.00 0.00 0.01 0.00 0.00 0.00 0.00
1 0 228 784 0 0 0 0 0 0 0 0 0 0 0 0 10 16 0.00 0.00 0.00 0.00 1.00 0.00 0.19 253 255 1.00 0.00 0.00 0.01 0.00 0.00 0.00 0.00
1 0 191 891 0 0 0 0 0 0 0 0 0 0 0 0 6 10 0.00 0.00 0.00 0.00 1.00 0.00 0.20 255 255 1.00 0.00 0.00 0.00 0.00 0.00 0.00 0.00
1 0 208 944 0 0 0 0 0 0 0 0 0 0 0 0 5 7 0.00 0.00 0.00 0.00 1.00 0.00 0.29 255 255 1.00 0.00 0.00 0.00 0.00 0.00 0.00 0.00
1 0 217 841 0 0 0 0 0 0 0 0 0 0 0 0 4 5 0.00 0.00 0.00 0.00 1.00 0.00 0.40 255 255 1.00 0.00 0.00 0.00 0.00 0.00 0.00 0.00
1 0 220 963 0 0 0 0 0 0 0 0 0 0 0 0 14 15 0.00 0.00 0.00 0.00 1.00 0.00 0.13 255 255 1.00 0.00 0.00 0.00 0.00 0.00 0.00 0.00
1 0 219 5667 0 0 0 0 0 0 0 0 0 0 0 0 24 25 0.00 0.00 0.00 0.00 1.00 0.00 0.08 255 255 1.00 0.00 0.00 0.00 0.00 0.00 0.00 0.00
1 0 208 2071 0 0 0 0 0 0 0 0 0 0 0 0 8 11 0.00 0.00 0.00 0.00 1.00 0.00 0.18 255 255 1.00 0.00 0.00 0.00 0.00 0.00 0.00 0.00
1 0 226 944 0 0 0 0 0 0 0 0 0 0 0 0 7 7 0.00 0.00 0.00 0.00 1.00 0.00 0.00 255 255 1.00 0.00 0.00 0.00 0.00 0.00 0.00 0.00
1 0 203 316 0 0 0 0 0 0 0 0 0 0 0 0 9 11 0.00 0.00 0.00 0.00 1.00 0.00 0.18 255 255 1.00 0.00 0.00 0.00 0.00 0.00 0.00 0.00
1 0 230 1046 0 0 0 0 0 0 0 0 0 0 0 0 8 8 0.00 0.00 0.00 0.00 1.00 0.00 0.00 255 255 1.00 0.00 0.00 0.00 0.00 0.00 0.00 0.00
1 0 218 891 0 0 0 0 0 0 0 0 0 0 0 0 6 6 0.00 0.00 0.00 0.00 1.00 0.00 0.00 255 255 1.00 0.00 0.00 0.00 0.00 0.00 0.00 0.00
1 0 203 1367 0 0 0 0 0 0 0 0 0 0 0 0 4 4 0.00 0.00 0.00 0.00 1.00 0.00 0.00 255 255 1.00 0.00 0.00 0.00 0.00 0.00 0.00 0.00
1 0 204 1046 0 0 0 0 0 0 0 0 0 0 0 0 3 3 0.00 0.00 0.00 0.00 1.00 0.00 0.00 255 255 1.00 0.00 0.00 0.00 0.00 0.00 0.00 0.00
1 0 217 784 0 0 0 0 0 0 0 0 0 0 0 0 2 45 0.00 0.00 0.00 0.00 1.00 0.00 0.11 255 255 1.00 0.00 0.00 0.00 0.00 0.00 0.00 0.00
1 0 203 1263 0 0 0 0 0 0 0 0 0 0 0 0 2 3 0.00 0.00 0.00 0.00 1.00 0.00 0.67 255 255 1.00 0.00 0.00 0.00 0.00 0.00 0.00 0.00
1 0 236 7355 0 0 0 0 0 0 0 0 0 0 0 0 1 1 0.00 0.00 0.00 0.00 1.00 0.00 0.00 255 255 1.00 0.00 0.01 0.00 0.00 0.00 0.00 0.00
1 0 235 934 0 0 0 0 0 0 0 0 0 0 0 0 11 12 0.00 0.00 0.00 0.00 1.00 0.00 0.17 255 255 1.00 0.00 0.01 0.00 0.00 0.00 0.00 0.00
1 0 304 1046 0 0 0 0 0 0 0 0 0 0 0 0 8 11 0.00 0.00 0.00 0.00 1.00 0.00 0.18 255 255 1.00 0.00 0.01 0.00 0.00 0.00 0.00 0.00
1 0 207 2071 0 0 0 0 0 0 0 0 0 0 0 0 6 7 0.00 0.00 0.00 0.00 1.00 0.00 0.29 255 255 1.00 0.00 0.00 0.00 0.00 0.00 0.00 0.00
1 0 236 1187 0 0 0 0 0 0 0 0 0 0 0 0 6 7 0.00 0.00 0.00 0.00 1.00 0.00 0.29 255 255 1.00 0.00 0.00 0.00 0.00 0.00 0.00 0.00
1 0 303 784 0 0 0 0 0 0 0 0 0 0 0 0 2 2 0.00 0.00 0.00 0.00 1.00 0.00 0.00 255 255 1.00 0.00 0.00 0.00 0.00 0.00 0.00 0.00
1 0 288 22351 0 0 0 0 0 0 0 0 0 0 0 0 1 1 0.00 0.00 0.00 0.00 1.00 0.00 0.00 255 255 1.00 0.00 0.00 0.00 0.00 0.00 0.00 0.00
1 0 334 1046 0 0 0 0 0 0 0 0 0 0 0 0 11 12 0.00 0.00 0.00 0.00 1.00 0.00 0.17 255 255 1.00 0.00 0.00 0.00 0.00 0.00 0.00 0.00
1 0 352 944 0 0 0 0 0 0 0 0 0 0 0 0 9 13 0.00 0.00 0.00 0.00 1.00 0.00 0.23 255 255 1.00 0.00 0.00 0.00 0.00 0.00 0.00 0.00
1 0 280 2071 0 0 0 0 0 0 0 0 0 0 0 0 5 28 0.00 0.00 0.00 0.00 1.00 0.00 0.18 255 255 1.00 0.00 0.00 0.00 0.00 0.00 0.00 0.00
1 0 291 2111 0 0 0 0 0 0 0 0 0 0 0 0 2 3 0.00 0.00 0.00 0.00 1.00 0.00 0.67 255 255 1.00 0.00 0.00 0.00 0.00 0.00 0.00 0.00
1 0 278 944 0 0 0 0 0 0 0 0 0 0 0 0 3 4 0.00 0.00 0.00 0.00 1.00 0.00 0.50 255 255 1.00 0.00 0.00 0.00 0.00 0.00 0.00 0.00
1 0 303 934 0 0 0 0 0 0 0 0 0 0 0 0 2 3 0.00 0.00 0.00 0.00 1.00 0.00 0.67 255 255 1.00 0.00 0.00 0.00 0.00 0.00 0.00 0.00
1 0 297 1263 0 0 0 0 0 0 0 0 0 0 0 0 12 14 0.00 0.00 0.00 0.00 1.00 0.00 0.21 255 255 1.00 0.00 0.00 0.00 0.00 0.00 0.00 0.00
1 0 273 316 0 0 0 0 0 0 0 0 0 0 0 0 9 17 0.00 0.00 0.00 0.00 1.00 0.00 0.18 255 255 1.00 0.00 0.00 0.00 0.00 0.00 0.00 0.00
1 0 302 308 0 0 0 0 0 0 0 0 0 0 0 0 8 9 0.00 0.00 0.00 0.00 1.00 0.00 0.22 255 255 1.00 0.00 0.00 0.00 0.00 0.00 0.00 0.00
1 0 278 308 0 0 0 0 0 0 0 0 0 0 0 0 9 12 0.00 0.00 0.00 0.00 1.00 0.00 0.17 255 255 1.00 0.00 0.00 0.00 0.00 0.00 0.00 0.00
1 0 141 16617 0 0 0 0 0 0 0 0 0 0 0 0 9 13 0.00 0.00 0.00 0.00 1.00 0.00 0.15 255 255 1.00 0.00 0.00 0.00 0.00 0.00 0.00 0.00
1 0 216 316 0 0 0 0 0 0 0 0 0 0 0 0 6 8 0.00 0.00 0.00 0.00 1.00 0.00 0.38 255 255 1.00 0.00 0.00 0.00 0.00 0.00 0.00 0.00
1 0 286 1263 0 0 0 0 0 0 0 0 0 0 0 0 7 8 0.00 0.00 0.00 0.00 1.00 0.00 0.25 255 255 1.00 0.00 0.00 0.00 0.00 0.00 0.00 0.00
1 0 217 1046 0 0 0 0 0 0 0 0 0 0 0 0 2 2 0.00 0.00 0.00 0.00 1.00 0.00 0.00 255 255 1.00 0.00 0.00 0.00 0.00 0.00 0.00 0.00
1 0 216 316 0 0 0 0 0 0 0 0 0 0 0 0 12 13 0.00 0.00 0.00 0.00 1.00 0.00 0.15 255 255 1.00 0.00 0.00 0.00 0.00 0.00 0.00 0.00
1 0 278 2071 0 0 0 0 0 0 0 0 0 0 0 0 2 2 0.00 0.00 0.00 0.00 1.00 0.00 0.00 255 255 1.00 0.00 0.00 0.00 0.00 0.00 0.00 0.00
1 0 272 1263 0 0 0 0 0 0 0 0 0 0 0 0 4 5 0.00 0.00 0.00 0.00 1.00 0.00 0.40 255 255 1.00 0.00 0.00 0.00 0.00 0.00 0.00 0.00
1 0 296 784 0 0 0 0 0 0 0 0 0 0 0 0 9 10 0.00 0.00 0.00 0.00 1.00 0.00 0.20 255 255 1.00 0.00 0.00 0.00 0.00 0.00 0.00 0.00
1 0 276 1046 0 0 0 0 0 0 0 0 0 0 0 0 4 4 0.00 0.00 0.00 0.00 1.00 0.00 0.00 255 255 1.00 0.00 0.00 0.00 0.00 0.00 0.00 0.00
1 0 303 944 0 0 0 0 0 0 0 0 0 0 0 0 3 3 0.00 0.00 0.00 0.00 1.00 0.00 0.00 255 255 1.00 0.00 0.00 0.00 0.00 0.00 0.00 0.00
1 0 293 472 0 0 0 0 0 0 0 0 0 0 0 0 3 3 0.00 0.00 0.00 0.00 1.00 0.00 0.00 255 255 1.00 0.00 0.00 0.00 0.00 0.00 0.00 0.00
1 0 202 316 0 0 0 0 0 0 0 0 0 0 0 0 7 10 0.00 0.00 0.00 0.00 1.00 0.00 0.20 255 255 1.00 0.00 0.00 0.00 0.00 0.00 0.00 0.00
1 0 228 784 0 0 0 0 0 0 0 0 0 0 0 0 6 7 0.00 0.00 0.00 0.00 1.00 0.00 0.29 255 255 1.00 0.00 0.00 0.00 0.00 0.00 0.00 0.00
1 0 235 1263 0 0 0 0 0 0 0 0 0 0 0 0 2 4 0.00 0.00 0.00 0.00 1.00 0.00 0.75 255 255 1.00 0.00 0.00 0.00 0.00 0.00 0.00 0.00
1 0 304 316 0 0 0 0 0 0 0 0 0 0 0 0 1 1 0.00 0.00 0.00 0.00 1.00 0.00 0.00 255 255 1.00 0.00 0.00 0.00 0.00 0.00 0.00 0.00
1 0 215 316 0 0 0 0 0 0 0 0 0 0 0 0 10 12 0.00 0.00 0.00 0.00 1.00 0.00 0.17 255 255 1.00 0.00 0.00 0.00 0.00 0.00 0.00 0.00
1 0 235 1263 0 0 0 0 0 0 0 0 0 0 0 0 9 29 0.00 0.00 0.00 0.00 1.00 0.00 0.14 255 255 1.00 0.00 0.00 0.00 0.00 0.00 0.00 0.00
1 0 258 944 0 0 0 0 0 0 0 0 0 0 0 0 10 13 0.00 0.00 0.00 0.00 1.00 0.00 0.23 255 255 1.00 0.00 0.00 0.00 0.00 0.00 0.00 0.00
1 0 308 2071 0 0 0 0 0 0 0 0 0 0 0 0 7 9 0.00 0.00 0.00 0.00 1.00 0.00 0.22 255 255 1.00 0.00 0.00 0.00 0.00 0.00 0.00 0.00
1 0 244 27498 0 0 0 0 0 0 0 0 0 0 0 0 5 5 0.20 0.20 0.00 0.00 1.00 0.00 0.00 255 255 1.00 0.00 0.00 0.00 0.00 0.00 0.00 0.00
1 0 239 554 0 0 0 0 0 0 0 0 0 0 0 0 1 9 0.00 0.00 0.00 0.00 1.00 0.00 0.22 7 255 1.00 0.00 0.14 0.01 0.00 0.00 0.00 0.00
1 60 306 8564 0 0 0 0 0 0 0 0 0 0 0 0 1 1 0.00 0.00 0.00 0.00 1.00 0.00 0.00 1 255 1.00 0.00 1.00 0.02 0.00 0.00 0.00 0.00
1 0 227 1216 0 0 0 0 0 0 0 0 0 0 0 0 10 10 0.00 0.00 0.00 0.00 1.00 0.00 0.00 10 255 1.00 0.00 0.10 0.02 0.00 0.00 0.00 0.00
1 0 226 358 0 0 0 0 0 0 0 0 0 0 0 0 20 20 0.00 0.00 0.00 0.00 1.00 0.00 0.00 20 255 1.00 0.00 0.05 0.02 0.00 0.00 0.00 0.00
1 0 241 1806 0 0 0 0 0 0 0 0 0 0 0 0 4 4 0.00 0.00 0.00 0.00 1.00 0.00 0.00 30 255 1.00 0.00 0.03 0.02 0.00 0.00 0.00 0.00
1 0 245 1922 0 0 0 0 0 0 0 0 0 0 0 0 14 14 0.00 0.00 0.00 0.00 1.00 0.00 0.00 40 255 1.00 0.00 0.03 0.02 0.00 0.00 0.00 0.00
1 0 236 3090 0 0 0 0 0 0 0 0 0 0 0 0 3 3 0.00 0.00 0.00 0.00 1.00 0.00 0.00 6 255 1.00 0.00 0.17 0.03 0.00 0.00 0.00 0.00
1 0 192 9406 0 0 0 0 0 0 0 0 0 0 0 0 2 2 0.00 0.00 0.00 0.00 1.00 0.00 0.00 10 255 1.00 0.00 0.10 0.04 0.00 0.00 0.00 0.00
1 0 257 638 0 0 0 0 0 0 0 0 0 0 0 0 4 4 0.00 0.00 0.00 0.00 1.00 0.00 0.00 4 255 1.00 0.00 0.25 0.04 0.00 0.00 0.00 0.00
1 0 263 1326 0 0 0 0 0 0 0 0 0 0 0 0 14 14 0.00 0.00 0.00 0.00 1.00 0.00 0.00 14 255 1.00 0.00 0.07 0.04 0.00 0.00 0.00 0.00
1 0 239 954 0 0 0 0 0 0 0 0 0 0 0 0 1 3 0.00 0.00 0.00 0.00 1.00 0.00 1.00 24 255 1.00 0.00 0.04 0.04 0.00 0.00 0.00 0.00
1 0 236 599 0 0 0 0 0 0 0 0 0 0 0 0 5 5 0.00 0.00 0.00 0.00 1.00 0.00 0.00 34 255 1.00 0.00 0.03 0.04 0.00 0.00 0.00 0.00
1 0 224 342 0 0 0 0 0 0 0 0 0 0 0 0 15 15 0.00 0.00 0.00 0.00 1.00 0.00 0.00 44 255 1.00 0.00 0.02 0.04 0.00 0.00 0.00 0.00
1 0 221 954 0 0 0 0 0 0 0 0 0 0 0 0 25 27 0.00 0.00 0.00 0.00 1.00 0.00 0.11 54 255 1.00 0.00 0.02 0.04 0.00 0.00 0.00 0.00
1 0 268 970 0 0 0 0 0 0 0 0 0 0 0 0 6 6 0.00 0.00 0.00 0.00 1.00 0.00 0.00 64 255 1.00 0.00 0.02 0.04 0.00 0.00 0.00 0.00
1 0 239 279 0 0 0 0 0 0 0 0 0 0 0 0 16 16 0.00 0.00 0.00 0.00 1.00 0.00 0.00 74 255 1.00 0.00 0.01 0.04 0.00 0.00 0.00 0.00
1 0 193 1093 0 0 0 0 0 0 0 0 0 0 0 0 1 1 0.00 0.00 0.00 0.00 1.00 0.00 0.00 84 255 1.00 0.00 0.01 0.04 0.00 0.00 0.00 0.00
1 0 268 970 0 0 0 0 0 0 0 0 0 0 0 0 3 3 0.00 0.00 0.00 0.00 1.00 0.00 0.00 94 255 1.00 0.00 0.01 0.04 0.00 0.00 0.00 0.00
1 0 291 616 0 0 0 0 0 0 0 0 0 0 0 0 8 8 0.00 0.00 0.00 0.00 1.00 0.00 0.00 104 255 1.00 0.00 0.01 0.04 0.00 0.00 0.00 0.00
1 0 212 920 0 0 0 0 0 0 0 0 0 0 0 0 1 4 0.00 0.00 0.00 0.00 1.00 0.00 0.50 114 255 1.00 0.00 0.01 0.04 0.00 0.00 0.00 0.00
1 0 223 5668 0 0 0 0 0 0 0 0 0 0 0 0 9 9 0.00 0.00 0.00 0.00 1.00 0.00 0.00 124 255 1.00 0.00 0.01 0.04 0.00 0.00 0.00 0.00
1 0 236 599 0 0 0 0 0 0 0 0 0 0 0 0 19 19 0.00 0.00 0.00 0.00 1.00 0.00 0.00 134 255 1.00 0.00 0.01 0.04 0.00 0.00 0.00 0.00
1 0 220 1057 0 0 0 0 0 0 0 0 0 0 0 0 4 5 0.00 0.00 0.00 0.00 1.00 0.00 0.40 144 255 1.00 0.00 0.01 0.04 0.00 0.00 0.00 0.00
1 0 198 1111 0 0 0 0 0 0 0 0 0 0 0 0 10 10 0.00 0.00 0.00 0.00 1.00 0.00 0.00 154 255 1.00 0.00 0.01 0.04 0.00 0.00 0.00 0.00
1 0 189 3736 0 0 0 0 0 0 0 0 0 0 0 0 20 20 0.00 0.00 0.00 0.00 1.00 0.00 0.00 164 255 1.00 0.00 0.01 0.04 0.00 0.00 0.00 0.00
1 0 188 4427 0 0 0 0 0 0 0 0 0 0 0 0 5 5 0.00 0.00 0.00 0.00 1.00 0.00 0.00 174 255 1.00 0.00 0.01 0.04 0.00 0.00 0.00 0.00
1 0 300 3376 0 0 0 0 0 0 0 0 0 0 0 0 2 2 0.00 0.00 0.00 0.00 1.00 0.00 0.00 2 255 1.00 0.00 0.50 0.04 0.00 0.00 0.00 0.00
1 0 297 2762 0 0 0 0 0 0 0 0 0 0 0 0 12 12 0.00 0.00 0.00 0.00 1.00 0.00 0.00 12 255 1.00 0.00 0.08 0.03 0.00 0.00 0.00 0.00
1 0 142 6541 0 0 0 0 0 0 0 0 0 0 0 0 1 18 0.00 0.00 0.00 0.00 1.00 0.00 0.17 22 255 1.00 0.00 0.05 0.03 0.00 0.00 0.00 0.00
1 0 180 3061 0 0 0 0 0 0 0 0 0 0 0 0 11 29 0.00 0.00 0.00 0.00 1.00 0.00 0.10 32 255 1.00 0.00 0.03 0.03 0.00 0.00 0.00 0.00
1 0 204 17862 0 0 0 0 0 0 0 0 0 0 0 0 9 12 0.00 0.00 0.00 0.00 1.00 0.00 0.33 42 255 1.00 0.00 0.02 0.03 0.00 0.00 0.00 0.00
1 0 300 3376 0 0 0 0 0 0 0 0 0 0 0 0 10 10 0.00 0.00 0.00 0.00 1.00 0.00 0.00 52 255 1.00 0.00 0.02 0.02 0.00 0.00 0.00 0.00
1 0 321 1349 0 0 0 0 0 0 0 0 0 0 0 0 8 11 0.00 0.00 0.00 0.00 1.00 0.00 0.18 62 255 1.00 0.00 0.02 0.01 0.00 0.00 0.00 0.00
1 0 214 420 0 0 0 0 0 0 0 0 0 0 0 0 5 5 0.00 0.00 0.00 0.00 1.00 0.00 0.00 9 255 1.00 0.00 0.11 0.02 0.00 0.00 0.00 0.00
1 0 215 2842 0 0 0 0 0 0 0 0 0 0 0 0 5 13 0.00 0.00 0.00 0.00 1.00 0.00 0.15 19 255 1.00 0.00 0.05 0.01 0.00 0.00 0.00 0.00
1 0 220 2768 0 0 0 0 0 0 0 0 0 0 0 0 5 10 0.00 0.00 0.00 0.00 1.00 0.00 0.20 29 255 1.00 0.00 0.03 0.01 0.00 0.00 0.00 0.00
1 0 282 805 0 0 0 0 0 0 0 0 0 0 0 0 3 8 0.00 0.00 0.00 0.00 1.00 0.00 0.38 3 255 1.00 0.00 0.33 0.02 0.00 0.00 0.00 0.00
1 0 267 1972 0 0 0 0 0 0 0 0 0 0 0 0 3 3 0.00 0.00 0.00 0.00 1.00 0.00 0.00 13 255 1.00 0.00 0.08 0.02 0.00 0.00 0.00 0.00
1 0 316 4061 0 0 0 0 0 0 0 0 0 0 0 0 6 6 0.00 0.00 0.00 0.00 1.00 0.00 0.00 6 255 1.00 0.00 0.17 0.02 0.00 0.00 0.00 0.00
1 0 317 4894 0 0 0 0 0 0 0 0 0 0 0 0 16 16 0.00 0.00 0.00 0.00 1.00 0.00 0.00 16 255 1.00 0.00 0.06 0.02 0.00 0.00 0.00 0.00
1 0 329 984 0 0 0 0 0 0 0 0 0 0 0 0 26 26 0.00 0.00 0.00 0.00 1.00 0.00 0.00 26 255 1.00 0.00 0.04 0.02 0.00 0.00 0.00 0.00
1 0 313 1337 0 0 0 0 0 0 0 0 0 0 0 0 36 36 0.00 0.00 0.00 0.00 1.00 0.00 0.00 36 255 1.00 0.00 0.03 0.02 0.00 0.00 0.00 0.00
1 0 339 5109 0 0 0 0 0 0 0 0 0 0 0 0 5 5 0.00 0.00 0.00 0.00 1.00 0.00 0.00 46 255 1.00 0.00 0.02 0.02 0.00 0.00 0.00 0.00
1 0 338 5835 0 0 0 0 0 0 0 0 0 0 0 0 3 4 0.00 0.00 0.00 0.00 1.00 0.00 0.50 56 255 1.00 0.00 0.02 0.02 0.00 0.00 0.00 0.00
1 0 214 924 0 0 0 0 0 0 0 0 0 0 0 0 5 23 0.20 0.04 0.00 0.00 1.00 0.00 0.13 66 255 1.00 0.00 0.02 0.02 0.02 0.00 0.00 0.00
1 0 217 654 0 0 0 0 0 0 0 0 0 0 0 0 15 33 0.07 0.03 0.00 0.00 1.00 0.00 0.09 76 255 1.00 0.00 0.01 0.02 0.01 0.00 0.00 0.00
1 0 214 17602 0 0 0 0 0 0 0 0 0 0 0 0 25 43 0.04 0.02 0.00 0.00 1.00 0.00 0.07 86 255 1.00 0.00 0.01 0.02 0.01 0.00 0.00 0.00
1 0 214 1337 0 0 0 0 0 0 0 0 0 0 0 0 35 35 0.03 0.03 0.00 0.00 1.00 0.00 0.00 96 255 1.00 0.00 0.01 0.02 0.01 0.00 0.00 0.00
1 0 200 767 0 0 0 0 0 0 0 0 0 0 0 0 4 14 0.00 0.00 0.00 0.00 1.00 0.00 0.14 106 255 1.00 0.00 0.01 0.02 0.01 0.00 0.00 0.00
1 0 200 4894 0 0 0 0 0 0 0 0 0 0 0 0 14 24 0.00 0.00 0.00 0.00 1.00 0.00 0.08 116 255 1.00 0.00 0.01 0.02 0.01 0.00 0.00 0.00
1 0 211 3218 0 0 0 0 0 0 0 0 0 0 0 0 24 24 0.00 0.00 0.00 0.00 1.00 0.00 0.00 126 255 1.00 0.00 0.01 0.02 0.01 0.00 0.00 0.00
1 0 216 1819 0 0 0 0 0 0 0 0 0 0 0 0 34 34 0.00 0.00 0.00 0.00 1.00 0.00 0.00 136 255 1.00 0.00 0.01 0.02 0.01 0.00 0.00 0.00
1 0 237 4326 0 0 0 0 0 0 0 0 0 0 0 0 3 3 0.00 0.00 0.00 0.00 1.00 0.00 0.00 146 255 1.00 0.00 0.01 0.02 0.01 0.00 0.00 0.00
1 0 146 30113 0 0 0 0 0 0 0 0 0 0 0 0 1 2 0.00 0.00 0.00 0.00 1.00 0.00 1.00 156 255 1.00 0.00 0.01 0.02 0.01 0.00 0.00 0.00
1 0 194 1707 0 0 0 0 0 0 0 0 0 0 0 0 11 12 0.00 0.00 0.00 0.00 1.00 0.00 0.17 166 255 1.00 0.00 0.01 0.02 0.01 0.00 0.00 0.00
1 0 197 2996 0 0 0 0 0 0 0 0 0 0 0 0 21 22 0.00 0.00 0.00 0.00 1.00 0.00 0.09 176 255 1.00 0.00 0.01 0.02 0.01 0.00 0.00 0.00
1 0 200 17733 0 0 0 0 0 0 0 0 0 0 0 0 31 32 0.00 0.00 0.00 0.00 1.00 0.00 0.06 186 255 1.00 0.00 0.01 0.02 0.01 0.00 0.00 0.00
1 0 216 1819 0 0 0 0 0 0 0 0 0 0 0 0 41 41 0.00 0.00 0.00 0.00 1.00 0.00 0.00 196 255 1.00 0.00 0.01 0.02 0.01 0.00 0.00 0.00
1 0 222 1164 0 0 0 0 0 0 0 0 0 0 0 0 10 10 0.00 0.00 0.00 0.00 1.00 0.00 0.00 206 255 1.00 0.00 0.00 0.02 0.00 0.00 0.00 0.00
1 0 215 1985 0 0 0 0 0 0 0 0 0 0 0 0 20 20 0.00 0.00 0.00 0.00 1.00 0.00 0.00 216 255 1.00 0.00 0.00 0.02 0.00 0.00 0.00 0.00
1 0 222 314 0 0 0 0 0 0 0 0 0 0 0 0 6 6 0.00 0.00 0.00 0.00 1.00 0.00 0.00 226 255 1.00 0.00 0.00 0.02 0.00 0.00 0.00 0.00
1 0 220 918 0 0 0 0 0 0 0 0 0 0 0 0 16 16 0.00 0.00 0.00 0.00 1.00 0.00 0.00 236 255 1.00 0.00 0.00 0.02 0.00 0.00 0.00 0.00
1 0 189 978 0 0 0 0 0 0 0 0 0 0 0 0 7 17 0.00 0.00 0.00 0.00 1.00 0.00 0.12 246 255 1.00 0.00 0.00 0.01 0.00 0.00 0.00 0.00
1 0 192 5732 0 0 0 0 0 0 0 0 0 0 0 0 17 17 0.00 0.00 0.00 0.00 1.00 0.00 0.00 255 255 1.00 0.00 0.00 0.00 0.00 0.00 0.00 0.00
1 0 192 2596 0 0 0 0 0 0 0 0 0 0 0 0 27 27 0.00 0.00 0.00 0.00 1.00 0.00 0.00 255 255 1.00 0.00 0.00 0.00 0.00 0.00 0.00 0.00
1 0 192 5628 0 0 0 0 0 0 0 0 0 0 0 0 37 37 0.00 0.00 0.00 0.00 1.00 0.00 0.00 255 255 1.00 0.00 0.00 0.00 0.00 0.00 0.00 0.00
1 0 217 5067 0 0 0 0 0 0 0 0 0 0 0 0 2 2 0.00 0.00 0.00 0.00 1.00 0.00 0.00 255 255 1.00 0.00 0.00 0.00 0.00 0.00 0.00 0.00
1 0 215 8422 0 0 0 0 0 0 0 0 0 0 0 0 9 10 0.00 0.00 0.00 0.00 1.00 0.00 0.20 255 255 1.00 0.00 0.00 0.00 0.00 0.00 0.00 0.00
1 0 230 7208 0 0 0 0 0 0 0 0 0 0 0 0 19 22 0.00 0.00 0.00 0.00 1.00 0.00 0.18 255 255 1.00 0.00 0.00 0.00 0.00 0.00 0.00 0.00
1 0 211 313 0 0 0 0 0 0 0 0 0 0 0 0 29 31 0.00 0.00 0.00 0.00 1.00 0.00 0.10 255 255 1.00 0.00 0.00 0.00 0.00 0.00 0.00 0.00
1 0 232 1035 0 0 0 0 0 0 0 0 0 0 0 0 39 41 0.00 0.00 0.00 0.00 1.00 0.00 0.07 255 255 1.00 0.00 0.00 0.00 0.00 0.00 0.00 0.00
1 0 257 1276 0 0 0 0 0 0 0 0 0 0 0 0 9 13 0.00 0.00 0.00 0.00 1.00 0.00 0.15 255 255 1.00 0.00 0.00 0.00 0.00 0.00 0.00 0.00
1 0 246 7742 0 0 0 0 0 0 0 0 0 0 0 0 19 24 0.00 0.00 0.00 0.00 1.00 0.00 0.08 255 255 1.00 0.00 0.00 0.00 0.00 0.00 0.00 0.00
1 0 186 14064 0 0 0 0 0 0 0 0 0 0 0 0 1 1 0.00 0.00 0.00 0.00 1.00 0.00 0.00 255 255 1.00 0.00 0.00 0.00 0.00 0.00 0.00 0.00
1 0 257 2499 0 0 0 0 0 0 0 0 0 0 0 0 11 16 0.00 0.00 0.00 0.00 1.00 0.00 0.12 255 255 1.00 0.00 0.00 0.00 0.00 0.00 0.00 0.00
1 0 254 327 0 0 0 0 0 0 0 0 0 0 0 0 21 28 0.00 0.00 0.00 0.00 1.00 0.00 0.07 255 255 1.00 0.00 0.00 0.00 0.00 0.00 0.00 0.00
1 0 208 12640 0 0 0 0 0 0 0 0 0 0 0 0 3 3 0.00 0.00 0.00 0.00 1.00 0.00 0.00 255 255 1.00 0.00 0.00 0.00 0.00 0.00 0.00 0.00
1 0 208 17733 0 0 0 0 0 0 0 0 0 0 0 0 13 13 0.00 0.00 0.00 0.00 1.00 0.00 0.00 255 255 1.00 0.00 0.00 0.00 0.00 0.00 0.00 0.00
1 0 205 2996 0 0 0 0 0 0 0 0 0 0 0 0 23 23 0.00 0.00 0.00 0.00 1.00 0.00 0.00 255 255 1.00 0.00 0.00 0.00 0.00 0.00 0.00 0.00
1 0 205 315 0 0 0 0 0 0 0 0 0 0 0 0 33 33 0.00 0.00 0.00 0.00 1.00 0.00 0.00 255 255 1.00 0.00 0.00 0.00 0.00 0.00 0.00 0.00
1 0 216 2596 0 0 0 0 0 0 0 0 0 0 0 0 3 7 0.00 0.00 0.00 0.00 1.00 0.00 0.29 255 255 1.00 0.00 0.00 0.00 0.00 0.00 0.00 0.00
1 0 232 1722 0 0 0 0 0 0 0 0 0 0 0 0 13 17 0.00 0.00 0.00 0.00 1.00 0.00 0.12 255 255 1.00 0.00 0.00 0.00 0.00 0.00 0.00 0.00
1 0 217 658 0 0 0 0 0 0 0 0 0 0 0 0 23 37 0.00 0.00 0.00 0.00 1.00 0.00 0.05 255 255 1.00 0.00 0.00 0.00 0.00 0.00 0.00 0.00
1 0 215 1281 0 0 0 0 0 0 0 0 0 0 0 0 33 50 0.00 0.00 0.00 0.00 1.00 0.00 0.04 255 255 1.00 0.00 0.00 0.00 0.00 0.00 0.00 0.00
1 0 238 321 0 0 0 0 0 0 0 0 0 0 0 0 3 3 0.00 0.00 0.00 0.00 1.00 0.00 0.00 255 255 1.00 0.00 0.00 0.00 0.00 0.00 0.00 0.00
1 0 234 22023 0 0 0 0 0 0 0 0 0 0 0 0 4 4 0.00 0.00 0.00 0.00 1.00 0.00 0.00 255 255 1.00 0.00 0.00 0.00 0.00 0.00 0.00 0.00
1 0 239 3606 0 0 0 0 0 0 0 0 0 0 0 0 4 4 0.00 0.00 0.00 0.00 1.00 0.00 0.00 255 255 1.00 0.00 0.00 0.00 0.00 0.00 0.00 0.00
1 0 239 4656 0 0 0 0 0 0 0 0 0 0 0 0 14 14 0.00 0.00 0.00 0.00 1.00 0.00 0.00 255 255 1.00 0.00 0.01 0.00 0.00 0.00 0.00 0.00
1 0 236 5100 0 0 0 0 0 0 0 0 0 0 0 0 24 24 0.00 0.00 0.00 0.00 1.00 0.00 0.00 255 255 1.00 0.00 0.00 0.00 0.00 0.00 0.00 0.00
1 0 194 1707 0 0 0 0 0 0 0 0 0 0 0 0 10 10 0.00 0.00 0.00 0.00 1.00 0.00 0.00 255 255 1.00 0.00 0.00 0.00 0.00 0.00 0.00 0.00
1 0 211 3218 0 0 0 0 0 0 0 0 0 0 0 0 20 20 0.00 0.00 0.00 0.00 1.00 0.00 0.00 255 255 1.00 0.00 0.00 0.00 0.00 0.00 0.00 0.00
1 0 196 1337 0 0 0 0 0 0 0 0 0 0 0 0 30 30 0.00 0.00 0.00 0.00 1.00 0.00 0.00 255 255 1.00 0.00 0.00 0.00 0.00 0.00 0.00 0.00
1 0 216 1035 0 0 0 0 0 0 0 0 0 0 0 0 40 40 0.00 0.00 0.00 0.00 1.00 0.00 0.00 255 255 1.00 0.00 0.00 0.00 0.00 0.00 0.00 0.00
1 0 228 2242 0 0 0 0 0 0 0 0 0 0 0 0 6 8 0.00 0.00 0.00 0.00 1.00 0.00 0.25 255 255 1.00 0.00 0.00 0.00 0.00 0.00 0.00 0.00
1 0 198 609 0 0 0 0 0 0 0 0 0 0 0 0 7 7 0.00 0.00 0.00 0.00 1.00 0.00 0.00 255 255 1.00 0.00 0.00 0.00 0.00 0.00 0.00 0.00
1 0 200 2658 0 0 0 0 0 0 0 0 0 0 0 0 17 17 0.00 0.00 0.00 0.00 1.00 0.00 0.00 255 255 1.00 0.00 0.00 0.00 0.00 0.00 0.00 0.00
1 0 195 313 0 0 0 0 0 0 0 0 0 0 0 0 27 27 0.00 0.00 0.00 0.00 1.00 0.00 0.00 255 255 1.00 0.00 0.00 0.00 0.00 0.00 0.00 0.00
1 0 199 654 0 0 0 0 0 0 0 0 0 0 0 0 37 37 0.00 0.00 0.00 0.00 1.00 0.00 0.00 255 255 1.00 0.00 0.00 0.00 0.00 0.00 0.00 0.00
1 0 215 1985 0 0 0 0 0 0 0 0 0 0 0 0 6 6 0.00 0.00 0.00 0.00 1.00 0.00 0.00 255 255 1.00 0.00 0.00 0.00 0.00 0.00 0.00 0.00
1 0 220 3393 0 0 0 0 0 0 0 0 0 0 0 0 16 16 0.00 0.00 0.00 0.00 1.00 0.00 0.00 255 255 1.00 0.00 0.00 0.00 0.00 0.00 0.00 0.00
1 0 226 9703 0 0 0 0 0 0 0 0 0 0 0 0 21 21 0.00 0.00 0.00 0.00 1.00 0.00 0.00 255 255 1.00 0.00 0.00 0.00 0.00 0.00 0.00 0.00
1 0 231 10563 0 0 0 0 0 0 0 0 0 0 0 0 31 31 0.00 0.00 0.00 0.00 1.00 0.00 0.00 255 255 1.00 0.00 0.00 0.00 0.00 0.00 0.00 0.00
1 0 323 3518 0 0 0 0 0 0 0 0 0 0 0 0 3 4 0.00 0.00 0.00 0.00 1.00 0.00 0.50 255 255 1.00 0.00 0.00 0.00 0.00 0.00 0.00 0.00
1 0 311 2076 0 0 0 0 0 0 0 0 0 0 0 0 13 14 0.00 0.00 0.00 0.00 1.00 0.00 0.14 255 255 1.00 0.00 0.00 0.00 0.00 0.00 0.00 0.00
1 0 321 307 0 0 0 0 0 0 0 0 0 0 0 0 23 24 0.00 0.00 0.00 0.00 1.00 0.00 0.08 255 255 1.00 0.00 0.00 0.00 0.00 0.00 0.00 0.00
1 0 309 349 0 0 0 0 0 0 0 0 0 0 0 0 5 5 0.00 0.00 0.00 0.00 1.00 0.00 0.00 255 255 1.00 0.00 0.00 0.00 0.00 0.00 0.00 0.00
1 0 309 349 0 0 0 0 0 0 0 0 0 0 0 0 5 5 0.00 0.00 0.00 0.00 1.00 0.00 0.00 255 255 1.00 0.00 0.00 0.00 0.00 0.00 0.00 0.00
1 0 200 767 0 0 0 0 0 0 0 0 0 0 0 0 5 5 0.00 0.00 0.00 0.00 1.00 0.00 0.00 255 255 1.00 0.00 0.00 0.00 0.00 0.00 0.00 0.00
1 0 200 1726 0 0 0 0 0 0 0 0 0 0 0 0 15 15 0.00 0.00 0.00 0.00 1.00 0.00 0.00 255 255 1.00 0.00 0.00 0.00 0.00 0.00 0.00 0.00
1 0 196 17602 0 0 0 0 0 0 0 0 0 0 0 0 25 25 0.00 0.00 0.00 0.00 1.00 0.00 0.00 255 255 1.00 0.00 0.00 0.00 0.00 0.00 0.00 0.00
1 0 196 1337 0 0 0 0 0 0 0 0 0 0 0 0 35 35 0.00 0.00 0.00 0.00 1.00 0.00 0.00 255 255 1.00 0.00 0.00 0.00 0.00 0.00 0.00 0.00
1 0 228 5915 0 0 0 0 0 0 0 0 0 0 0 0 4 8 0.00 0.00 0.00 0.00 1.00 0.00 0.25 255 255 1.00 0.00 0.00 0.00 0.00 0.00 0.00 0.00
1 0 163 19707 0 0 0 0 0 0 0 0 0 0 0 0 2 3 0.00 0.00 0.00 0.00 1.00 0.00 0.67 255 255 1.00 0.00 0.00 0.00 0.00 0.00 0.00 0.00
1 0 226 1344 0 0 0 0 0 0 0 0 0 0 0 0 12 14 0.00 0.00 0.00 0.00 1.00 0.00 0.21 255 255 1.00 0.00 0.00 0.00 0.00 0.00 0.00 0.00
1 0 230 984 0 0 0 0 0 0 0 0 0 0 0 0 6 6 0.00 0.00 0.00 0.00 1.00 0.00 0.00 255 255 1.00 0.00 0.00 0.00 0.00 0.00 0.00 0.00
1 0 231 4700 0 0 0 0 0 0 0 0 0 0 0 0 16 16 0.00 0.00 0.00 0.00 1.00 0.00 0.00 255 255 1.00 0.00 0.00 0.00 0.00 0.00 0.00 0.00
1 0 229 2006 0 0 0 0 0 0 0 0 0 0 0 0 5 6 0.00 0.00 0.00 0.00 1.00 0.00 0.33 255 255 1.00 0.00 0.00 0.00 0.00 0.00 0.00 0.00
1 0 233 307 0 0 0 0 0 0 0 0 0 0 0 0 15 16 0.00 0.00 0.00 0.00 1.00 0.00 0.12 255 255 1.00 0.00 0.00 0.00 0.00 0.00 0.00 0.00
1 0 236 3271 0 0 0 0 0 0 0 0 0 0 0 0 25 26 0.00 0.00 0.00 0.00 1.00 0.00 0.08 255 255 1.00 0.00 0.00 0.00 0.00 0.00 0.00 0.00
1 0 223 337 0 0 0 0 0 0 0 0 0 0 0 0 1 1 0.00 0.00 0.00 0.00 1.00 0.00 0.00 255 255 1.00 0.00 0.00 0.00 0.00 0.00 0.00 0.00
1 0 207 313 0 0 0 0 0 0 0 0 0 0 0 0 1 1 0.00 0.00 0.00 0.00 1.00 0.00 0.00 255 255 1.00 0.00 0.00 0.00 0.00 0.00 0.00 0.00
1 0 212 259 0 0 0 0 0 0 0 0 0 0 0 0 7 8 0.00 0.00 0.00 0.00 1.00 0.00 0.25 255 255 1.00 0.00 0.00 0.00 0.00 0.00 0.00 0.00
1 0 214 12161 0 0 0 0 0 0 0 0 0 0 0 0 17 19 0.00 0.00 0.00 0.00 1.00 0.00 0.11 255 255 1.00 0.00 0.00 0.00 0.00 0.00 0.00 0.00
1 0 219 4624 0 0 0 0 0 0 0 0 0 0 0 0 27 29 0.00 0.00 0.00 0.00 1.00 0.00 0.07 255 255 1.00 0.00 0.00 0.00 0.00 0.00 0.00 0.00
1 0 211 313 0 0 0 0 0 0 0 0 0 0 0 0 37 39 0.00 0.00 0.00 0.00 1.00 0.00 0.05 255 255 1.00 0.00 0.00 0.00 0.00 0.00 0.00 0.00
1 0 212 924 0 0 0 0 0 0 0 0 0 0 0 0 7 7 0.00 0.00 0.00 0.00 1.00 0.00 0.00 255 255 1.00 0.00 0.00 0.00 0.00 0.00 0.00 0.00
1 0 216 2658 0 0 0 0 0 0 0 0 0 0 0 0 17 17 0.00 0.00 0.00 0.00 1.00 0.00 0.00 255 255 1.00 0.00 0.00 0.00 0.00 0.00 0.00 0.00
1 0 215 24860 0 0 0 0 0 0 0 0 0 0 0 0 27 27 0.00 0.00 0.00 0.00 1.00 0.00 0.00 255 255 1.00 0.00 0.00 0.00 0.00 0.00 0.00 0.00
1 0 227 3218 0 0 0 0 0 0 0 0 0 0 0 0 37 37 0.00 0.00 0.00 0.00 1.00 0.00 0.00 255 255 1.00 0.00 0.00 0.00 0.00 0.00 0.00 0.00
1 0 209 984 0 0 0 0 0 0 0 0 0 0 0 0 6 6 0.00 0.00 0.00 0.00 1.00 0.00 0.00 255 255 1.00 0.00 0.00 0.00 0.00 0.00 0.00 0.00
1 0 213 1035 0 0 0 0 0 0 0 0 0 0 0 0 16 16 0.00 0.00 0.00 0.00 1.00 0.00 0.00 255 255 1.00 0.00 0.00 0.00 0.00 0.00 0.00 0.00
1 0 207 7262 0 0 0 0 0 0 0 0 0 0 0 0 26 26 0.00 0.00 0.00 0.00 1.00 0.00 0.00 255 255 1.00 0.00 0.00 0.00 0.00 0.00 0.00 0.00
1 0 192 5732 0 0 0 0 0 0 0 0 0 0 0 0 36 36 0.00 0.00 0.00 0.00 1.00 0.00 0.00 255 255 1.00 0.00 0.00 0.00 0.00 0.00 0.00 0.00
1 0 222 6719 0 0 0 0 0 0 0 0 0 0 0 0 1 1 0.00 0.00 0.00 0.00 1.00 0.00 0.00 255 255 1.00 0.00 0.00 0.00 0.00 0.00 0.00 0.00
1 0 285 259 0 0 0 0 0 0 0 0 0 0 0 0 8 8 0.00 0.00 0.00 0.00 1.00 0.00 0.00 255 255 1.00 0.00 0.00 0.00 0.00 0.00 0.00 0.00
1 0 286 321 0 0 0 0 0 0 0 0 0 0 0 0 18 18 0.00 0.00 0.00 0.00 1.00 0.00 0.00 255 255 1.00 0.00 0.00 0.00 0.00 0.00 0.00 0.00
1 0 289 767 0 0 0 0 0 0 0 0 0 0 0 0 28 28 0.00 0.00 0.00 0.00 1.00 0.00 0.00 255 255 1.00 0.00 0.00 0.00 0.00 0.00 0.00 0.00
1 0 292 4624 0 0 0 0 0 0 0 0 0 0 0 0 38 38 0.00 0.00 0.00 0.00 1.00 0.00 0.00 255 255 1.00 0.00 0.00 0.00 0.00 0.00 0.00 0.00
1 0 315 845 0 0 0 0 0 0 0 0 0 0 0 0 6 6 0.00 0.00 0.00 0.00 1.00 0.00 0.00 255 255 1.00 0.00 0.00 0.00 0.00 0.00 0.00 0.00
1 0 319 9195 0 0 0 0 0 0 0 0 0 0 0 0 1 1 0.00 0.00 0.00 0.00 1.00 0.00 0.00 255 255 1.00 0.00 0.00 0.00 0.00 0.00 0.00 0.00
1 0 320 383 0 0 0 0 0 0 0 0 0 0 0 0 11 11 0.00 0.00 0.00 0.00 1.00 0.00 0.00 255 255 1.00 0.00 0.00 0.00 0.00 0.00 0.00 0.00
1 0 214 12161 0 0 0 0 0 0 0 0 0 0 0 0 3 3 0.00 0.00 0.00 0.00 1.00 0.00 0.00 255 255 1.00 0.00 0.00 0.00 0.00 0.00 0.00 0.00
1 0 213 2996 0 0 0 0 0 0 0 0 0 0 0 0 13 13 0.00 0.00 0.00 0.00 1.00 0.00 0.00 255 255 1.00 0.00 0.00 0.00 0.00 0.00 0.00 0.00
1 0 215 626 0 0 0 0 0 0 0 0 0 0 0 0 23 23 0.00 0.00 0.00 0.00 1.00 0.00 0.00 255 255 1.00 0.00 0.00 0.00 0.00 0.00 0.00 0.00
1 0 232 2019 0 0 0 0 0 0 0 0 0 0 0 0 33 33 0.00 0.00 0.00 0.00 1.00 0.00 0.00 255 255 1.00 0.00 0.00 0.00 0.00 0.00 0.00 0.00
1 0 222 313 0 0 0 0 0 0 0 0 0 0 0 0 3 3 0.00 0.00 0.00 0.00 1.00 0.00 0.00 255 255 1.00 0.00 0.00 0.00 0.00 0.00 0.00 0.00
1 0 212 924 0 0 0 0 0 0 0 0 0 0 0 0 9 9 0.00 0.00 0.00 0.00 1.00 0.00 0.00 255 255 1.00 0.00 0.00 0.00 0.00 0.00 0.00 0.00
1 0 219 4624 0 0 0 0 0 0 0 0 0 0 0 0 19 19 0.00 0.00 0.00 0.00 1.00 0.00 0.00 255 255 1.00 0.00 0.00 0.00 0.00 0.00 0.00 0.00
1 0 215 626 0 0 0 0 0 0 0 0 0 0 0 0 29 29 0.00 0.00 0.00 0.00 1.00 0.00 0.00 255 255 1.00 0.00 0.00 0.00 0.00 0.00 0.00 0.00
1 0 232 2019 0 0 0 0 0 0 0 0 0 0 0 0 39 39 0.00 0.00 0.00 0.00 1.00 0.00 0.00 255 255 1.00 0.00 0.00 0.00 0.00 0.00 0.00 0.00
1 0 314 315 0 0 0 0 0 0 0 0 0 0 0 0 7 7 0.00 0.00 0.00 0.00 1.00 0.00 0.00 255 255 1.00 0.00 0.00 0.00 0.00 0.00 0.00 0.00
1 0 316 626 0 0 0 0 0 0 0 0 0 0 0 0 17 17 0.00 0.00 0.00 0.00 1.00 0.00 0.00 255 255 1.00 0.00 0.00 0.00 0.00 0.00 0.00 0.00
1 0 317 706 0 0 0 0 0 0 0 0 0 0 0 0 27 27 0.00 0.00 0.00 0.00 1.00 0.00 0.00 255 255 1.00 0.00 0.00 0.00 0.00 0.00 0.00 0.00
1 0 317 2658 0 0 0 0 0 0 0 0 0 0 0 0 37 37 0.00 0.00 0.00 0.00 1.00 0.00 0.00 255 255 1.00 0.00 0.00 0.00 0.00 0.00 0.00 0.00
1 0 354 6332 0 0 0 0 0 0 0 0 0 0 0 0 6 6 0.00 0.00 0.00 0.00 1.00 0.00 0.00 255 255 1.00 0.00 0.00 0.00 0.00 0.00 0.00 0.00
1 0 217 12640 0 0 0 0 0 0 0 0 0 0 0 0 1 5 0.00 0.00 0.00 0.00 1.00 0.00 0.40 255 255 1.00 0.00 0.00 0.00 0.00 0.00 0.00 0.00
1 0 211 1707 0 0 0 0 0 0 0 0 0 0 0 0 11 15 0.00 0.00 0.00 0.00 1.00 0.00 0.13 255 255 1.00 0.00 0.00 0.00 0.00 0.00 0.00 0.00
1 0 216 654 0 0 0 0 0 0 0 0 0 0 0 0 21 25 0.00 0.00 0.00 0.00 1.00 0.00 0.08 255 255 1.00 0.00 0.00 0.00 0.00 0.00 0.00 0.00
1 0 214 321 0 0 0 0 0 0 0 0 0 0 0 0 31 35 0.00 0.00 0.00 0.00 1.00 0.00 0.06 255 255 1.00 0.00 0.00 0.00 0.00 0.00 0.00 0.00
1 0 191 1984 0 0 0 0 0 0 0 0 0 0 0 0 1 1 0.00 0.00 0.00 0.00 1.00 0.00 0.00 255 255 1.00 0.00 0.00 0.00 0.00 0.00 0.00 0.00
1 0 205 1691 0 0 0 0 0 0 0 0 0 0 0 0 5 5 0.00 0.00 0.00 0.00 1.00 0.00 0.00 5 255 1.00 0.00 0.20 0.02 0.00 0.00 0.00 0.00
1 0 203 3867 0 0 0 0 0 0 0 0 0 0 0 0 15 15 0.00 0.00 0.00 0.00 1.00 0.00 0.00 15 255 1.00 0.00 0.07 0.02 0.00 0.00 0.00 0.00
1 0 204 2993 0 0 0 0 0 0 0 0 0 0 0 0 9 9 0.00 0.00 0.00 0.00 1.00 0.00 0.00 25 255 1.00 0.00 0.04 0.02 0.00 0.00 0.00 0.00
1 0 278 8478 0 0 0 0 0 0 0 0 0 0 0 0 1 1 0.00 0.00 0.00 0.00 1.00 0.00 0.00 2 255 1.00 0.00 0.50 0.02 0.00 0.00 0.00 0.00
1 0 293 4203 0 0 0 0 0 0 0 0 0 0 0 0 4 9 0.00 0.00 0.00 0.00 1.00 0.00 0.56 8 255 1.00 0.00 0.12 0.02 0.00 0.00 0.00 0.00
1 0 343 1847 0 0 0 0 0 0 0 0 0 0 0 0 4 4 0.00 0.00 0.00 0.00 1.00 0.00 0.00 4 255 1.00 0.00 0.25 0.04 0.00 0.00 0.00 0.00
1 1 1572 328 0 0 0 0 0 0 0 0 0 0 0 0 1 3 0.00 0.00 0.00 0.00 1.00 0.00 1.00 6 6 1.00 0.00 0.17 0.00 0.00 0.00 0.00 0.00
1 1 1505 329 0 0 0 0 0 0 0 0 0 0 2 0 1 2 0.00 0.00 0.00 0.00 1.00 0.00 1.00 16 16 1.00 0.00 0.06 0.00 0.00 0.00 0.00 0.00
1 0 780 326 0 0 0 0 0 0 0 0 0 0 0 0 1 1 0.00 0.00 0.00 0.00 1.00 0.00 0.00 26 25 0.96 0.08 0.04 0.00 0.00 0.00 0.00 0.00
1 0 2560 332 0 0 0 0 0 0 0 0 0 0 0 0 1 2 0.00 0.00 0.00 0.00 1.00 0.00 1.00 36 35 0.97 0.06 0.03 0.00 0.00 0.00 0.00 0.00
1 1 695 328 0 0 0 0 0 0 0 0 0 0 0 0 1 2 0.00 0.00 0.00 0.00 1.00 0.00 1.00 46 45 0.98 0.04 0.02 0.00 0.00 0.00 0.00 0.00
1 1 4173 324 0 0 0 0 0 0 0 0 0 0 0 0 1 4 0.00 0.00 0.00 0.00 1.00 0.00 1.00 56 55 0.98 0.04 0.02 0.00 0.00 0.00 0.00 0.00
1 1 1917 366 0 0 0 0 0 0 0 0 0 0 0 0 1 3 0.00 0.00 0.00 0.00 1.00 0.00 1.00 66 63 0.95 0.03 0.02 0.00 0.00 0.00 0.00 0.00
1 1 1135 364 0 0 0 0 0 0 0 0 0 0 0 0 1 3 0.00 0.00 0.00 0.00 1.00 0.00 1.00 76 72 0.95 0.03 0.01 0.00 0.00 0.00 0.00 0.00
1 1 1124 326 0 0 0 0 0 0 0 0 0 0 0 0 1 4 0.00 0.00 0.00 0.00 1.00 0.00 1.00 86 81 0.94 0.02 0.01 0.00 0.00 0.00 0.00 0.00
